row,user_id,route_id,setter,date,grade_id,dev,pred,pred_display,u,u_kept,n_climber,n_route,route_prior_mean,route_same_dir_prior,route_same_dir_later,route_n_later,climber_same_dir_rate,cause
734,83386,20741,87534,2018-09-03 17:38:14,20,-1.0,-0.04471194252171362,-0.0,0.029709981213830318,False,77,1,0.0,0.0,0.0,3.0,0.025974025974025976,"Lone dissent, no signal anywhere"
2591,85701,21557,76774,2018-09-11 15:19:40,6,3.0,0.07863996404295337,0.0,0.04855021414218902,False,90,0,0.0,0.0,15.0,15.0,0.05555555555555555,"New route, no community evidence"
2795,68474,20732,87536,2018-09-12 19:47:55,16,-2.0,-0.08316621222830457,-0.0,-0.04264685308103712,False,16,3,0.0,0.0,1.0,3.0,0.25,"Early dissent, confirmed later"
3395,87534,20704,85701,2018-09-15 05:05:15,18,1.0,-0.04402982362842896,-0.0,-0.010742951840476703,False,26,7,0.0,0.0,0.0,2.0,0.0,"Lone dissent, no signal anywhere"
4157,66757,22076,87537,2018-09-18 23:54:11,16,3.0,1.1893921142928423,1.0,-0.022175372428664186,False,27,2,3.0,2.0,15.0,16.0,0.0,"Right direction, too few steps"
4177,87534,22074,87537,2018-09-19 01:00:00,18,-1.0,-0.40237159671653333,-0.0,0.006250200089425412,False,27,2,-1.0,2.0,19.0,19.0,0.07407407407407407,"Right direction, too cautious to show"
4363,87534,22076,87537,2018-09-19 22:57:00,16,3.0,1.4860221025433853,1.0,-0.002538452744232847,False,28,3,3.0,3.0,14.0,15.0,0.03571428571428571,"Right direction, too few steps"
7352,66757,23338,87534,2018-10-02 01:00:00,18,-1.0,-0.10775599679319053,-0.0,-0.0085396209923029,False,29,0,0.0,0.0,0.0,15.0,0.10344827586206896,"New route, no community evidence"
7353,66757,23345,87724,2018-10-02 01:00:00,19,-1.0,-0.10483451063813456,-0.0,-0.0085396209923029,False,29,0,0.0,0.0,0.0,8.0,0.10344827586206896,"New route, no community evidence"
7354,66757,23348,87724,2018-10-02 01:00:00,20,-1.0,-0.11671928301178039,-0.0,-0.0085396209923029,False,29,0,0.0,0.0,0.0,6.0,0.10344827586206896,"New route, no community evidence"
7643,87368,19303,79945,2018-10-03 00:12:18,17,-1.0,-0.08412732657366866,-0.0,-0.03354618971147794,False,21,3,0.0,0.0,0.0,7.0,0.14285714285714285,"Right direction, too cautious to show"
7646,87368,23227,11059,2018-10-03 00:13:30,16,-1.0,-0.09520184324437944,-0.0,-0.0448652196971958,False,24,0,0.0,0.0,0.0,8.0,0.16666666666666666,"New route, no community evidence"
7826,66757,23341,87534,2018-10-03 16:08:42,20,-2.0,-0.1610572377253734,-0.0,-0.04107775508256566,False,33,0,0.0,0.0,0.0,11.0,0.18181818181818182,"New route, no community evidence"
7829,68474,21787,76774,2018-10-03 16:19:05,19,-1.0,-0.18139775035117953,-0.0,-0.07310315350366028,False,17,8,-0.125,1.0,0.0,9.0,0.29411764705882354,"Right direction, too cautious to show"
7834,68474,22080,85701,2018-10-03 16:22:41,10,3.0,2.1039598524075545,2.0,-0.09122397035158457,True,19,8,3.0,8.0,13.0,14.0,0.0,"Right direction, too few steps"
7835,68474,23340,87534,2018-10-03 16:23:19,19,-1.0,-0.18157984408409047,-0.0,-0.07627991559896102,False,20,1,0.0,0.0,0.0,10.0,0.35,"Right direction, too cautious to show"
8586,89679,23507,83009,2018-10-05 21:07:42,15,-1.0,-0.01528608619989551,-0.0,0.0113609165377212,False,62,0,0.0,0.0,0.0,8.0,0.0,"New route, no community evidence"
8590,89679,23509,83009,2018-10-05 21:09:08,14,1.0,-0.025433096157617165,-0.0,0.002293457700953754,False,66,0,0.0,0.0,0.0,13.0,0.0,"New route, no community evidence"
10100,89227,23628,87724,2018-10-10 00:21:23,14,-2.0,0.009116047162243152,0.0,0.039975427731830715,False,29,0,0.0,0.0,3.0,17.0,0.1724137931034483,"New route, no community evidence"
10309,24895,22839,31979,2018-10-10 20:29:19,13,-1.0,-0.2808224843292562,-0.0,0.014586299123609528,False,25,1,-1.0,1.0,1.0,7.0,0.0,"Right direction, too cautious to show"
10665,5386,23568,62909,2018-10-11 20:57:02,14,1.0,0.08680108190887359,0.0,0.07334117577167991,False,22,0,0.0,0.0,0.0,8.0,0.18181818181818182,"New route, no community evidence"
10667,5386,21703,82638,2018-10-11 20:57:39,16,-1.0,0.05966202944304587,0.0,0.09188057328410286,True,24,2,0.0,0.0,1.0,9.0,0.0,Other
10858,94577,22704,81575,2018-10-12 04:37:51,15,-1.0,-0.016588295104753136,-0.0,0.011010849848884055,False,16,1,0.0,0.0,0.0,2.0,0.0,"Lone dissent, no signal anywhere"
10932,85850,23745,66603,2018-10-12 13:47:29,14,-1.0,-0.10166239456688922,-0.0,-0.08936406089744915,True,32,1,0.0,0.0,0.0,12.0,0.125,"Right direction, too cautious to show"
11032,85850,17822,66603,2018-10-12 19:31:29,13,-1.0,-0.09654541943421191,-0.0,-0.09997819318462436,True,34,8,0.0,1.0,0.0,13.0,0.14705882352941177,"Right direction, too cautious to show"
12448,89799,23595,37417,2018-10-17 17:42:25,12,-2.0,-0.837520904936776,-1.0,-0.03980149556950948,False,36,2,-2.0,2.0,0.0,17.0,0.1111111111111111,"Right direction, too few steps"
12728,94705,23660,89286,2018-10-18 14:00:16,12,1.0,0.026416647109913087,0.0,0.03010457840873219,False,29,5,0.0,0.0,1.0,8.0,0.034482758620689655,"Right direction, too cautious to show"
13506,78375,23358,62911,2018-10-20 09:07:36,6,1.0,0.23799348426113998,0.0,0.00016336876483665034,False,50,3,0.3333333333333333,2.0,14.0,14.0,0.04,"Right direction, too cautious to show"
13929,93838,21976,41691,2018-10-21 16:28:58,11,1.0,0.08934419382347833,0.0,0.07848474869419862,False,17,6,0.0,0.0,0.0,35.0,0.35294117647058826,"Right direction, too cautious to show"
13986,76757,20554,80418,2018-10-21 19:25:57,22,1.0,-0.08627732823920005,-0.0,0.005728365613917049,False,24,1,0.0,0.0,0.0,0.0,0.0,"Lone dissent, no signal anywhere"
15901,91692,24291,87534,2018-10-26 23:39:23,17,-3.0,-1.246403777019242,-1.0,0.032260079853520265,False,47,2,-3.0,2.0,7.0,12.0,0.02127659574468085,"Right direction, too few steps"
17541,97424,22242,89288,2018-10-30 19:09:29,8,2.0,0.06616966394315145,0.0,0.037878631245433385,False,21,2,0.0,0.0,0.0,1.0,0.047619047619047616,"Lone dissent, no signal anywhere"
18157,87709,24050,31979,2018-10-31 21:46:38,21,1.0,-0.10362334611274078,-0.0,-0.004581928866088756,False,22,0,0.0,0.0,0.0,0.0,0.045454545454545456,"New route, no community evidence"
18365,80912,17556,79690,2018-11-01 10:13:55,13,1.0,0.43867071299597443,0.0,-0.07772346365915657,False,18,6,0.8333333333333334,5.0,1.0,6.0,0.16666666666666666,"Right direction, too cautious to show"
18392,92879,22787,82212,2018-11-01 10:58:09,17,-1.0,-0.44906777856794666,-0.0,0.008143170372156401,False,19,4,-0.75,3.0,0.0,1.0,0.0,"Right direction, too cautious to show"
19133,88692,18086,81643,2018-11-02 22:00:34,15,-1.0,-0.09212864455157345,-0.0,-0.07927217666828845,False,24,12,0.0,0.0,0.0,1.0,0.25,"Right direction, too cautious to show"
19518,50737,24840,82212,2018-11-03 17:52:36,16,2.0,0.01047856992644576,0.0,0.027914189345972742,False,21,3,0.0,0.0,3.0,7.0,0.0,"Early dissent, confirmed later"
20673,97119,24236,86757,2018-11-06 21:00:47,12,1.0,0.2865437193063788,0.0,0.023124595711306834,False,33,5,0.4,2.0,1.0,5.0,0.030303030303030304,"Right direction, too cautious to show"
21651,91157,24822,91145,2018-11-08 22:59:13,13,-1.0,0.04472154714961038,0.0,0.041298881826655434,False,22,2,0.0,0.0,0.0,8.0,0.0,"Lone dissent, no signal anywhere"
22032,97497,25386,35109,2018-11-09 21:37:16,12,-2.0,-0.9884155486804101,-1.0,0.026160462295158626,False,36,3,-2.0,3.0,8.0,14.0,0.0,"Right direction, too few steps"
22604,97119,19329,79945,2018-11-11 14:03:46,12,-2.0,-0.12915882388576366,-0.0,0.03200314911915149,False,38,10,-0.2,1.0,0.0,11.0,0.0,"Right direction, too cautious to show"
22606,97119,23889,86753,2018-11-11 14:04:49,13,-1.0,-0.31793894636802306,-0.0,0.007919771138589871,False,40,9,-0.4444444444444444,3.0,0.0,13.0,0.025,"Right direction, too cautious to show"
24588,37058,15484,57680,2018-11-16 13:49:36,6,-2.0,0.0014590228234710317,0.0,-0.02461643414889883,False,24,4,0.0,0.0,0.0,0.0,0.041666666666666664,"Lone dissent, no signal anywhere"
24732,91692,22081,85701,2018-11-16 19:20:07,17,3.0,1.7331185581121953,2.0,0.01634472714718947,False,54,4,3.0,4.0,3.0,4.0,0.037037037037037035,"Right direction, too few steps"
25387,56541,23746,35109,2018-11-18 15:10:30,17,-1.0,-0.1841642386288812,-0.0,-0.11541910357856171,True,18,2,0.0,0.0,0.0,5.0,0.3888888888888889,"Right direction, too cautious to show"
25388,56541,23555,35109,2018-11-18 15:10:53,13,1.0,-0.025314019777974667,-0.0,-0.12921252747046022,True,19,5,0.2,1.0,0.0,5.0,0.21052631578947367,Evidence pointed the other way
27036,53962,26248,62911,2018-11-22 19:47:33,14,-3.0,-1.5151622616671263,-2.0,-0.0474151780794336,False,48,3,-3.0,3.0,1.0,10.0,0.0625,"Right direction, too few steps"
27508,93920,19412,59023,2018-11-23 21:09:26,20,1.0,0.3931959833119454,0.0,0.019266013828193596,False,30,4,0.75,3.0,0.0,0.0,0.03333333333333333,"Right direction, too cautious to show"
27758,51966,23603,43301,2018-11-24 13:39:08,12,1.0,-0.0699508387949445,-0.0,-0.07242398040187782,True,47,25,0.0,0.0,0.0,22.0,0.0425531914893617,"Lone dissent, no signal anywhere"
27905,78125,26107,50737,2018-11-24 22:59:01,6,1.0,0.3325852538760893,0.0,0.041481647348760704,False,33,1,1.0,1.0,12.0,12.0,0.030303030303030304,"Right direction, too cautious to show"
28073,90146,24544,86035,2018-11-25 13:46:49,10,-1.0,0.008688538784754039,0.0,-0.011354354820551308,False,29,5,0.0,0.0,0.0,12.0,0.034482758620689655,"Lone dissent, no signal anywhere"
28093,90146,20102,86034,2018-11-25 14:14:54,10,-1.0,0.0037370526880307203,0.0,-0.025658261693558004,False,31,10,0.0,0.0,0.0,1.0,0.06451612903225806,"Lone dissent, no signal anywhere"
28527,73727,22917,69406,2018-11-26 10:29:10,6,1.0,0.3382036378159095,0.0,0.003021341566585842,False,40,1,1.0,1.0,1.0,1.0,0.025,"Right direction, too cautious to show"
28546,91140,26511,91140,2018-11-26 12:47:54,15,1.0,-0.030244768340222532,-0.0,-0.0023342624645900385,False,28,0,0.0,0.0,0.0,3.0,0.03571428571428571,"New route, no community evidence"
28620,53962,15536,46645,2018-11-26 18:25:32,6,1.0,0.008691255593062122,0.0,-0.060621772509438,False,51,0,0.0,0.0,2.0,3.0,0.058823529411764705,"New route, no community evidence"
28745,26688,26043,37430,2018-11-26 23:44:19,10,-2.0,-0.048380351481649195,-0.0,-0.037369765063970196,False,19,5,0.0,0.0,1.0,14.0,0.10526315789473684,"Right direction, too cautious to show"
29076,43145,24379,37417,2018-11-27 23:20:36,21,-1.0,-0.08853727352699553,-0.0,-0.026687553412195215,False,29,4,0.0,0.0,0.0,1.0,0.034482758620689655,"Lone dissent, no signal anywhere"
29120,72266,26629,69404,2018-11-28 01:27:41,10,2.0,0.060731302331604786,0.0,0.001224985555744855,False,26,0,0.0,0.0,1.0,6.0,0.0,"New route, no community evidence"
29597,97720,27070,89289,2018-11-29 14:19:35,16,-1.0,0.020733618675179026,0.0,-0.006814642096001023,False,25,0,0.0,0.0,1.0,17.0,0.04,"New route, no community evidence"
29963,78009,26522,62913,2018-11-30 13:23:02,11,-2.0,-1.1348167110802247,-1.0,0.028140647096853273,False,45,3,-2.3333333333333335,3.0,2.0,18.0,0.0,"Right direction, too few steps"
30099,88547,18754,82619,2018-11-30 20:33:09,10,1.0,-0.04782754285159282,-0.0,-0.1136773792485497,True,17,13,0.07692307692307693,1.0,1.0,14.0,0.17647058823529413,Evidence pointed the other way
30104,88547,23576,82621,2018-11-30 21:00:15,6,1.0,0.20706603083152425,0.0,-0.09504088683450686,True,19,12,0.3333333333333333,7.0,9.0,18.0,0.21052631578947367,"Right direction, too cautious to show"
30147,100242,26896,37417,2018-11-30 22:33:04,16,-1.0,-0.3349255978013821,-0.0,-0.015014359894712042,False,24,1,-1.0,1.0,4.0,9.0,0.08333333333333333,"Right direction, too cautious to show"
31567,27081,23507,83009,2018-12-04 19:25:03,15,1.0,-0.01778103871900185,-0.0,-0.004141644080871246,False,56,5,0.0,1.0,1.0,3.0,0.0,Other
33235,88777,27036,85986,2018-12-08 19:33:41,6,1.0,0.4350593138738157,0.0,-0.012348964330285215,False,27,2,1.0,2.0,15.0,20.0,0.0,"Right direction, too cautious to show"
33286,24681,27659,32984,2018-12-08 20:49:17,18,-2.0,-0.3010764432088208,-0.0,-0.22565402754045094,True,36,0,0.0,0.0,0.0,8.0,0.5277777777777778,"New route, no community evidence"
33289,24681,27405,37417,2018-12-08 20:50:13,17,-1.0,-0.0890703935957461,-0.0,-0.24381100415373716,True,38,2,0.5,0.0,0.0,11.0,0.5263157894736842,Evidence pointed the other way
33491,94868,25004,89288,2018-12-09 11:22:09,15,1.0,0.2609384011460329,0.0,0.0634663918378531,False,16,16,0.25,4.0,0.0,0.0,0.1875,"Right direction, too cautious to show"
33816,21667,27654,73668,2018-12-09 20:10:25,13,-1.0,-0.32272921256721326,-0.0,0.015696864819131556,False,23,3,-0.6666666666666666,2.0,3.0,18.0,0.08695652173913043,"Right direction, too cautious to show"
35236,80132,27386,69702,2018-12-13 16:18:31,6,1.0,0.46283020593765944,0.0,0.014977268303346713,False,33,6,0.6666666666666666,5.0,2.0,2.0,0.0,"Right direction, too cautious to show"
35626,59150,27904,71304,2018-12-14 18:47:49,15,-1.0,-0.028101485165092373,-0.0,-0.04191233115186067,False,122,2,0.0,0.0,0.0,7.0,0.01639344262295082,"Lone dissent, no signal anywhere"
35672,22268,27817,11941,2018-12-14 20:14:19,16,-1.0,-0.002150864961953304,-0.0,0.009949879285602816,False,46,4,0.0,0.0,3.0,20.0,0.06521739130434782,"Right direction, too cautious to show"
35769,82065,27977,73643,2018-12-14 22:58:05,6,1.0,0.14320282303476747,0.0,0.059377637418323824,False,29,0,0.0,0.0,4.0,4.0,0.2413793103448276,"New route, no community evidence"
36035,51966,28071,38040,2018-12-16 00:00:00,15,-1.0,-0.10035801866508304,-0.0,-0.056263203619966215,False,49,1,0.0,0.0,1.0,37.0,0.16326530612244897,"Right direction, too cautious to show"
36599,74990,27305,35109,2018-12-17 06:38:03,15,-1.0,-0.2867779095163885,-0.0,0.0536842872110109,False,36,4,-0.5,3.0,2.0,7.0,0.0,"Right direction, too cautious to show"
36882,45396,8510,38028,2018-12-18 00:00:00,14,1.0,-0.0031331991024460114,-0.0,-0.0006387208778432194,False,102,0,0.0,0.0,0.0,0.0,0.0,"New route, no community evidence"
37236,82065,28514,91567,2018-12-19 00:00:00,6,1.0,0.14428100808175787,0.0,0.06483351897255184,False,31,0,0.0,0.0,8.0,8.0,0.25806451612903225,"New route, no community evidence"
37237,82065,28512,91567,2018-12-19 00:00:00,6,1.0,0.14428100808175787,0.0,0.06483351897255184,False,31,0,0.0,0.0,9.0,9.0,0.25806451612903225,"New route, no community evidence"
37387,103137,27426,69404,2018-12-19 15:37:41,19,-1.0,-0.221426242958066,-0.0,-0.004495435643239901,False,22,3,-0.3333333333333333,1.0,3.0,7.0,0.0,"Right direction, too cautious to show"
37453,60687,28043,66603,2018-12-19 19:00:59,14,-1.0,0.3381181093066723,0.0,0.010928414578292085,False,52,2,1.0,0.0,0.0,13.0,0.0,"Lone dissent, no signal anywhere"
37958,87695,18357,82212,2018-12-20 21:26:50,9,1.0,0.033984747184150184,0.0,0.003452778729796383,False,26,9,0.0,0.0,0.0,3.0,0.07692307692307693,"Lone dissent, no signal anywhere"
38363,86311,27876,82622,2018-12-21 19:22:48,9,-1.0,-0.48689096636510654,-0.0,-0.0324794651010831,False,23,5,-0.8,4.0,13.0,32.0,0.08695652173913043,"Right direction, too cautious to show"
38442,90830,28220,79690,2018-12-21 21:13:41,13,-1.0,-0.10641579203368601,-0.0,-0.009494064639832643,False,16,2,0.0,0.0,1.0,4.0,0.125,"Early dissent, confirmed later"
39090,89271,21041,87541,2018-12-23 18:45:40,6,2.0,0.4632994645957488,0.0,0.03488766270227921,False,44,2,1.0,2.0,1.0,1.0,0.2727272727272727,"Right direction, too cautious to show"
39092,89271,21043,87541,2018-12-23 18:46:27,16,-2.0,0.22618485766265695,0.0,0.05163740752523128,False,46,2,0.5,0.0,0.0,1.0,0.17391304347826086,Evidence pointed the other way
39093,89271,24469,87541,2018-12-23 18:46:57,11,1.0,0.023187149113184008,0.0,0.02571487879931781,False,47,1,0.0,0.0,0.0,0.0,0.2765957446808511,"Right direction, too cautious to show"
39094,89271,24473,87541,2018-12-23 18:47:12,12,1.0,0.0321801255923464,0.0,0.03630685024755181,False,48,1,0.0,0.0,0.0,1.0,0.2916666666666667,"Right direction, too cautious to show"
39098,89271,25389,76774,2018-12-23 18:48:33,6,2.0,0.15644645253287298,0.0,0.04463993335123168,False,52,0,0.0,0.0,0.0,0.0,0.28846153846153844,"New route, no community evidence"
39559,100211,28139,87035,2018-12-26 16:50:54,13,-1.0,0.049672447080892565,0.0,0.026416282438036665,False,18,0,0.0,0.0,4.0,4.0,0.0,"New route, no community evidence"
39619,21897,21548,64517,2018-12-26 20:52:38,17,-1.0,-0.12743969177669096,-0.0,-0.010072475645456505,False,28,0,0.0,0.0,1.0,2.0,0.10714285714285714,"New route, no community evidence"
39620,21897,27219,64517,2018-12-26 20:53:02,17,1.0,-0.14786030406747103,-0.0,-0.02271034650664305,False,29,0,0.0,0.0,0.0,2.0,0.0,"New route, no community evidence"
40039,54999,27094,55752,2018-12-28 18:27:25,14,2.0,0.16852154759870208,0.0,0.006834503623263134,False,70,4,0.25,1.0,0.0,4.0,0.0,"Right direction, too cautious to show"
40253,19219,28563,37417,2018-12-29 13:53:17,12,-2.0,-0.7812529894703564,-1.0,-0.004201305825194361,False,16,2,-2.0,2.0,1.0,1.0,0.0625,"Right direction, too few steps"
40254,19219,28564,37417,2018-12-29 13:53:22,8,-3.0,-1.175292077474842,-1.0,-0.02558681794910268,False,17,2,-3.0,2.0,0.0,2.0,0.11764705882352941,"Right direction, too few steps"
40394,24681,27204,72763,2018-12-29 19:19:30,22,-2.0,-0.34706696458202735,-0.0,-0.26037138684164274,True,40,0,0.0,0.0,2.0,2.0,0.525,"New route, no community evidence"
40602,81189,26315,82623,2018-12-30 17:03:05,15,-3.0,-2.4846916050134173,-2.0,0.05460473866346731,False,20,18,-2.9444444444444446,18.0,16.0,16.0,0.0,"Right direction, too few steps"
41053,87695,26273,82214,2019-01-01 20:56:16,14,1.0,0.15482007516793378,0.0,0.01555534612846566,False,27,5,0.2,1.0,0.0,3.0,0.1111111111111111,"Right direction, too cautious to show"
41144,24681,27404,37428,2019-01-02 11:38:45,18,-2.0,-0.3545951458153142,-0.0,-0.27031261755226915,True,42,2,0.0,0.0,2.0,2.0,0.5238095238095238,"Early dissent, confirmed later"
41197,35420,26093,761,2019-01-02 16:06:59,8,1.0,-0.028355045533808396,-0.0,-0.09812359390575305,True,17,1,0.0,0.0,0.0,6.0,0.0,"Lone dissent, no signal anywhere"
41198,35420,19884,18993,2019-01-02 16:07:37,10,-1.0,-0.031521195476995,-0.0,-0.08045966612974226,False,18,2,0.0,0.0,0.0,1.0,0.2222222222222222,"Right direction, too cautious to show"
41662,87695,28427,49641,2019-01-03 17:12:45,11,-1.0,-0.008686574788987978,-0.0,0.0069034505651725244,False,31,2,0.0,1.0,1.0,19.0,0.06451612903225806,"Right direction, too cautious to show"
42406,100211,28145,87035,2019-01-04 23:31:39,9,-1.0,0.07861306533228732,0.0,0.004747315854026044,False,21,0,0.0,0.0,6.0,7.0,0.047619047619047616,"New route, no community evidence"
43404,94572,25317,89289,2019-01-07 10:15:44,10,2.0,0.7313916252173231,1.0,0.024317520025479447,False,23,16,0.8125,6.0,1.0,2.0,0.043478260869565216,"Right direction, too few steps"
44563,1087,29350,59024,2019-01-09 22:41:31,13,-1.0,-0.2588514219117486,-0.0,0.004532145003238893,False,20,1,-1.0,1.0,1.0,30.0,0.0,"Right direction, too cautious to show"
45036,24681,29306,38106,2019-01-10 22:49:50,21,-1.0,-0.3861159615345608,-0.0,-0.28687360039808646,True,44,0,0.0,0.0,0.0,3.0,0.5227272727272727,"New route, no community evidence"
46414,15206,26973,91143,2019-01-14 02:42:21,14,-2.0,-0.22835626145167914,-0.0,-0.2220372774476663,True,23,15,0.0,0.0,0.0,4.0,0.391304347826087,"Right direction, too cautious to show"
46442,60547,29515,56345,2019-01-14 07:19:54,13,-1.0,-0.056818721490239636,-0.0,-0.05412367993099569,False,51,0,0.0,0.0,0.0,1.0,0.0784313725490196,"New route, no community evidence"
47244,94336,27983,89288,2019-01-16 08:48:37,13,-3.0,-0.01869688440322176,-0.0,-0.02058645241132592,False,18,3,0.0,0.0,0.0,2.0,0.1111111111111111,"Right direction, too cautious to show"
47245,94336,29554,89293,2019-01-16 08:49:24,6,-2.0,-0.8482725031983329,-1.0,-0.07112313539217523,False,19,2,-2.0,2.0,0.0,5.0,0.15789473684210525,"Right direction, too few steps"
47772,54999,30169,54483,2019-01-17 14:36:02,8,-2.0,0.01756639367965783,0.0,0.023637606317510752,False,71,0,0.0,0.0,7.0,19.0,0.0,"New route, no community evidence"
47922,99164,29969,71442,2019-01-17 19:50:37,6,1.0,0.2646821082416579,0.0,-0.021605105624540374,False,39,1,1.0,1.0,6.0,6.0,0.1282051282051282,"Right direction, too cautious to show"
47923,99164,29974,69702,2019-01-17 19:51:14,6,1.0,0.3078459957519026,0.0,-0.012413104086897261,False,40,1,1.0,1.0,7.0,7.0,0.15,"Right direction, too cautious to show"
48029,72437,30105,70048,2019-01-17 21:49:40,14,1.0,0.013703295926425697,0.0,0.012480618327261184,False,26,1,0.0,0.0,0.0,9.0,0.0,"Lone dissent, no signal anywhere"
48031,72437,30100,70048,2019-01-17 21:50:24,10,3.0,0.07205442221736275,0.0,0.02708023880264351,False,28,1,0.0,0.0,1.0,10.0,0.03571428571428571,"Right direction, too cautious to show"
48032,72437,30001,100870,2019-01-17 21:51:02,13,-3.0,0.08689508741195821,0.0,0.06965471436677566,False,29,1,0.0,0.0,0.0,18.0,0.0,"Lone dissent, no signal anywhere"
48378,54999,30189,9291,2019-01-18 14:38:16,12,-2.0,-0.5155418026808187,-1.0,0.01201741496193253,False,75,1,-2.0,1.0,4.0,11.0,0.013333333333333334,"Right direction, too few steps"
48923,103435,30138,62844,2019-01-19 17:48:48,16,1.0,-0.022991268135847197,-0.0,0.006258878169580666,False,19,0,0.0,0.0,0.0,5.0,0.05263157894736842,"New route, no community evidence"
49173,54929,30169,54483,2019-01-20 12:48:42,8,-2.0,-1.2573072068857238,-1.0,0.01099591759624026,False,26,5,-2.0,5.0,2.0,14.0,0.0,"Right direction, too few steps"
49196,54929,30166,54483,2019-01-20 12:58:49,19,-1.0,-0.3872688017233568,-0.0,0.0007086785998854501,False,29,1,-1.0,1.0,3.0,10.0,0.034482758620689655,"Right direction, too cautious to show"
50510,80052,30569,59023,2019-01-23 17:29:49,15,1.0,0.05473277490317985,0.0,0.017727142908029195,False,22,4,0.0,0.0,0.0,34.0,0.0,"Lone dissent, no signal anywhere"
50615,40618,30333,37759,2019-01-23 20:42:44,14,2.0,-0.034993927881700804,-0.0,-0.08990444689606235,True,24,1,0.0,0.0,1.0,4.0,0.0,"Early dissent, confirmed later"
51101,86210,30949,82620,2019-01-24 22:16:11,9,-1.0,-0.4101457449812978,-0.0,0.007773781946504931,False,22,4,-0.75,3.0,13.0,29.0,0.09090909090909091,"Right direction, too cautious to show"
51102,86210,23576,82621,2019-01-24 22:16:28,6,1.0,0.18673067000164936,0.0,-0.00948855316762841,False,23,20,0.2,10.0,6.0,10.0,0.08695652173913043,"Right direction, too cautious to show"
51355,44522,30539,70815,2019-01-25 14:42:07,6,-1.0,0.08496213971267896,0.0,0.003518602153254065,False,26,0,0.0,0.0,4.0,9.0,0.0,"New route, no community evidence"
51356,44522,26876,87145,2019-01-25 14:42:30,6,-1.0,-0.2188086404490066,-0.0,-0.012682993901106915,False,27,2,-0.5,1.0,3.0,6.0,0.037037037037037035,"Right direction, too cautious to show"
51357,44522,27438,92071,2019-01-25 14:43:30,8,2.0,1.2775191904371763,1.0,-0.024081607020577697,False,28,5,2.0,5.0,2.0,4.0,0.03571428571428571,"Right direction, too few steps"
51359,44522,23512,70815,2019-01-25 14:44:43,8,-2.0,-1.2112009501524523,-1.0,-0.013494857688503949,False,29,10,-1.6,8.0,0.0,1.0,0.06896551724137931,"Right direction, too few steps"
51466,86515,31209,11059,2019-01-25 17:37:06,15,1.0,0.19096891226298252,0.0,-0.03952050956256672,False,47,1,1.0,1.0,7.0,7.0,0.0,"Right direction, too cautious to show"
51617,98229,31244,69406,2019-01-25 22:05:00,12,1.0,0.029804490415321218,0.0,-0.00851956983005979,False,23,0,0.0,0.0,0.0,8.0,0.0,"New route, no community evidence"
51619,98229,31247,69406,2019-01-25 22:05:46,14,1.0,0.02209297780907928,0.0,0.006634878914689675,False,24,0,0.0,0.0,0.0,1.0,0.041666666666666664,"New route, no community evidence"
51720,106972,30709,71442,2019-01-25 23:39:48,14,1.0,0.26261418600872977,0.0,0.029374023759394716,False,20,1,1.0,1.0,3.0,3.0,0.1,"Right direction, too cautious to show"
51749,64347,26578,66386,2019-01-26 00:00:00,16,1.0,0.34339003564848253,0.0,0.0036629213490635974,False,69,5,0.6,3.0,0.0,3.0,0.057971014492753624,"Right direction, too cautious to show"
51785,100270,27851,89293,2019-01-26 00:47:41,8,2.0,0.03279083581987242,0.0,0.015343045867082036,False,75,1,0.0,0.0,0.0,0.0,0.05333333333333334,"Lone dissent, no signal anywhere"
51854,48825,30949,82620,2019-01-26 12:26:29,9,1.0,-0.5499261324197281,-1.0,0.00859531749547058,False,63,11,-0.7272727272727273,0.0,0.0,22.0,0.06349206349206349,"Lone dissent, no signal anywhere"
51855,48825,27667,82620,2019-01-26 12:26:57,8,1.0,0.19708958505103677,0.0,0.02349845370727954,False,64,11,0.18181818181818182,2.0,1.0,11.0,0.078125,"Right direction, too cautious to show"
52367,86407,30949,82620,2019-01-27 16:52:37,9,-1.0,-0.45469119328875124,-0.0,0.0001530431182237935,False,25,12,-0.5833333333333334,8.0,8.0,21.0,0.08,"Right direction, too cautious to show"
52368,86407,23576,82621,2019-01-27 16:53:17,6,1.0,0.25251966333304543,0.0,-0.008111555205385448,False,26,22,0.2727272727272727,12.0,4.0,8.0,0.07692307692307693,"Right direction, too cautious to show"
52571,86723,29961,86753,2019-01-27 21:26:26,20,-2.0,-0.197452959598713,-0.0,-0.015499458232447139,False,50,4,-0.25,1.0,0.0,2.0,0.08,"Right direction, too cautious to show"
52781,89795,22076,87537,2019-01-28 12:39:11,16,3.0,2.4239898836872538,2.0,-0.0076476919628803795,False,52,17,2.8823529411764706,17.0,0.0,1.0,0.057692307692307696,"Right direction, too few steps"
53258,89288,31464,89286,2019-01-29 06:49:56,20,1.0,-0.16536280164674108,-0.0,-0.024796470230174818,False,37,0,0.0,0.0,2.0,10.0,0.0,"New route, no community evidence"
53491,67892,29058,85986,2019-01-29 19:12:13,13,2.0,-0.004257053619686425,-0.0,-0.016189869311934415,False,41,9,0.0,0.0,1.0,6.0,0.0,Other
53795,105363,31474,91142,2019-01-30 06:54:31,15,1.0,-0.015579440385447011,-0.0,0.038508108725786035,False,17,0,0.0,0.0,0.0,6.0,0.11764705882352941,"New route, no community evidence"
54177,62310,31420,35109,2019-01-30 23:45:30,8,2.0,0.050777204968275765,0.0,0.04376808507099683,False,85,1,0.0,0.0,3.0,17.0,0.03529411764705882,"Right direction, too cautious to show"
54236,97086,31720,89289,2019-01-31 06:00:00,22,-2.0,-0.12143851318298252,-0.0,-0.05631006272758027,False,22,0,0.0,0.0,4.0,10.0,0.13636363636363635,"New route, no community evidence"
54453,104421,18979,436,2019-01-31 20:44:33,6,1.0,0.130012550577341,0.0,-0.004347070574825837,False,21,0,0.0,0.0,1.0,1.0,0.14285714285714285,"New route, no community evidence"
54514,59150,30354,71304,2019-01-31 21:56:44,14,-1.0,-0.15803977204571612,-0.0,-0.05100252199554719,True,135,6,-0.16666666666666666,1.0,0.0,13.0,0.022222222222222223,"Right direction, too cautious to show"
55218,20172,29955,8060,2019-02-01 23:54:15,18,-1.0,-0.07168051739227063,-0.0,0.007502825020304159,False,37,1,0.0,0.0,0.0,2.0,0.0,"Lone dissent, no signal anywhere"
55593,97086,31464,89286,2019-02-02 23:19:51,20,-1.0,0.17908476698977244,0.0,-0.0801447104159306,False,23,3,0.6666666666666666,0.0,0.0,7.0,0.17391304347826086,Evidence pointed the other way
55843,98832,30949,82620,2019-02-03 15:02:06,9,-1.0,-0.45540603668315105,-0.0,0.0042780339555869235,False,26,14,-0.5714285714285714,9.0,7.0,19.0,0.07692307692307693,"Right direction, too cautious to show"
56108,62310,31297,37430,2019-02-03 20:57:53,10,3.0,1.927050295070695,2.0,0.054890107983697686,False,91,5,3.0,5.0,3.0,14.0,0.04395604395604396,"Right direction, too few steps"
56221,100270,31371,89292,2019-02-04 00:05:03,12,1.0,0.04464347427532211,0.0,0.02598540099085578,False,81,0,0.0,0.0,0.0,2.0,0.06172839506172839,"New route, no community evidence"
57096,62310,30113,37430,2019-02-05 19:54:25,13,1.0,0.4787426922667311,0.0,0.05932439559856032,True,92,4,0.75,3.0,10.0,15.0,0.05434782608695652,"Right direction, too cautious to show"
57254,35496,21682,31271,2019-02-05 23:17:25,14,1.0,0.036414795246315954,0.0,0.026073164220828803,False,18,6,0.0,0.0,0.0,2.0,0.16666666666666666,"Right direction, too cautious to show"
57502,77808,23576,82621,2019-02-06 15:45:05,6,1.0,0.35772704884468276,0.0,0.06602604957128712,True,152,23,0.30434782608695654,13.0,3.0,7.0,0.21710526315789475,"Right direction, too cautious to show"
57504,71229,32165,69702,2019-02-06 16:17:20,6,1.0,0.13750916734071467,0.0,0.00804337663511648,False,21,0,0.0,0.0,4.0,4.0,0.0,"New route, no community evidence"
57770,75473,32028,28226,2019-02-06 22:17:51,6,2.0,0.14790309094105486,0.0,-0.014433927868529584,False,53,0,0.0,0.0,10.0,10.0,0.0,"New route, no community evidence"
57813,48825,26584,82620,2019-02-06 22:49:38,12,-1.0,0.17672861138537382,0.0,0.02699959129738656,False,71,4,0.25,0.0,7.0,24.0,0.04225352112676056,"Early dissent, confirmed later"
57815,48825,31728,85027,2019-02-06 22:50:13,14,1.0,-0.0034112293852460174,-0.0,0.017643070437348553,False,72,9,0.0,0.0,0.0,2.0,0.08333333333333333,"Lone dissent, no signal anywhere"
57822,48825,27677,85027,2019-02-06 22:50:50,12,1.0,0.03516679451393215,0.0,0.030598593481158728,False,75,11,0.0,1.0,1.0,10.0,0.10666666666666667,"Right direction, too cautious to show"
57864,71229,30709,71442,2019-02-07 00:00:00,14,1.0,0.49412703169490085,0.0,0.018120138074294096,False,26,3,1.0,3.0,1.0,1.0,0.038461538461538464,"Right direction, too cautious to show"
57913,59385,31959,71304,2019-02-07 06:45:10,13,1.0,0.0276439754287583,0.0,-0.05075525944957451,False,41,0,0.0,0.0,2.0,3.0,0.07317073170731707,"New route, no community evidence"
57917,59385,31967,66603,2019-02-07 06:45:51,13,1.0,-0.2988264766046521,-0.0,-0.03980549722068021,False,45,1,-1.0,0.0,0.0,9.0,0.08888888888888889,"Lone dissent, no signal anywhere"
58030,77808,32084,43301,2019-02-07 16:16:25,14,2.0,0.06730524304135824,0.0,0.06772971751744593,True,154,6,0.0,0.0,0.0,23.0,0.22077922077922077,"Right direction, too cautious to show"
58031,77808,32083,38040,2019-02-07 16:16:33,12,1.0,0.07108428555342315,0.0,0.07764096336015504,True,155,7,0.0,0.0,0.0,39.0,0.22580645161290322,"Right direction, too cautious to show"
58032,77808,32014,38040,2019-02-07 16:16:49,18,-1.0,0.050989703319242366,0.0,0.08237965101009238,True,156,2,0.0,0.0,0.0,9.0,0.14102564102564102,Other
58033,77808,32013,43301,2019-02-07 16:16:55,22,1.0,-0.009583449328632448,-0.0,0.07705403471135767,True,157,0,0.0,0.0,0.0,0.0,0.22929936305732485,"New route, no community evidence"
58045,77808,31312,38028,2019-02-07 16:17:58,22,-1.0,-0.020958028671974507,-0.0,0.0835952749078627,True,169,0,0.0,0.0,0.0,3.0,0.13609467455621302,"New route, no community evidence"
58056,77808,25200,32378,2019-02-07 16:20:59,22,1.0,-0.712252874655374,-1.0,0.0766745107308706,True,180,5,-1.2,0.0,0.0,0.0,0.2111111111111111,Evidence pointed the other way
58057,77808,25199,32378,2019-02-07 16:21:04,20,-1.0,0.05375566177538449,0.0,0.08442226145157702,True,181,4,0.0,0.0,0.0,0.0,0.13259668508287292,Other
58154,63982,31181,62910,2019-02-07 21:01:04,14,3.0,1.8057173239690611,2.0,0.008845133717858998,False,52,6,2.6666666666666665,6.0,1.0,15.0,0.038461538461538464,"Right direction, too few steps"
58913,77747,17347,8060,2019-02-09 15:08:08,8,-2.0,0.07580222536881753,0.0,0.09614100528934834,True,25,6,0.0,0.0,0.0,2.0,0.2,Other
59071,65979,32204,55752,2019-02-09 22:26:14,14,1.0,0.2995135479333885,0.0,0.023384877416939398,False,80,1,1.0,1.0,1.0,9.0,0.0,"Right direction, too cautious to show"
59189,106140,28242,103139,2019-02-10 12:42:13,9,-2.0,0.9121312034746466,1.0,-0.07164838867640583,False,18,13,1.2307692307692308,0.0,0.0,17.0,0.1111111111111111,Evidence pointed the other way
59440,65979,32207,54483,2019-02-10 20:35:49,17,-2.0,-1.0353145730655817,-1.0,0.032830445623717314,False,87,3,-2.0,3.0,0.0,4.0,0.04597701149425287,"Right direction, too few steps"
59530,103255,32490,43248,2019-02-10 23:34:00,15,-1.0,-0.1806458296479564,-0.0,0.013001490509217768,False,42,1,-1.0,1.0,0.0,7.0,0.023809523809523808,"Right direction, too cautious to show"
59694,86636,23576,82621,2019-02-11 20:07:07,6,1.0,0.29122254078687226,0.0,-0.02020913079498895,False,31,24,0.3333333333333333,14.0,2.0,6.0,0.03225806451612903,"Right direction, too cautious to show"
59696,86552,23576,82621,2019-02-11 20:07:36,6,-1.0,0.3509073373691675,0.0,0.008710051692496515,False,28,25,0.36,7.0,2.0,5.0,0.07142857142857142,Evidence pointed the other way
60458,105363,32488,91141,2019-02-13 03:41:20,10,-2.0,0.08461808877611668,0.0,0.051151182723461926,False,18,0,0.0,0.0,0.0,4.0,0.05555555555555555,"New route, no community evidence"
60460,105363,31655,91579,2019-02-13 03:42:44,14,-1.0,-0.027708830676345664,-0.0,0.015541842482820253,False,20,1,0.0,0.0,0.0,5.0,0.1,"Right direction, too cautious to show"
61020,89752,31822,79145,2019-02-14 00:00:00,11,1.0,0.4207139387257123,0.0,0.17802324300319844,True,41,2,0.5,1.0,0.0,3.0,0.34146341463414637,"Right direction, too cautious to show"
61205,77808,33157,41691,2019-02-14 15:53:01,13,1.0,0.09538833151266918,0.0,0.0764604718756373,True,184,0,0.0,0.0,0.0,35.0,0.21195652173913043,"New route, no community evidence"
61281,89752,24051,79145,2019-02-14 20:42:50,18,-1.0,0.17933306295639526,0.0,0.184802363337087,True,43,3,0.0,0.0,0.0,0.0,0.023255813953488372,"Lone dissent, no signal anywhere"
61284,89752,24271,79145,2019-02-14 20:44:37,16,1.0,0.1661721918918977,0.0,0.16643752444570606,True,46,3,0.0,0.0,0.0,0.0,0.32608695652173914,"Right direction, too cautious to show"
61792,86311,23576,82621,2019-02-15 21:59:31,6,-1.0,0.2531718781643091,0.0,-0.035383843499706656,False,27,26,0.3076923076923077,8.0,1.0,4.0,0.1111111111111111,Evidence pointed the other way
61853,93923,32861,62911,2019-02-15 23:25:33,6,-1.0,-0.46706595967783393,-0.0,-0.00871605111654321,False,87,3,-1.0,3.0,0.0,9.0,0.022988505747126436,"Right direction, too cautious to show"
61854,93923,32864,62911,2019-02-15 23:25:44,12,-2.0,-0.40475397104753064,-0.0,-0.013048832532954094,False,88,2,-1.0,1.0,1.0,23.0,0.03409090909090909,"Right direction, too cautious to show"
61855,93923,32863,62909,2019-02-15 23:25:55,14,-3.0,-1.4800623031177136,-1.0,-0.028632475239140483,False,89,4,-2.5,4.0,2.0,18.0,0.0449438202247191,"Right direction, too few steps"
61858,93923,32859,62909,2019-02-15 23:27:21,11,-1.0,-0.40427338519143763,-0.0,-0.03982635442753496,False,92,3,-0.6666666666666666,2.0,0.0,8.0,0.05434782608695652,"Right direction, too cautious to show"
61861,93923,26518,32378,2019-02-15 23:28:43,6,1.0,0.09774476389051466,0.0,-0.04386971630556456,False,95,14,0.14285714285714285,8.0,19.0,19.0,0.031578947368421054,"Right direction, too cautious to show"
61904,106010,33297,31269,2019-02-16 00:29:32,6,1.0,0.06771807477602726,0.0,-0.050637518058660465,False,25,0,0.0,0.0,17.0,17.0,0.0,"New route, no community evidence"
64060,81773,33376,20124,2019-02-20 23:48:45,6,-2.0,-0.7821612588972031,-1.0,0.023214142874311432,False,27,2,-2.0,2.0,5.0,7.0,0.0,"Right direction, too few steps"
64061,81773,33382,76970,2019-02-20 23:50:22,10,-2.0,0.5458693751441079,1.0,2.70336925380986e-05,False,28,1,2.0,0.0,2.0,10.0,0.03571428571428571,Evidence pointed the other way
64062,81773,33384,76970,2019-02-20 23:51:16,13,-3.0,-0.026368219690695353,-0.0,-0.03686962405405348,False,29,1,0.0,0.0,3.0,12.0,0.06896551724137931,"Early dissent, confirmed later"
64301,106010,21121,31273,2019-02-21 19:41:08,8,-1.0,-0.42409060783857944,-0.0,-0.04118957465374084,False,28,13,-0.46153846153846156,2.0,0.0,4.0,0.03571428571428571,"Right direction, too cautious to show"
64505,60830,33602,59023,2019-02-21 22:39:25,14,2.0,0.02848422637156819,0.0,-0.019012548294495266,False,54,2,0.0,0.0,3.0,15.0,0.0,"Right direction, too cautious to show"
64628,84984,33532,69703,2019-02-22 08:48:56,6,1.0,0.46352810145997364,0.0,0.026582930216397495,False,82,2,1.0,2.0,4.0,4.0,0.0975609756097561,"Right direction, too cautious to show"
64629,84984,33535,69702,2019-02-22 08:49:03,6,1.0,0.3701537619567604,0.0,0.03202670886920415,False,83,1,1.0,1.0,3.0,3.0,0.10843373493975904,"Right direction, too cautious to show"
65855,77747,33594,95025,2019-02-25 00:00:00,8,-2.0,-0.6722600143513388,-1.0,0.0661251587088871,False,26,1,-3.0,1.0,4.0,5.0,0.23076923076923078,"Right direction, too few steps"
65911,93923,33160,62910,2019-02-25 06:10:48,14,1.0,0.3282265209397357,0.0,-0.04552843217909359,False,102,3,0.6666666666666666,2.0,3.0,18.0,0.0392156862745098,"Right direction, too cautious to show"
65912,93923,32999,62912,2019-02-25 06:10:59,9,2.0,1.2284360743606946,1.0,-0.04083071537975774,False,103,6,1.8333333333333333,6.0,4.0,19.0,0.04854368932038835,"Right direction, too few steps"
65913,93923,33005,62909,2019-02-25 06:11:04,15,-1.0,-0.2757687007634964,-0.0,-0.03547263241124959,False,104,3,-0.3333333333333333,2.0,2.0,15.0,0.057692307692307696,"Right direction, too cautious to show"
66070,55463,33787,87145,2019-02-25 16:51:31,13,1.0,0.10915364710695545,0.0,-0.04569987299133675,False,44,1,1.0,1.0,7.0,10.0,0.0,"Right direction, too cautious to show"
66086,51622,26354,41691,2019-02-25 17:45:59,15,1.0,0.1521202462552342,0.0,-0.019479630505511693,False,25,13,0.23076923076923078,3.0,0.0,0.0,0.0,"Right direction, too cautious to show"
66089,86526,33271,62911,2019-02-25 18:18:51,12,-2.0,-1.0046546617682495,-1.0,-0.004239185654635908,False,52,5,-1.6,4.0,1.0,19.0,0.019230769230769232,"Right direction, too few steps"
66103,77747,29957,8060,2019-02-25 18:52:23,12,1.0,0.0336771489504375,0.0,0.04630814403553886,False,27,4,0.0,0.0,0.0,3.0,0.25925925925925924,"Right direction, too cautious to show"
66313,19825,33399,92074,2019-02-26 00:42:30,14,1.0,-0.00802033533400557,-0.0,0.00586170112057511,False,25,4,0.0,1.0,0.0,2.0,0.12,Other
66377,101691,33570,91144,2019-02-26 10:41:03,10,-2.0,-0.4799329064310363,-0.0,0.004996852726012677,False,91,1,-2.0,1.0,0.0,0.0,0.0,"Right direction, too cautious to show"
66390,106068,33931,103988,2019-02-26 12:45:43,15,1.0,0.0708337702448994,0.0,0.04297914769269844,False,50,0,0.0,0.0,5.0,14.0,0.06,"New route, no community evidence"
66661,93923,25369,62909,2019-02-27 01:17:53,6,1.0,0.4893828809166493,0.0,-0.04086491298748071,False,105,4,1.0,4.0,5.0,6.0,0.05714285714285714,"Right direction, too cautious to show"
66826,94321,29335,89283,2019-02-27 16:52:18,17,1.0,0.001171920159866481,0.0,0.03726551491742683,False,102,0,0.0,0.0,0.0,1.0,0.08823529411764706,"New route, no community evidence"
67054,106603,33931,103988,2019-02-27 22:55:00,15,1.0,0.3629779691617278,0.0,0.026825092194564595,False,31,3,0.6666666666666666,2.0,3.0,11.0,0.0967741935483871,"Right direction, too cautious to show"
67629,70334,33160,62910,2019-03-01 00:14:21,14,1.0,0.4534170865959311,0.0,-0.01633301602767491,False,112,4,0.75,3.0,2.0,17.0,0.07142857142857142,"Right direction, too cautious to show"
68712,66784,33387,85986,2019-03-03 15:47:19,16,2.0,0.025108904815577447,0.0,0.023066697095032708,False,117,5,0.0,0.0,0.0,4.0,0.02564102564102564,"Lone dissent, no signal anywhere"
69084,71571,31671,57680,2019-03-04 16:56:18,6,-2.0,-0.2891562255345944,-0.0,-0.021063290155804097,False,40,4,-0.5,1.0,2.0,6.0,0.05,"Right direction, too cautious to show"
69089,71571,33906,57680,2019-03-04 16:59:45,6,-2.0,-0.292431107365819,-0.0,-0.04099409999221315,False,43,2,-0.5,1.0,3.0,10.0,0.06976744186046512,"Right direction, too cautious to show"
69091,71571,26462,57680,2019-03-04 17:00:07,6,-2.0,-0.359136702714172,-0.0,-0.06135650516014403,False,44,12,-0.3333333333333333,3.0,0.0,4.0,0.09090909090909091,"Right direction, too cautious to show"
69176,106496,33934,41691,2019-03-04 19:24:59,12,-3.0,-2.351033934690173,-2.0,0.0014438958131749587,False,58,11,-3.0,11.0,6.0,6.0,0.0,"Right direction, too few steps"
69304,26016,31678,7246,2019-03-04 21:16:31,16,-2.0,-0.7901461464926591,-1.0,0.018747364245900254,False,72,2,-2.0,2.0,5.0,5.0,0.06944444444444445,"Right direction, too few steps"
69539,92903,30559,86753,2019-03-05 12:05:20,13,2.0,0.033798666641141735,0.0,0.03625066125268225,False,113,7,0.0,0.0,0.0,3.0,0.05309734513274336,"Lone dissent, no signal anywhere"
69541,92903,30471,11059,2019-03-05 12:14:04,14,1.0,0.050110173142444425,0.0,0.049018202556223564,False,114,9,0.0,0.0,0.0,3.0,0.06140350877192982,"Lone dissent, no signal anywhere"
69545,92903,31389,86753,2019-03-05 12:25:21,17,1.0,0.0431008782295079,0.0,0.05514652422425206,True,115,5,0.0,0.0,0.0,2.0,0.06956521739130435,"Lone dissent, no signal anywhere"
69546,92903,31390,86757,2019-03-05 12:25:27,15,1.0,0.07267421180814944,0.0,0.061322789809061314,True,116,9,0.0,0.0,0.0,2.0,0.07758620689655173,"Lone dissent, no signal anywhere"
69547,92903,31685,79945,2019-03-05 12:25:41,12,1.0,0.0657766134433947,0.0,0.0672293236830207,True,117,10,0.0,0.0,0.0,11.0,0.08547008547008547,"Lone dissent, no signal anywhere"
69555,57084,33514,2588,2019-03-05 13:03:06,16,2.0,0.4926435837624647,0.0,0.003291958369349545,False,28,1,2.0,1.0,3.0,10.0,0.0,"Right direction, too cautious to show"
69893,94587,33404,89289,2019-03-06 01:49:26,15,1.0,0.05323611788247637,0.0,0.03551910429663267,False,40,3,0.0,0.0,0.0,2.0,0.275,"Right direction, too cautious to show"
70668,90030,24476,31979,2019-03-07 21:57:54,15,1.0,0.015357513112710115,0.0,0.03788445325840877,False,56,6,0.0,0.0,0.0,0.0,0.10714285714285714,"Right direction, too cautious to show"
70826,108768,33163,48831,2019-03-08 02:07:15,10,-2.0,-1.1352444538995012,-1.0,0.014898567192813825,False,35,4,-2.0,4.0,6.0,11.0,0.0,"Right direction, too few steps"
71692,105820,32616,103219,2019-03-10 10:13:07,12,-1.0,-0.030639568626082296,-0.0,-0.038243499472947015,False,39,14,0.0,1.0,0.0,6.0,0.05128205128205128,"Right direction, too cautious to show"
72214,66264,33752,59023,2019-03-11 15:06:06,16,1.0,0.20571822798010464,0.0,0.00465338255695814,False,26,8,0.25,4.0,7.0,9.0,0.0,"Right direction, too cautious to show"
72322,99061,34770,41691,2019-03-11 19:44:16,12,-1.0,0.018201017842906148,0.0,0.018680016423319762,False,145,4,0.0,0.0,0.0,18.0,0.041379310344827586,"Lone dissent, no signal anywhere"
72606,105820,34682,105820,2019-03-12 10:31:16,10,-1.0,-0.03560957736453599,-0.0,-0.04981461022864836,False,41,5,0.0,1.0,0.0,13.0,0.07317073170731707,"Right direction, too cautious to show"
73114,94587,34732,89286,2019-03-13 04:04:27,12,1.0,0.019274849497162554,0.0,0.04703288161281376,False,43,8,0.0,0.0,0.0,17.0,0.27906976744186046,"Right direction, too cautious to show"
73118,26109,31378,34892,2019-03-13 06:29:52,10,2.0,0.039818179077632215,0.0,0.004447998084000045,False,82,0,0.0,0.0,0.0,2.0,0.036585365853658534,"New route, no community evidence"
73707,99735,35204,8092,2019-03-14 07:11:49,8,2.0,-0.08091026708833876,-0.0,-0.0316404769569857,False,44,1,0.0,0.0,1.0,3.0,0.0,"Early dissent, confirmed later"
73708,99735,35207,8092,2019-03-14 07:11:56,10,-2.0,0.013048278484061572,0.0,-0.007152507971587894,False,45,0,0.0,0.0,2.0,6.0,0.0,"New route, no community evidence"
73920,77449,35206,80125,2019-03-14 19:26:52,18,-2.0,-0.10590780368011155,-0.0,-0.07838443056044746,True,40,2,0.0,0.0,0.0,8.0,0.175,"Right direction, too cautious to show"
74144,108768,35170,37430,2019-03-14 23:38:20,10,2.0,0.03242314070183912,0.0,0.017163162912741534,False,36,1,0.0,0.0,0.0,17.0,0.027777777777777776,"Lone dissent, no signal anywhere"
74578,88167,35205,80125,2019-03-15 21:23:58,15,-1.0,-0.005154147419975521,-0.0,0.005959148267142396,False,100,2,0.0,1.0,3.0,5.0,0.01,"Right direction, too cautious to show"
74733,104665,35241,98418,2019-03-16 02:14:45,15,-2.0,-0.16710950452477172,-0.0,-0.1265554965073046,True,32,2,0.0,0.0,0.0,9.0,0.46875,"Right direction, too cautious to show"
74804,66716,35010,59023,2019-03-16 10:55:36,16,-2.0,-0.09232699439032532,-0.0,-0.006699738333225711,False,52,6,-0.16666666666666666,1.0,1.0,13.0,0.07692307692307693,"Right direction, too cautious to show"
75213,98611,23705,57680,2019-03-17 14:11:08,15,1.0,-0.025183140378408415,-0.0,0.021069206040254834,False,36,2,0.0,0.0,0.0,5.0,0.1388888888888889,Other
75348,98651,32849,57680,2019-03-17 17:49:42,6,-2.0,-0.1400605064135625,-0.0,0.0982911488907172,True,35,6,-0.3333333333333333,1.0,5.0,13.0,0.08571428571428572,"Right direction, too cautious to show"
75480,106854,22458,39996,2019-03-17 20:43:17,18,2.0,-0.014145409234575086,-0.0,0.005333199390883132,False,48,6,0.0,0.0,0.0,2.0,0.0,"Lone dissent, no signal anywhere"
76580,19825,34752,92073,2019-03-20 17:48:10,17,-2.0,-0.013392555330627796,-0.0,0.014539630783166195,False,28,0,0.0,0.0,1.0,5.0,0.07142857142857142,"New route, no community evidence"
76707,73421,34118,7246,2019-03-20 21:17:13,16,-2.0,-1.2880113897918295,-1.0,-0.004421917340862133,False,61,5,-2.0,5.0,1.0,1.0,0.03278688524590164,"Right direction, too few steps"
76874,77663,33571,91147,2019-03-21 01:00:48,14,-2.0,-0.24852425888162888,-0.0,0.00747553396988167,False,20,5,-0.4,1.0,0.0,2.0,0.0,"Right direction, too cautious to show"
77279,73421,34129,7246,2019-03-22 07:51:30,10,2.0,0.9811287202798409,1.0,-0.01031092100839454,False,63,3,2.0,3.0,1.0,2.0,0.031746031746031744,"Right direction, too few steps"
77305,95425,34550,87145,2019-03-22 10:00:21,6,-1.0,-0.4975880401386518,-0.0,-0.16174887446862896,True,85,4,-0.5,2.0,3.0,4.0,0.2,"Right direction, too cautious to show"
77328,26016,34129,7246,2019-03-22 11:55:20,10,2.0,1.1485246006767071,1.0,0.010050071340172415,False,88,4,2.0,4.0,0.0,1.0,0.056818181818181816,"Right direction, too few steps"
77331,76152,35590,65681,2019-03-22 12:15:00,17,2.0,0.3850869657785721,0.0,-0.00678293198894833,False,36,2,1.0,1.0,0.0,3.0,0.0,"Right direction, too cautious to show"
77835,88457,35799,81641,2019-03-23 16:38:20,15,1.0,0.0002093009026359026,0.0,0.024300183794724584,False,57,1,0.0,0.0,0.0,8.0,0.05263157894736842,"Lone dissent, no signal anywhere"
77889,26855,29442,87035,2019-03-23 20:28:04,8,2.0,1.133786888013602,1.0,-0.01942663086570485,False,19,4,2.0,4.0,0.0,2.0,0.0,"Right direction, too few steps"
78088,94269,35205,80125,2019-03-24 14:03:50,15,-1.0,-0.2756300172321096,-0.0,-0.012561617552505384,False,71,5,-0.4,3.0,1.0,2.0,0.028169014084507043,"Right direction, too cautious to show"
78209,37163,35964,35109,2019-03-24 16:40:19,17,-2.0,-0.049459696668651146,-0.0,0.035178544708315475,False,29,0,0.0,0.0,2.0,21.0,0.034482758620689655,"New route, no community evidence"
78317,95425,35018,92074,2019-03-24 20:01:31,14,-1.0,-0.09694538504528058,-0.0,-0.16372072464210324,True,87,0,0.0,0.0,9.0,10.0,0.20689655172413793,"New route, no community evidence"
78451,112528,25550,39994,2019-03-25 05:50:23,20,1.0,-0.07423012071653608,-0.0,0.004239655998129323,False,21,0,0.0,0.0,4.0,5.0,0.0,"New route, no community evidence"
78615,72678,32858,87145,2019-03-25 20:14:39,12,-2.0,-1.041630743247554,-1.0,-0.09428700753122453,True,49,6,-1.3333333333333333,4.0,2.0,3.0,0.08163265306122448,"Right direction, too few steps"
78617,72678,30893,87145,2019-03-25 20:15:20,12,-2.0,-0.8504244057643422,-1.0,-0.09407182430021611,True,51,3,-1.3333333333333333,2.0,1.0,3.0,0.09803921568627451,"Right direction, too few steps"
78620,72678,32753,70815,2019-03-25 20:17:47,8,-2.0,-0.8515933303438438,-1.0,-0.10078112971902305,True,54,5,-1.2,4.0,4.0,8.0,0.1111111111111111,"Right direction, too few steps"
78774,90547,36293,87537,2019-03-26 00:32:47,14,2.0,-0.0074044192448220435,-0.0,-0.02201780679876064,False,119,0,0.0,0.0,8.0,15.0,0.05042016806722689,"New route, no community evidence"
78880,113737,32982,89289,2019-03-26 02:36:18,16,1.0,-0.03628330792069791,-0.0,-0.016232986365800336,False,92,13,0.0,0.0,0.0,3.0,0.0,"Lone dissent, no signal anywhere"
78888,113737,34285,89288,2019-03-26 02:37:25,16,1.0,0.057208859741149774,0.0,-0.007833143168361544,False,100,10,0.1,1.0,0.0,1.0,0.01,"Right direction, too cautious to show"
79206,99061,35907,38028,2019-03-26 22:12:18,14,-2.0,0.012481964791884122,0.0,0.015014072125114795,False,159,4,0.0,0.0,1.0,21.0,0.0440251572327044,Other
79289,90547,36292,87537,2019-03-27 00:32:04,16,-2.0,-0.5098985815276185,-1.0,-0.013574552540959135,False,122,1,-2.0,1.0,9.0,13.0,0.07377049180327869,"Right direction, too few steps"
79538,59150,34428,66603,2019-03-27 17:30:45,12,1.0,-0.10429724488577918,-0.0,-0.05254535919419172,True,150,5,0.0,0.0,0.0,13.0,0.013333333333333334,"Lone dissent, no signal anywhere"
80047,94315,35860,87827,2019-03-28 17:08:59,12,-2.0,-0.46805109895979774,-0.0,-0.48008384163947376,True,46,6,0.0,0.0,0.0,21.0,0.6956521739130435,"Right direction, too cautious to show"
80091,44880,36451,32534,2019-03-28 18:45:46,18,1.0,-0.09937007766027323,-0.0,0.019753002144588486,False,54,0,0.0,0.0,1.0,3.0,0.018518518518518517,"New route, no community evidence"
80092,44880,35550,32534,2019-03-28 18:45:53,10,-2.0,-0.4744541981666079,-0.0,0.0313378626579786,False,55,1,-2.0,1.0,1.0,5.0,0.0,"Right direction, too cautious to show"
80940,92148,36350,85986,2019-03-30 12:48:56,12,2.0,1.037792820769803,1.0,0.035810637500470345,False,89,7,1.4285714285714286,6.0,22.0,29.0,0.07865168539325842,"Right direction, too few steps"
81298,41573,35400,83009,2019-03-31 20:37:14,17,-1.0,-0.4530050723440886,-0.0,-0.025679265409462432,False,24,2,-1.0,2.0,0.0,1.0,0.08333333333333333,"Right direction, too cautious to show"
81301,26709,27342,87145,2019-03-31 20:38:40,10,2.0,-0.6178698525627322,-1.0,0.18311866501520174,True,129,9,-1.1111111111111112,0.0,0.0,0.0,0.16279069767441862,Evidence pointed the other way
81371,99061,34771,41691,2019-03-31 23:33:07,15,-1.0,-0.001759521461498166,-0.0,0.005654892653009092,False,163,8,0.0,0.0,0.0,9.0,0.049079754601226995,"Lone dissent, no signal anywhere"
81488,95170,36246,87827,2019-04-01 08:08:10,10,2.0,0.12831636420108963,0.0,0.11563324362584886,True,68,6,0.0,0.0,1.0,12.0,0.1323529411764706,"Right direction, too cautious to show"
81564,93294,36853,89286,2019-04-01 12:54:07,13,2.0,0.07113037267206342,0.0,0.10980085196235928,True,226,0,0.0,0.0,0.0,19.0,0.1592920353982301,"New route, no community evidence"
81568,92375,35897,82212,2019-04-01 13:31:07,8,1.0,0.08018842104259652,0.0,0.06141822194159237,False,37,8,0.0,0.0,0.0,7.0,0.16216216216216217,"Right direction, too cautious to show"
81704,111599,27027,28226,2019-04-01 19:19:46,12,-2.0,-0.03410455240746762,-0.0,0.028274311702426214,False,37,9,-0.1111111111111111,1.0,1.0,1.0,0.16216216216216217,"Right direction, too cautious to show"
81812,99061,36784,41691,2019-04-01 22:25:46,13,-2.0,0.0004901776752351777,0.0,0.0013950119769304346,False,167,1,0.0,0.0,1.0,11.0,0.05389221556886228,Other
81814,99061,32014,38040,2019-04-01 22:27:13,18,1.0,-0.11321451661226828,-0.0,-0.008200137418826477,False,169,9,-0.1111111111111111,0.0,0.0,2.0,0.05917159763313609,"Lone dissent, no signal anywhere"
81847,97587,13985,67311,2019-04-01 23:16:15,6,1.0,0.42183392696950484,0.0,0.006660025821074212,False,61,2,1.0,2.0,0.0,0.0,0.06557377049180328,"Right direction, too cautious to show"
81975,97094,36803,79945,2019-04-02 12:28:15,13,1.0,0.014679828857754668,0.0,0.025909570035739307,False,53,1,0.0,0.0,1.0,12.0,0.018867924528301886,"Right direction, too cautious to show"
81976,99374,36803,79945,2019-04-02 12:28:16,13,1.0,0.16490876114118672,0.0,-0.022210601495043523,False,43,2,0.5,1.0,0.0,11.0,0.0,"Right direction, too cautious to show"
81991,10620,35965,37430,2019-04-02 13:27:44,8,2.0,1.128727573757662,1.0,-0.04195393990443507,False,36,4,2.0,4.0,0.0,10.0,0.027777777777777776,"Right direction, too few steps"
82184,66716,36897,59023,2019-04-02 22:15:14,18,-1.0,-0.05949680867841564,-0.0,-0.028895542545819566,False,55,1,0.0,0.0,0.0,9.0,0.09090909090909091,"Lone dissent, no signal anywhere"
82359,87977,35205,80125,2019-04-03 06:23:58,15,-1.0,-0.3730356448827103,-0.0,-0.03099487209781687,False,143,6,-0.5,4.0,0.0,1.0,0.03496503496503497,"Right direction, too cautious to show"
82369,66942,36309,62844,2019-04-03 07:23:41,13,-1.0,-0.027196549828076896,-0.0,0.006925390949828551,False,43,5,0.0,0.0,1.0,12.0,0.046511627906976744,"Right direction, too cautious to show"
82428,85878,33351,82619,2019-04-03 13:11:56,13,-1.0,-0.3865887719478271,-0.0,-0.0183388151441804,False,36,8,-0.5,4.0,3.0,7.0,0.1388888888888889,"Right direction, too cautious to show"
82609,107221,35749,66386,2019-04-03 20:04:27,14,1.0,-0.3064911005636344,-0.0,-0.05611981051904309,False,64,1,-1.0,0.0,2.0,10.0,0.0,Evidence pointed the other way
82690,92749,36292,87537,2019-04-03 21:38:56,16,-2.0,-1.0227914697889755,-1.0,-0.02282707478216441,False,106,3,-2.0,3.0,7.0,11.0,0.07547169811320754,"Right direction, too few steps"
82691,92749,36293,87537,2019-04-03 21:39:02,14,2.0,0.6426515108606123,1.0,-0.030861441426765952,False,107,3,1.3333333333333333,2.0,6.0,12.0,0.018691588785046728,"Right direction, too few steps"
82740,92749,36406,85701,2019-04-03 22:45:27,16,-2.0,-0.021560747768342298,-0.0,-0.02151773349718675,False,109,3,0.0,0.0,0.0,8.0,0.08256880733944955,"Lone dissent, no signal anywhere"
83132,77747,25301,95025,2019-04-04 22:21:49,13,1.0,0.013859712818711678,0.0,0.05719219935820143,False,30,5,0.0,0.0,0.0,4.0,0.26666666666666666,"Right direction, too cautious to show"
83335,108347,36292,87537,2019-04-05 11:24:07,16,-2.0,-1.1040021902670343,-1.0,0.028282260548934582,False,39,4,-2.0,4.0,6.0,10.0,0.05128205128205128,"Right direction, too few steps"
83656,26709,37406,108170,2019-04-06 00:00:00,14,-1.0,0.12804428122416678,0.0,0.19135348009501968,True,137,0,0.0,0.0,3.0,8.0,0.014598540145985401,"New route, no community evidence"
83918,93294,36481,89286,2019-04-06 21:42:46,21,-1.0,0.04168762050814985,0.0,0.11489565585506191,True,229,3,0.0,0.0,0.0,2.0,0.056768558951965066,"Lone dissent, no signal anywhere"
84124,39484,36599,38885,2019-04-07 14:24:16,12,-2.0,-1.2167446666793564,-1.0,-0.04059246009193083,False,32,4,-2.0,4.0,3.0,9.0,0.09375,"Right direction, too few steps"
84223,16227,25522,39994,2019-04-07 18:35:01,14,1.0,0.06275980563713215,0.0,0.0629336487510644,True,78,4,0.0,0.0,0.0,11.0,0.08974358974358974,"Lone dissent, no signal anywhere"
84292,108926,37340,70297,2019-04-07 21:17:30,14,1.0,0.03585388943557649,0.0,0.0028560358298687608,False,16,0,0.0,0.0,0.0,5.0,0.0,"New route, no community evidence"
84293,109808,32831,109218,2019-04-07 21:17:32,10,1.0,0.04686867408128549,0.0,0.01943173073309446,False,34,12,0.0,0.0,0.0,1.0,0.08823529411764706,"Lone dissent, no signal anywhere"
84518,103361,36307,103987,2019-04-08 15:50:41,8,-3.0,-2.4823571967467952,-2.0,-0.0005666975094264387,False,38,14,-3.0,14.0,23.0,23.0,0.0,"Right direction, too few steps"
84869,109808,33121,108807,2019-04-09 18:55:59,13,1.0,0.045749870284337316,0.0,0.0353254392910712,False,38,11,0.0,0.0,0.0,0.0,0.13157894736842105,"Right direction, too cautious to show"
85011,73421,33554,7246,2019-04-09 22:18:34,14,-2.0,-1.1660354907504022,-1.0,-0.001652764080923356,False,66,4,-2.0,4.0,5.0,7.0,0.045454545454545456,"Right direction, too few steps"
85099,26709,27887,37759,2019-04-10 00:00:00,17,-1.0,0.17371645877347508,0.0,0.18464526816476706,True,139,3,0.0,0.0,0.0,0.0,0.02158273381294964,"Lone dissent, no signal anywhere"
85303,56376,32858,87145,2019-04-10 18:49:39,12,-2.0,-1.1286891092374653,-1.0,-0.09313694984610672,True,55,7,-1.4285714285714286,5.0,1.0,2.0,0.14545454545454545,"Right direction, too few steps"
85377,86338,33351,82619,2019-04-10 20:53:58,13,-1.0,-0.44765253084999707,-0.0,-0.02754307434627372,False,78,9,-0.5555555555555556,5.0,2.0,6.0,0.05128205128205128,"Right direction, too cautious to show"
85534,89184,36400,85701,2019-04-11 05:29:28,18,-1.0,-0.2192684731904151,-0.0,0.04079330368630772,False,165,1,-1.0,1.0,1.0,5.0,0.030303030303030304,"Right direction, too cautious to show"
85538,89184,36293,87537,2019-04-11 05:30:52,14,2.0,1.2483879412360306,1.0,0.03768130407586691,False,169,7,1.7142857142857142,6.0,2.0,8.0,0.023668639053254437,"Right direction, too few steps"
85991,95047,33906,57680,2019-04-12 00:00:00,6,2.0,-0.6206129895449499,-1.0,0.03624387268438158,False,33,5,-1.0,0.0,0.0,7.0,0.030303030303030304,"Lone dissent, no signal anywhere"
86107,88051,36350,85986,2019-04-12 13:39:43,12,2.0,1.1779828414080655,1.0,0.01327569639730248,False,62,15,1.4,12.0,16.0,21.0,0.016129032258064516,"Right direction, too few steps"
86170,95047,25933,57680,2019-04-12 16:51:57,10,2.0,0.32459280153823605,0.0,0.0695143634210852,False,35,10,0.4,2.0,0.0,2.0,0.05714285714285714,"Right direction, too cautious to show"
86214,90495,36350,85986,2019-04-12 18:00:25,12,2.0,1.2137603204421197,1.0,0.005041786189410176,False,23,16,1.4375,13.0,15.0,20.0,0.0,"Right direction, too few steps"
86501,71087,37844,87145,2019-04-13 00:29:09,14,-1.0,-0.17545903327497378,-0.0,-0.09109084512477081,True,29,1,0.0,0.0,1.0,8.0,0.10344827586206896,"Right direction, too cautious to show"
86722,83036,36165,102915,2019-04-13 17:24:48,8,2.0,0.7401014994891268,1.0,-0.2767879765138374,True,28,3,2.0,3.0,7.0,11.0,0.0,Evidence pointed the other way
86723,83036,36166,102915,2019-04-13 17:25:59,14,-1.0,-0.2569536902071804,-0.0,-0.2590710831266734,True,29,3,0.0,0.0,0.0,5.0,0.5517241379310345,"Right direction, too cautious to show"
86724,83036,16851,79297,2019-04-13 17:26:15,15,-2.0,-0.3270377411799648,-0.0,-0.26989353913643904,True,30,5,0.0,0.0,0.0,0.0,0.5666666666666667,"Right direction, too cautious to show"
86726,83036,33673,101187,2019-04-13 17:27:27,12,-2.0,-0.10913118414635761,-0.0,-0.28797592716334774,True,32,6,0.3333333333333333,0.0,1.0,4.0,0.5625,"Early dissent, confirmed later"
86727,83036,33675,101187,2019-04-13 17:28:00,19,-1.0,-0.23778338493733758,-0.0,-0.3138524755010963,True,33,2,0.5,0.0,0.0,1.0,0.5757575757575758,Evidence pointed the other way
86801,106086,28089,71304,2019-04-13 21:57:00,12,1.0,0.18292252281767052,0.0,-0.0032806840807084116,False,21,17,0.23529411764705882,4.0,0.0,7.0,0.23809523809523808,"Right direction, too cautious to show"
87166,107221,37918,62844,2019-04-14 22:38:12,6,-2.0,0.06914125820093864,0.0,-0.03169272270660072,False,68,0,0.0,0.0,1.0,12.0,0.014705882352941176,"New route, no community evidence"
87641,109348,37632,98418,2019-04-16 11:50:29,15,-1.0,-0.16754002740159651,-0.0,-0.09794126921324174,True,40,0,0.0,0.0,0.0,6.0,0.225,"New route, no community evidence"
87642,109348,37631,98418,2019-04-16 11:50:55,12,-2.0,-0.12488020662829323,-0.0,-0.10821855282556771,True,41,2,0.0,0.0,0.0,7.0,0.24390243902439024,"Right direction, too cautious to show"
87729,102860,37752,32378,2019-04-16 19:27:40,6,1.0,0.33301887591172785,0.0,0.004319947218948237,False,40,1,1.0,1.0,9.0,9.0,0.125,"Right direction, too cautious to show"
87794,86350,38085,70297,2019-04-16 21:21:39,17,-1.0,-0.2226060557918505,-0.0,0.026197225365329778,False,89,1,-1.0,1.0,0.0,0.0,0.011235955056179775,"Right direction, too cautious to show"
87795,86350,38087,70297,2019-04-16 21:21:51,15,-1.0,-0.21940604694045676,-0.0,0.018203629553104745,False,90,1,-1.0,1.0,1.0,3.0,0.022222222222222223,"Right direction, too cautious to show"
87796,86350,38084,70297,2019-04-16 21:22:06,15,-1.0,-0.2321347884087107,-0.0,0.0101708918971358,False,91,1,-1.0,1.0,0.0,3.0,0.03296703296703297,"Right direction, too cautious to show"
87806,68088,37971,102915,2019-04-16 21:48:37,15,-1.0,-0.36447510572681924,-0.0,0.02868295822627182,False,25,2,-1.0,2.0,4.0,5.0,0.0,"Right direction, too cautious to show"
87829,88290,18060,80125,2019-04-16 22:05:27,8,-3.0,-0.7007358331832987,-1.0,-0.010779555764139727,False,128,23,-0.782608695652174,6.0,0.0,4.0,0.015625,"Right direction, too few steps"
87860,102915,37971,102915,2019-04-16 22:33:21,15,-1.0,-0.4690358323406864,-0.0,0.04056771563561602,False,33,3,-1.0,3.0,3.0,4.0,0.12121212121212122,"Right direction, too cautious to show"
87862,102915,37976,102915,2019-04-16 22:33:50,15,2.0,0.48858574900958185,0.0,0.030095445468330723,False,35,2,1.0,1.0,1.0,6.0,0.08571428571428572,"Right direction, too cautious to show"
87878,109808,32841,109218,2019-04-16 22:55:00,15,1.0,1.792012358461117,2.0,0.046778439927343325,False,40,4,3.0,4.0,0.0,7.0,0.15,Other
87963,94587,36862,9453,2019-04-17 05:39:45,12,1.0,0.18434241991854072,0.0,0.05771025156961151,False,46,13,0.15384615384615385,1.0,0.0,6.0,0.2826086956521739,"Right direction, too cautious to show"
88316,70720,36034,66819,2019-04-18 00:00:00,17,-1.0,-0.034431038457165844,-0.0,0.022408681522983614,False,19,0,0.0,0.0,0.0,3.0,0.0,"New route, no community evidence"
88390,64393,36649,59023,2019-04-18 11:59:35,17,-2.0,-1.1877551586373651,-1.0,-0.021219068758400027,False,16,4,-2.0,4.0,3.0,3.0,0.125,"Right direction, too few steps"
88407,104975,33028,86035,2019-04-18 14:29:53,16,1.0,0.02499074402477644,0.0,0.03579918974530167,False,22,5,0.0,0.0,0.0,2.0,0.09090909090909091,"Lone dissent, no signal anywhere"
88582,85885,38187,82620,2019-04-18 23:59:43,8,2.0,0.0372053855837034,0.0,-0.016773406978016416,False,62,0,0.0,0.0,12.0,19.0,0.06451612903225806,"New route, no community evidence"
88589,66065,34587,39995,2019-04-19 00:00:00,8,1.0,0.025012900780871955,0.0,0.00500930179949162,False,106,7,0.0,0.0,0.0,7.0,0.009433962264150943,"Lone dissent, no signal anywhere"
88841,93294,38053,89289,2019-04-19 21:34:58,15,1.0,0.0846950896953622,0.0,0.10591613404231696,True,238,2,0.0,0.0,0.0,9.0,0.15546218487394958,"Right direction, too cautious to show"
88842,93294,38057,89286,2019-04-19 21:35:39,13,2.0,0.5664271161828134,1.0,0.10919730537989793,True,239,3,1.0,2.0,2.0,8.0,0.1589958158995816,"Right direction, too few steps"
88916,102860,32861,62911,2019-04-20 10:49:59,6,1.0,0.2385546973052648,0.0,0.01088223332087793,False,41,12,0.25,7.0,0.0,0.0,0.14634146341463414,"Right direction, too cautious to show"
88922,93294,38200,89286,2019-04-20 12:09:12,14,1.0,-0.339349900172967,-0.0,0.11341798368827201,True,240,4,-0.75,0.0,0.0,10.0,0.1625,Evidence pointed the other way
88986,107221,38212,37417,2019-04-20 18:33:30,10,-2.0,-0.027972361272346195,-0.0,-0.05884571862799463,False,73,0,0.0,0.0,7.0,14.0,0.0273972602739726,"New route, no community evidence"
89038,92893,38212,37417,2019-04-21 00:00:00,10,-2.0,-0.5011801560177477,-1.0,-0.040610931028699095,False,58,1,-2.0,1.0,6.0,13.0,0.08620689655172414,"Right direction, too few steps"
89039,92893,38213,37417,2019-04-21 00:00:00,14,-1.0,-0.05439617464905493,-0.0,-0.040610931028699095,False,58,0,0.0,0.0,4.0,12.0,0.08620689655172414,"New route, no community evidence"
89361,93294,38283,89289,2019-04-22 06:00:00,15,1.0,0.13230980796363456,0.0,0.11830311537908444,True,242,0,0.0,0.0,0.0,10.0,0.1652892561983471,"New route, no community evidence"
89381,93294,38281,89289,2019-04-22 12:07:38,20,-2.0,0.08334423884369511,0.0,0.12136915846048503,True,243,0,0.0,0.0,0.0,3.0,0.05761316872427984,"New route, no community evidence"
89405,89294,16232,31271,2019-04-22 14:46:13,11,1.0,0.20765852358287232,0.0,0.16157668897609298,True,66,1,0.0,0.0,0.0,2.0,0.2727272727272727,"Right direction, too cautious to show"
89406,89294,17128,31271,2019-04-22 14:46:28,15,1.0,0.18637727880957672,0.0,0.16898174960366155,True,67,2,0.0,0.0,0.0,0.0,0.2835820895522388,"Right direction, too cautious to show"
89601,2444,31713,92071,2019-04-23 08:57:08,12,-2.0,-1.1276491741244035,-1.0,-0.09397021872920272,True,41,12,-1.3333333333333333,8.0,2.0,3.0,0.0975609756097561,"Right direction, too few steps"
89602,2444,37845,70815,2019-04-23 08:57:17,6,2.0,0.45265260028161636,0.0,-0.10460864373941647,True,42,1,2.0,1.0,6.0,8.0,0.0,Evidence pointed the other way
89837,85878,23576,82621,2019-04-24 00:10:32,6,-1.0,0.25841636400889356,0.0,-0.025698131212628803,False,39,30,0.3,9.0,0.0,0.0,0.15384615384615385,Evidence pointed the other way
89954,71228,34125,11941,2019-04-24 10:26:15,16,-1.0,-0.003855993304419006,-0.0,0.007538558793351747,False,61,15,0.0,0.0,0.0,10.0,0.0,"Lone dissent, no signal anywhere"
89969,93294,38277,9453,2019-04-24 11:39:01,12,2.0,0.13228140242886605,0.0,0.1148158666320101,True,247,2,0.0,0.0,2.0,16.0,0.1659919028340081,"Right direction, too cautious to show"
90005,10899,37961,101188,2019-04-24 15:23:40,21,-2.0,-0.04763992628093437,-0.0,-0.021116872638273616,False,73,1,0.0,0.0,0.0,2.0,0.0410958904109589,"Lone dissent, no signal anywhere"
90007,10899,36563,55752,2019-04-24 15:25:15,20,2.0,-0.062411388482791166,-0.0,-0.03788036877155783,False,75,0,0.0,0.0,2.0,2.0,0.0,"New route, no community evidence"
90008,10899,36560,55752,2019-04-24 15:25:49,22,-1.0,-0.05970626664951764,-0.0,-0.02010030308948941,False,76,0,0.0,0.0,1.0,1.0,0.05263157894736842,"New route, no community evidence"
90009,10899,36558,84997,2019-04-24 15:26:11,14,1.0,0.46067109719473887,0.0,-0.028084288991576736,False,77,3,1.0,3.0,2.0,3.0,0.012987012987012988,"Right direction, too cautious to show"
90136,59126,38508,21,2019-04-24 20:44:46,6,1.0,0.3432795599873274,0.0,0.01154725112060799,False,199,1,1.0,1.0,5.0,6.0,0.06030150753768844,"Right direction, too cautious to show"
90199,108734,38304,108170,2019-04-24 22:57:16,10,-2.0,-0.05811764848510893,-0.0,-0.01738789851902757,False,28,0,0.0,0.0,1.0,14.0,0.21428571428571427,"New route, no community evidence"
90284,94315,36860,89289,2019-04-25 03:31:58,15,-1.0,-0.446689936164477,-0.0,-0.5019211521541294,True,49,10,0.1,0.0,0.0,4.0,0.6938775510204082,Evidence pointed the other way
90285,94315,36864,89289,2019-04-25 03:32:14,16,-1.0,-0.4245977907072272,-0.0,-0.5080688827717732,True,50,7,0.14285714285714285,0.0,0.0,3.0,0.7,Evidence pointed the other way
90537,88687,37729,81680,2019-04-25 22:50:27,18,1.0,-0.13717309129486016,-0.0,-0.016534403232863166,False,32,0,0.0,0.0,1.0,4.0,0.03125,"New route, no community evidence"
90548,37341,17552,87145,2019-04-25 23:12:54,12,-2.0,-0.055885140334294606,-0.0,0.04392324576079202,False,136,1,0.0,0.0,0.0,3.0,0.007352941176470588,"Lone dissent, no signal anywhere"
90613,94587,38277,9453,2019-04-26 05:37:26,12,2.0,0.34623283482123324,0.0,0.0670006343107151,False,47,4,0.5,1.0,1.0,14.0,0.2978723404255319,"Right direction, too cautious to show"
90614,94587,38280,89289,2019-04-26 05:38:11,12,1.0,0.08954204376017205,0.0,0.08579344342988428,True,48,4,0.0,0.0,1.0,19.0,0.3125,"Right direction, too cautious to show"
90615,93294,38742,89289,2019-04-26 06:00:00,19,1.0,0.08454201774815488,0.0,0.11909771136151925,True,254,0,0.0,0.0,0.0,3.0,0.16535433070866143,"New route, no community evidence"
90678,93294,38740,89288,2019-04-26 13:14:07,15,1.0,0.07669612928991859,0.0,0.1222027294182514,True,255,0,0.0,0.0,0.0,13.0,0.16862745098039217,"New route, no community evidence"
90724,109348,38515,106704,2019-04-26 16:01:32,12,1.0,-0.1557565983184109,-0.0,-0.12150315323039933,True,44,0,0.0,0.0,0.0,9.0,0.06818181818181818,"New route, no community evidence"
90728,109348,38517,106704,2019-04-26 16:06:12,14,2.0,-0.15758316998869398,-0.0,-0.10790601677959448,True,45,0,0.0,0.0,1.0,7.0,0.08888888888888889,"New route, no community evidence"
90730,109348,38081,106704,2019-04-26 16:06:47,10,2.0,-0.07622965381693625,-0.0,-0.08274784543383149,True,46,2,0.0,0.0,0.0,9.0,0.10869565217391304,Other
90759,99703,37981,41691,2019-04-26 18:37:15,13,-1.0,-0.10407296711612277,-0.0,-0.004468267148806704,False,43,7,-0.14285714285714285,1.0,1.0,25.0,0.11627906976744186,"Right direction, too cautious to show"
90777,88290,38374,80125,2019-04-26 19:24:30,13,-1.0,-0.2094639583123243,-0.0,-0.02273308736189908,False,134,2,-0.5,1.0,9.0,13.0,0.022388059701492536,"Right direction, too cautious to show"
90828,113341,38087,70297,2019-04-26 21:53:21,15,-1.0,-0.2550892066473792,-0.0,0.028188238878212306,False,36,4,-0.5,2.0,0.0,0.0,0.0,"Right direction, too cautious to show"
90829,113341,38241,69404,2019-04-26 21:56:29,15,-1.0,0.02465026847233582,0.0,0.018514073049617837,False,37,4,0.0,0.0,0.0,5.0,0.02702702702702703,"Lone dissent, no signal anywhere"
90860,97961,38641,37430,2019-04-26 22:50:13,22,-1.0,-0.11406756153324846,-0.0,-0.01743765900174681,False,31,0,0.0,0.0,2.0,8.0,0.03225806451612903,"New route, no community evidence"
90936,99386,36649,59023,2019-04-27 12:02:45,17,-2.0,-1.2580179105397897,-1.0,0.011837318442674634,False,17,5,-2.0,5.0,2.0,2.0,0.0,"Right direction, too few steps"
91255,61278,37116,37417,2019-04-28 13:12:22,17,1.0,-0.05931641900829965,-0.0,-0.007174823447499158,False,50,0,0.0,0.0,2.0,4.0,0.0,"New route, no community evidence"
91322,93711,21096,31273,2019-04-28 17:11:02,12,-2.0,-0.10596365577613565,-0.0,-0.07647498094109424,True,53,6,0.0,0.0,0.0,4.0,0.05660377358490566,"Lone dissent, no signal anywhere"
91348,98611,26459,57680,2019-04-28 18:23:31,15,1.0,-0.016642343174804355,-0.0,0.036593287859281065,False,39,1,0.0,0.0,0.0,1.0,0.15384615384615385,Other
91352,89294,22776,31271,2019-04-28 18:32:04,10,2.0,0.23390248008556194,0.0,0.17041941303400374,True,70,2,0.0,0.0,0.0,6.0,0.2857142857142857,"Right direction, too cautious to show"
91552,88460,29354,86035,2019-04-29 09:13:06,14,-2.0,0.045904064204773734,0.0,0.04286300623314164,False,43,25,0.0,0.0,0.0,0.0,0.06976744186046512,"Lone dissent, no signal anywhere"
91554,88460,33754,81641,2019-04-29 09:15:25,13,-1.0,0.016505224956915098,0.0,0.018186060386431408,False,45,21,0.0,0.0,0.0,13.0,0.08888888888888889,"Lone dissent, no signal anywhere"
91596,86338,38187,82620,2019-04-29 13:44:59,8,2.0,1.1571365012064998,1.0,-0.028367867690504582,False,84,4,2.0,4.0,8.0,15.0,0.011904761904761904,"Right direction, too few steps"
92000,102656,38516,106704,2019-04-30 21:17:01,16,1.0,-0.007803283733164367,-0.0,0.041499950786971974,False,27,1,0.0,0.0,1.0,2.0,0.1111111111111111,"Early dissent, confirmed later"
92060,100054,37157,659,2019-04-30 23:26:33,11,-1.0,-0.20004065456166922,-0.0,0.05126742705217952,False,34,1,-1.0,1.0,4.0,5.0,0.14705882352941177,"Right direction, too cautious to show"
92061,100054,37151,659,2019-04-30 23:26:44,8,-3.0,-0.6893009438259828,-1.0,0.04060405300862129,False,35,1,-3.0,1.0,3.0,6.0,0.17142857142857143,"Right direction, too few steps"
92214,93294,39113,89289,2019-05-01 10:54:01,19,-1.0,0.0905602247879431,0.0,0.12203837002790079,True,257,0,0.0,0.0,1.0,11.0,0.058365758754863814,"New route, no community evidence"
92283,109348,39068,106704,2019-05-01 14:31:07,13,1.0,-0.08202361249009865,-0.0,-0.0653876583353696,False,48,0,0.0,0.0,1.0,7.0,0.125,"New route, no community evidence"
92284,109348,39069,106704,2019-05-01 14:34:28,14,1.0,-0.07530145509062634,-0.0,-0.05323008965570556,False,49,0,0.0,0.0,0.0,7.0,0.14285714285714285,"New route, no community evidence"
92320,108480,38031,108478,2019-05-01 15:55:14,20,-1.0,-0.04153610670351098,-0.0,-0.0013244710681377303,False,29,2,0.0,0.0,0.0,0.0,0.034482758620689655,"Lone dissent, no signal anywhere"
92329,64237,38490,59023,2019-05-01 16:43:40,16,-1.0,-0.08813541208713511,-0.0,-0.0833911166926937,True,87,5,0.0,1.0,1.0,25.0,0.16091954022988506,"Right direction, too cautious to show"
92366,109348,38516,106704,2019-05-01 17:58:27,16,1.0,0.10032455964788795,0.0,-0.04122531711129683,False,50,3,0.3333333333333333,1.0,0.0,0.0,0.16,"Right direction, too cautious to show"
92420,100383,27876,82622,2019-05-01 18:37:45,9,-1.0,-0.43390773344557937,-0.0,-0.012202936991748374,False,25,27,-0.48148148148148145,14.0,3.0,10.0,0.04,"Right direction, too cautious to show"
92428,100383,38187,82620,2019-05-01 18:38:41,8,2.0,1.2083597383623343,1.0,-0.018215942835573887,False,28,7,1.7142857142857142,6.0,6.0,12.0,0.03571428571428571,"Right direction, too few steps"
92627,93294,39154,89289,2019-05-02 06:00:00,22,-2.0,0.055157089456200445,0.0,0.11945877318252397,True,260,0,0.0,0.0,1.0,4.0,0.06153846153846154,"New route, no community evidence"
92813,77747,37885,8092,2019-05-02 18:52:34,8,-2.0,0.4400471970344054,0.0,0.07655309861133512,False,31,3,0.6666666666666666,0.0,0.0,3.0,0.22580645161290322,Evidence pointed the other way
92827,73421,39149,7246,2019-05-02 19:37:02,9,3.0,0.004077547183983982,0.0,-0.0082982856563158,False,73,0,0.0,0.0,6.0,10.0,0.0547945205479452,"New route, no community evidence"
92908,59806,30189,9291,2019-05-02 21:39:03,12,-2.0,-0.6757627673392722,-1.0,0.0002061353403518573,False,44,12,-0.8333333333333334,5.0,0.0,0.0,0.0,"Right direction, too few steps"
92967,105601,35595,82647,2019-05-02 22:44:46,12,-1.0,0.030234928302068902,0.0,0.03214179134377365,False,34,24,0.0,0.0,0.0,10.0,0.058823529411764705,"Lone dissent, no signal anywhere"
93064,93294,38983,89283,2019-05-03 09:29:42,20,1.0,0.0947551361738056,0.0,0.11554229337087647,True,264,1,0.0,0.0,0.0,3.0,0.16666666666666666,"Right direction, too cautious to show"
93101,45625,14497,31827,2019-05-03 13:21:31,12,-2.0,-0.4853957157058336,-0.0,0.0003886584552734028,False,23,1,-2.0,1.0,0.0,0.0,0.0,"Right direction, too cautious to show"
93102,45625,14517,31819,2019-05-03 13:22:17,6,2.0,0.06859031398669603,0.0,-0.023277033567713344,False,24,0,0.0,0.0,2.0,3.0,0.0,"New route, no community evidence"
93103,45625,14515,31827,2019-05-03 13:22:29,10,2.0,0.5158882374375476,1.0,0.006436961601722103,False,25,1,2.0,1.0,1.0,1.0,0.04,"Right direction, too few steps"
93104,45625,14522,31807,2019-05-03 13:22:52,6,-2.0,0.09134990773627776,0.0,0.0286175227122014,False,26,1,0.0,0.0,1.0,3.0,0.038461538461538464,"Early dissent, confirmed later"
93464,80142,39119,32378,2019-05-04 15:43:09,8,-3.0,0.06505400482817733,0.0,-0.006320193300462974,False,68,0,0.0,0.0,0.0,3.0,0.058823529411764705,"New route, no community evidence"
93487,80142,39117,62909,2019-05-04 16:17:26,6,-1.0,-0.3024144900036613,-0.0,-0.034439091648989284,False,69,1,-1.0,1.0,0.0,4.0,0.07246376811594203,"Right direction, too cautious to show"
93595,75794,37426,64627,2019-05-04 21:00:56,15,2.0,-0.06172324469947763,-0.0,-0.01813496079067613,False,88,3,0.0,0.0,1.0,4.0,0.0,"Early dissent, confirmed later"
93629,95425,37845,70815,2019-05-04 23:10:45,6,2.0,0.9180035702724281,1.0,-0.16698046969229122,True,90,3,2.0,3.0,4.0,6.0,0.022222222222222223,Evidence pointed the other way
93630,95425,38069,87145,2019-05-04 23:11:56,10,-2.0,-0.30160070765341357,-0.0,-0.1587209551244207,True,91,3,0.0,1.0,3.0,9.0,0.2087912087912088,"Right direction, too cautious to show"
93631,95425,39272,70815,2019-05-04 23:12:49,10,2.0,-0.1431023166852604,-0.0,-0.17158544538944612,True,92,0,0.0,0.0,4.0,9.0,0.03260869565217391,"New route, no community evidence"
93677,94729,34731,89286,2019-05-05 01:33:08,15,-1.0,-0.053612745703106604,-0.0,-0.010311146098264955,False,27,22,-0.045454545454545456,1.0,0.0,1.0,0.07407407407407407,"Right direction, too cautious to show"
94066,119740,36905,103988,2019-05-05 19:23:55,12,1.0,0.0038598411766942696,0.0,-0.002737768158400383,False,20,15,0.0,0.0,0.0,11.0,0.0,"Lone dissent, no signal anywhere"
94219,104302,38154,89286,2019-05-06 03:37:21,15,-1.0,-0.047245858617418285,-0.0,-0.01844702433563503,False,172,2,0.0,0.0,1.0,7.0,0.011627906976744186,"Right direction, too cautious to show"
94241,111075,38862,102621,2019-05-06 07:08:42,14,-1.0,0.06376417788277483,0.0,-0.007330571041213011,False,45,1,0.0,0.0,0.0,2.0,0.022222222222222223,"Lone dissent, no signal anywhere"
94317,107221,38213,37417,2019-05-06 16:39:18,14,-1.0,-0.48590767267730417,-0.0,-0.060953713375803756,True,75,4,-0.75,3.0,1.0,8.0,0.04,"Right direction, too cautious to show"
94423,93294,39359,89283,2019-05-06 21:00:08,19,-1.0,0.06647097829921918,0.0,0.11714732108893702,True,265,0,0.0,0.0,1.0,12.0,0.06415094339622641,"New route, no community evidence"
94740,48878,38242,69404,2019-05-07 20:40:29,21,-1.0,-0.057612340566760144,-0.0,0.021963543741032588,False,153,0,0.0,0.0,0.0,0.0,0.013071895424836602,"New route, no community evidence"
94955,114672,39410,106596,2019-05-08 05:43:31,13,1.0,0.3835025518622521,0.0,0.026004548319757955,False,36,3,0.6666666666666666,2.0,2.0,3.0,0.027777777777777776,"Right direction, too cautious to show"
94974,100790,39282,69406,2019-05-08 08:00:09,10,2.0,0.04036588507697263,0.0,-0.016745286638908723,False,33,0,0.0,0.0,0.0,8.0,0.030303030303030304,"New route, no community evidence"
95032,93294,39596,89288,2019-05-08 12:08:54,12,1.0,0.09935633031406903,0.0,0.11264827320206425,True,271,0,0.0,0.0,1.0,17.0,0.16605166051660517,"New route, no community evidence"
95226,103399,33594,95025,2019-05-08 21:08:12,8,-3.0,-1.5849417673496955,-2.0,-0.0024677896946891744,False,38,4,-2.75,4.0,1.0,2.0,0.05263157894736842,"Right direction, too few steps"
95693,104795,36289,82647,2019-05-09 22:48:36,13,-1.0,0.006782249973991561,0.0,0.01082892786864589,False,28,19,0.0,0.0,0.0,5.0,0.03571428571428571,"Lone dissent, no signal anywhere"
95793,97547,38803,82243,2019-05-10 05:22:49,19,1.0,-0.03034653146678825,-0.0,0.030987794441375945,False,134,0,0.0,0.0,0.0,0.0,0.029850746268656716,"New route, no community evidence"
95812,63831,39701,63831,2019-05-10 09:12:14,15,-2.0,-0.2672901806416823,-0.0,-0.21027911130940197,True,55,2,0.0,0.0,1.0,9.0,0.2909090909090909,"Right direction, too cautious to show"
95813,63831,39696,102915,2019-05-10 09:12:44,8,-2.0,-0.7073735085941661,-1.0,-0.22832817187484897,True,56,3,-1.0,1.0,2.0,7.0,0.30357142857142855,"Right direction, too few steps"
95814,63831,39695,63831,2019-05-10 09:12:59,6,-1.0,-0.2695862274194956,-0.0,-0.24165421806034545,True,57,1,0.0,0.0,0.0,8.0,0.3157894736842105,"Right direction, too cautious to show"
95877,64794,35282,68223,2019-05-10 13:41:36,13,1.0,0.06646038704135446,0.0,-0.022409808198230366,False,99,7,0.14285714285714285,1.0,0.0,3.0,0.010101010101010102,"Right direction, too cautious to show"
95967,116744,39348,45741,2019-05-10 20:34:04,13,-1.0,-0.3731930567673666,-0.0,0.03972189130454665,False,23,2,-1.0,2.0,8.0,11.0,0.0,"Right direction, too cautious to show"
95975,88404,34331,85986,2019-05-10 20:44:49,13,1.0,0.020842472974251142,0.0,0.006683561742169987,False,55,15,0.0,0.0,0.0,3.0,0.01818181818181818,"Lone dissent, no signal anywhere"
96319,89547,33875,76978,2019-05-11 17:42:21,17,-3.0,-2.0652306590408895,-2.0,0.03863909373042131,False,61,7,-3.0,7.0,0.0,0.0,0.0,"Right direction, too few steps"
96461,116084,39348,45741,2019-05-12 00:00:00,13,-1.0,-0.4690164427383872,-0.0,0.04661836364287143,False,25,3,-1.0,3.0,7.0,10.0,0.04,"Right direction, too cautious to show"
96549,80142,39606,32378,2019-05-12 10:57:25,6,-1.0,0.04648002198571224,0.0,-0.033637630433195516,False,70,0,0.0,0.0,2.0,7.0,0.08571428571428572,"New route, no community evidence"
96557,80142,39605,32378,2019-05-12 11:25:26,11,3.0,-0.016123042697006314,-0.0,-0.043065378379012746,False,71,0,0.0,0.0,0.0,4.0,0.11267605633802817,"New route, no community evidence"
96580,80142,39607,32378,2019-05-12 12:18:35,6,-1.0,0.06720311063579565,0.0,-0.015568736114213827,False,73,0,0.0,0.0,0.0,4.0,0.0958904109589041,"New route, no community evidence"
96650,71087,38069,87145,2019-05-12 16:28:14,10,-2.0,-0.6745105515389032,-1.0,-0.10087490543427063,True,32,5,-0.8,3.0,1.0,7.0,0.125,"Right direction, too few steps"
96945,86350,39283,69406,2019-05-13 13:52:26,15,1.0,0.028906677480865745,0.0,0.01435858454703494,False,102,2,0.0,0.0,0.0,1.0,0.0392156862745098,"Lone dissent, no signal anywhere"
97135,39731,40137,37759,2019-05-13 22:27:07,12,1.0,0.3641207267730215,0.0,0.30456541363319906,True,116,0,0.0,0.0,0.0,2.0,0.33620689655172414,"New route, no community evidence"
97282,115338,40050,109285,2019-05-14 11:07:10,19,1.0,-0.05988319941054706,-0.0,-0.0768442400050623,False,24,0,0.0,0.0,0.0,0.0,0.041666666666666664,"New route, no community evidence"
97346,80457,37981,41691,2019-05-14 17:00:16,13,-1.0,-0.09808403002738382,-0.0,0.03782336506056497,False,39,12,-0.16666666666666666,2.0,0.0,20.0,0.0,"Right direction, too cautious to show"
97471,88404,36350,85986,2019-05-14 21:14:55,12,2.0,1.3529103270051446,1.0,0.016919045290731453,False,59,21,1.5238095238095237,18.0,10.0,15.0,0.03389830508474576,"Right direction, too few steps"
97552,87122,18928,436,2019-05-14 22:41:54,6,1.0,0.332418979219077,0.0,0.011355343164170022,False,32,1,1.0,1.0,0.0,0.0,0.15625,"Right direction, too cautious to show"
97811,72678,37845,70815,2019-05-15 19:40:08,6,2.0,1.2552671285774242,1.0,-0.09478442575196508,True,59,5,2.0,5.0,2.0,4.0,0.0,"Right direction, too few steps"
97875,17309,40160,103139,2019-05-15 21:20:32,22,-2.0,-0.1623245320380654,-0.0,-0.12980526185962807,True,26,1,0.0,0.0,0.0,1.0,0.3076923076923077,"Right direction, too cautious to show"
97877,102860,39115,62909,2019-05-15 21:23:02,6,1.0,0.2892444990373398,0.0,0.040883822737665054,False,49,1,1.0,1.0,9.0,9.0,0.1836734693877551,"Right direction, too cautious to show"
97986,114610,34602,35109,2019-05-16 00:00:00,8,-2.0,-0.8603767245814213,-1.0,0.023694901542384465,False,50,15,-1.0666666666666667,8.0,0.0,8.0,0.0,"Right direction, too few steps"
98321,7142,40361,82299,2019-05-16 22:33:57,16,-1.0,-0.07325622522209552,-0.0,-0.03310134453492082,False,141,0,0.0,0.0,5.0,7.0,0.0851063829787234,"New route, no community evidence"
98473,98542,38762,2588,2019-05-17 11:18:47,6,1.0,0.08787857486910049,0.0,-0.02091912711988229,False,25,0,0.0,0.0,9.0,9.0,0.0,"New route, no community evidence"
98780,86427,38541,82620,2019-05-18 00:37:28,6,1.0,0.39760520187565607,0.0,0.06491614776366089,True,83,1,1.0,1.0,15.0,17.0,0.1566265060240964,"Right direction, too cautious to show"
98995,88264,32017,86757,2019-05-18 22:19:28,12,1.0,0.08828989398811823,0.0,0.006770510218014168,False,85,11,0.09090909090909091,1.0,0.0,2.0,0.047058823529411764,"Right direction, too cautious to show"
99002,88264,26856,86753,2019-05-18 22:22:04,13,1.0,-0.02107121314311148,-0.0,0.013858160991511171,False,92,27,-0.037037037037037035,0.0,0.0,0.0,0.05434782608695652,"Lone dissent, no signal anywhere"
99003,88264,31791,11059,2019-05-18 22:22:29,12,1.0,0.025171871557598223,0.0,0.021531782570284614,False,93,21,0.0,0.0,0.0,3.0,0.06451612903225806,"Lone dissent, no signal anywhere"
99005,88264,38134,79945,2019-05-18 22:23:25,15,-1.0,0.01848445229428422,0.0,0.02850047140150975,False,95,3,0.0,0.0,1.0,5.0,0.031578947368421054,Other
99012,104795,40158,103987,2019-05-18 22:47:01,12,1.0,-0.04391885644832042,-0.0,-0.00282637396474225,False,29,4,0.0,0.0,0.0,13.0,0.034482758620689655,"Lone dissent, no signal anywhere"
99036,77449,39355,86757,2019-05-19 00:00:00,19,-1.0,-0.11793710091980164,-0.0,-0.10406359571452094,True,42,2,0.0,0.0,0.0,4.0,0.19047619047619047,"Right direction, too cautious to show"
99056,91693,36397,76774,2019-05-19 01:00:00,12,2.0,0.36359608495469,0.0,0.0191773452135601,False,52,9,0.4444444444444444,2.0,0.0,3.0,0.057692307692307696,"Right direction, too cautious to show"
99596,74950,40156,80125,2019-05-20 20:00:46,13,-1.0,-0.019107072194481604,-0.0,-0.024147996229238786,False,178,0,0.0,0.0,6.0,8.0,0.016853932584269662,"New route, no community evidence"
99746,88643,31404,85701,2019-05-21 01:09:35,6,1.0,0.4747643514105685,0.0,0.005533868206254266,False,54,2,1.0,2.0,0.0,0.0,0.05555555555555555,"Right direction, too cautious to show"
99757,88643,39087,87542,2019-05-21 01:12:13,6,1.0,0.12898275722972743,0.0,0.00911066869616503,False,65,0,0.0,0.0,1.0,1.0,0.06153846153846154,"New route, no community evidence"
99899,75428,39149,7246,2019-05-21 17:23:58,9,1.0,1.5682641071365206,2.0,-0.14253087059730377,True,18,4,3.0,4.0,2.0,6.0,0.05555555555555555,Evidence pointed the other way
100175,59166,38762,2588,2019-05-22 10:55:58,6,1.0,0.34083861219979356,0.0,0.0064271072094201995,False,115,1,1.0,1.0,8.0,8.0,0.0782608695652174,"Right direction, too cautious to show"
100224,88687,34218,82214,2019-05-22 15:54:41,10,2.0,0.3043559341327256,0.0,-0.0020261579055645003,False,33,14,0.35714285714285715,3.0,0.0,0.0,0.06060606060606061,"Right direction, too cautious to show"
100241,112330,36350,85986,2019-05-22 17:46:34,12,2.0,1.306658182844333,1.0,-0.01612398555004582,False,30,25,1.48,21.0,7.0,11.0,0.0,"Right direction, too few steps"
100341,103399,40146,100053,2019-05-22 20:25:38,6,2.0,0.05211063629941101,0.0,-0.019092865398160144,False,39,0,0.0,0.0,0.0,3.0,0.0,"New route, no community evidence"
100498,85019,38606,81680,2019-05-23 00:09:18,10,1.0,-0.006309446768048711,-0.0,0.005768065219695033,False,25,12,0.0,0.0,0.0,3.0,0.12,Other
100583,83036,39701,63831,2019-05-23 07:51:10,15,-2.0,-0.6082490685005872,-1.0,-0.3424612766768748,True,35,5,-0.4,1.0,0.0,6.0,0.5714285714285714,"Right direction, too few steps"
100637,9709,40747,37759,2019-05-23 12:26:36,12,1.0,-0.05141524484635434,-0.0,-0.1053467582921432,True,100,0,0.0,0.0,2.0,3.0,0.03,"New route, no community evidence"
100638,9709,40141,37759,2019-05-23 12:27:22,18,-1.0,-0.10465467378710838,-0.0,-0.09788871728953596,True,101,0,0.0,0.0,0.0,0.0,0.0891089108910891,"New route, no community evidence"
100692,3876,39181,11941,2019-05-23 16:22:32,6,1.0,0.3136297312376603,0.0,0.002903666016100791,False,106,1,1.0,1.0,5.0,5.0,0.03773584905660377,"Right direction, too cautious to show"
100745,115885,40244,91144,2019-05-23 18:41:44,12,-2.0,-1.1626863890987238,-1.0,0.004166410215594423,False,25,4,-2.0,4.0,2.0,6.0,0.0,"Right direction, too few steps"
100958,105397,40395,91143,2019-05-24 02:38:43,10,-2.0,-0.2377092295300822,-0.0,-0.2501864989949124,True,141,0,0.0,0.0,0.0,5.0,0.2127659574468085,"New route, no community evidence"
100974,87720,41350,31979,2019-05-24 06:52:17,6,1.0,0.11431279923677315,0.0,0.013499899390134735,False,28,0,0.0,0.0,4.0,5.0,0.07142857142857142,"New route, no community evidence"
101021,92375,40502,50737,2019-05-24 11:30:42,14,1.0,0.08008111696830011,0.0,0.07145568366806934,True,43,3,0.0,0.0,1.0,5.0,0.16279069767441862,"Right direction, too cautious to show"
101118,107102,34464,59023,2019-05-24 17:29:57,14,-1.0,-0.2658059228872025,-0.0,0.0023474242769696567,False,64,18,-0.3333333333333333,4.0,2.0,17.0,0.046875,"Right direction, too cautious to show"
101136,105397,40847,91579,2019-05-24 18:08:04,8,-2.0,-0.2531009890316797,-0.0,-0.25986941531617574,True,142,2,0.0,0.0,0.0,2.0,0.21830985915492956,"Right direction, too cautious to show"
101138,105397,40239,91147,2019-05-24 18:08:56,13,-1.0,-0.2972465624937859,-0.0,-0.267939807726798,True,144,4,0.0,0.0,0.0,7.0,0.2222222222222222,"Right direction, too cautious to show"
101139,105397,40231,91145,2019-05-24 18:09:30,14,-2.0,-0.2973739901871483,-0.0,-0.2717250159478409,True,145,2,0.0,0.0,0.0,3.0,0.22758620689655173,"Right direction, too cautious to show"
101140,105397,40392,92458,2019-05-24 18:09:45,12,-2.0,-0.31266588406953916,-0.0,-0.2808665189093436,True,146,0,0.0,0.0,0.0,5.0,0.2328767123287671,"New route, no community evidence"
101631,3191,33554,7246,2019-05-26 00:00:00,14,-2.0,-1.3719679737418713,-1.0,0.03458048298506158,False,117,7,-2.0,7.0,2.0,4.0,0.042735042735042736,"Right direction, too few steps"
101690,107345,36350,85986,2019-05-26 12:28:10,12,2.0,1.305135500401356,1.0,-0.04252106313655017,False,23,26,1.5,22.0,6.0,10.0,0.043478260869565216,"Right direction, too few steps"
101848,38726,38480,62913,2019-05-26 18:20:32,6,1.0,0.4603834305607851,0.0,0.027518961855714005,False,139,2,1.0,2.0,7.0,8.0,0.07913669064748201,"Right direction, too cautious to show"
101850,77808,34055,43301,2019-05-26 18:26:49,19,1.0,0.07156121607048047,0.0,0.07366167008843016,True,187,9,0.0,0.0,0.0,2.0,0.21390374331550802,"Right direction, too cautious to show"
101851,77808,37689,41691,2019-05-26 18:27:05,17,-1.0,0.05721453417226121,0.0,0.07773701286502165,True,188,14,0.0,0.0,0.0,0.0,0.13297872340425532,Other
102061,88514,41252,85986,2019-05-27 18:10:18,15,1.0,0.0366887423775758,0.0,0.013931753387343185,False,145,0,0.0,0.0,5.0,7.0,0.034482758620689655,"New route, no community evidence"
102081,71075,31713,92071,2019-05-27 19:14:07,12,-2.0,-1.1785719574118794,-1.0,-0.035278318866499216,False,58,14,-1.4285714285714286,10.0,0.0,1.0,0.05172413793103448,"Right direction, too few steps"
102277,105397,40848,91579,2019-05-28 00:12:40,14,-2.0,-0.3205452231161761,-0.0,-0.28697157162577863,True,147,2,0.0,0.0,0.0,4.0,0.23809523809523808,"Right direction, too cautious to show"
102278,105397,40850,91579,2019-05-28 00:12:54,8,-2.0,-0.29814897687100067,-0.0,-0.2959048417973375,True,148,2,0.0,0.0,0.0,4.0,0.24324324324324326,"Right direction, too cautious to show"
102280,105397,40855,91141,2019-05-28 00:13:42,14,-2.0,-0.32962863840326967,-0.0,-0.30335913428139366,True,150,5,0.0,0.0,1.0,5.0,0.24666666666666667,"Right direction, too cautious to show"
102431,69079,38641,37430,2019-05-28 15:25:41,22,-1.0,-0.18122880056807308,-0.0,0.0515560181735632,False,28,6,-0.3333333333333333,2.0,0.0,2.0,0.0,"Right direction, too cautious to show"
102501,106967,37151,659,2019-05-28 19:13:15,8,-3.0,-1.159774374987114,-1.0,0.026161445130990547,False,52,2,-3.0,2.0,2.0,5.0,0.07692307692307693,"Right direction, too few steps"
102631,3191,40814,2588,2019-05-28 23:36:55,14,3.0,0.0732821741289231,0.0,0.04341695719113053,False,126,0,0.0,0.0,0.0,4.0,0.06349206349206349,"New route, no community evidence"
102772,85878,38187,82620,2019-05-29 12:33:09,8,2.0,1.2603160395806046,1.0,-0.037129495738737306,False,42,12,1.5833333333333333,10.0,2.0,7.0,0.09523809523809523,"Right direction, too few steps"
102784,18476,41361,76774,2019-05-29 12:47:45,16,-2.0,0.05386886821991598,0.0,0.05210409151501914,False,25,1,0.0,0.0,2.0,9.0,0.04,Other
102786,18476,41349,87534,2019-05-29 12:48:35,18,-2.0,-0.02158766174253981,-0.0,0.020591605757231696,False,27,2,0.0,0.0,3.0,11.0,0.07407407407407407,"Early dissent, confirmed later"
102790,18476,41346,87534,2019-05-29 12:49:26,16,-2.0,-0.05103468218535405,-0.0,-0.008385455129635361,False,30,1,0.0,0.0,2.0,14.0,0.1,"Right direction, too cautious to show"
102856,105397,40244,91144,2019-05-29 17:11:37,12,-2.0,-1.3275311754712429,-1.0,-0.3079909343360065,True,154,7,-1.4285714285714286,5.0,1.0,3.0,0.24675324675324675,"Right direction, too few steps"
102858,105397,40396,91145,2019-05-29 17:12:22,15,-2.0,-0.7393274580179107,-1.0,-0.3098230716204491,True,156,2,-1.0,1.0,0.0,0.0,0.25,"Right direction, too few steps"
102980,85019,41127,82212,2019-05-29 23:04:04,9,1.0,0.03615332959280745,0.0,0.01667113972151448,False,28,4,0.0,0.0,1.0,6.0,0.14285714285714285,"Right direction, too cautious to show"
103067,116009,41378,106596,2019-05-30 02:38:46,15,1.0,0.11676759340985679,0.0,0.10177898601982985,True,48,0,0.0,0.0,0.0,5.0,0.22916666666666666,"New route, no community evidence"
103134,31979,41350,31979,2019-05-30 10:10:30,6,1.0,0.3010052173737316,0.0,-0.02462498697242141,False,51,1,1.0,1.0,3.0,4.0,0.058823529411764705,"Right direction, too cautious to show"
103289,12101,31678,7246,2019-05-30 16:46:22,16,-2.0,-1.3437154721231315,-1.0,-0.0006875609045609401,False,118,6,-2.0,6.0,1.0,1.0,0.025423728813559324,"Right direction, too few steps"
103448,118937,41182,62909,2019-05-30 22:58:35,6,-1.0,-0.4054507566362774,-0.0,0.0024839750107839933,False,27,2,-1.0,2.0,9.0,11.0,0.07407407407407407,"Right direction, too cautious to show"
103449,118937,41188,62912,2019-05-30 22:58:49,11,-1.0,0.06143814816702622,0.0,-0.008465446160268371,False,28,2,0.0,1.0,6.0,10.0,0.10714285714285714,Other
103601,56105,35588,64517,2019-05-31 12:49:41,11,1.0,0.08909941970687985,0.0,0.14789587200575646,True,84,0,0.0,0.0,1.0,1.0,0.17857142857142858,"New route, no community evidence"
103604,56105,34820,64517,2019-05-31 12:50:02,8,-1.0,-0.11691519329550469,-0.0,0.1514814468604688,True,87,1,-1.0,1.0,1.0,1.0,0.06896551724137931,Evidence pointed the other way
103605,56105,34821,64517,2019-05-31 12:50:05,10,-3.0,-0.6445586113942146,-1.0,0.14455302771279482,True,88,1,-3.0,1.0,1.0,3.0,0.07954545454545454,Evidence pointed the other way
103606,56105,27221,64517,2019-05-31 12:50:09,6,1.0,0.35557901943694625,0.0,0.12622640525572243,True,89,1,1.0,1.0,1.0,1.0,0.1797752808988764,"Right direction, too cautious to show"
103839,38552,41349,87534,2019-06-01 00:25:32,18,-2.0,-0.3406351732421535,-0.0,-0.020398620226809355,False,147,4,-0.5,1.0,2.0,9.0,0.07482993197278912,"Right direction, too cautious to show"
104034,118306,40411,62909,2019-06-01 18:18:59,8,-2.0,-0.6147772239429745,-1.0,-0.041940176945675284,False,26,6,-0.8333333333333334,5.0,4.0,8.0,0.3076923076923077,"Right direction, too few steps"
104035,118306,41184,62909,2019-06-01 18:19:18,14,-1.0,-0.3945238599898713,-0.0,-0.06169945350347312,False,27,1,-1.0,1.0,4.0,9.0,0.3333333333333333,"Right direction, too cautious to show"
104075,52012,40412,62909,2019-06-01 23:04:12,11,1.0,0.0554928035740615,0.0,-0.035431743902762505,False,44,6,0.16666666666666666,1.0,1.0,10.0,0.09090909090909091,"Right direction, too cautious to show"
104153,78019,38014,82299,2019-06-02 10:20:25,17,-1.0,-0.03687907908132376,-0.0,0.006745989891107818,False,58,2,0.0,0.0,0.0,2.0,0.05172413793103448,"Lone dissent, no signal anywhere"
104155,78019,36357,56345,2019-06-02 10:20:57,14,1.0,0.14754622814674193,0.0,-0.0022330918338296576,False,60,5,0.2,1.0,0.0,1.0,0.03333333333333333,"Right direction, too cautious to show"
104158,78019,34683,82299,2019-06-02 10:22:30,16,2.0,-0.017099721483031346,-0.0,0.008922826790675117,False,63,2,0.0,0.0,0.0,0.0,0.047619047619047616,"Lone dissent, no signal anywhere"
104159,78019,34168,82299,2019-06-02 10:22:54,16,-2.0,-0.36248776148072587,-0.0,0.02828027581446021,False,64,10,-0.5,3.0,0.0,0.0,0.0625,"Right direction, too cautious to show"
104181,101392,35049,100870,2019-06-02 13:00:54,13,-1.0,-0.013390628330960289,-0.0,-0.006122080720383578,False,40,9,0.0,0.0,0.0,8.0,0.025,"Lone dissent, no signal anywhere"
104183,101392,36525,70048,2019-06-02 13:01:36,6,-1.0,-0.001975949140958458,-0.0,-0.018166525372969547,False,42,11,0.0,0.0,0.0,9.0,0.047619047619047616,"Lone dissent, no signal anywhere"
104184,101392,35050,100870,2019-06-02 13:01:48,14,-1.0,-0.1274155404957858,-0.0,-0.030190944516698938,False,43,9,-0.1111111111111111,1.0,0.0,6.0,0.06976744186046512,"Right direction, too cautious to show"
104204,105747,36350,85986,2019-06-02 14:25:57,12,2.0,1.40553392476198,1.0,0.034005553260914256,False,44,27,1.5185185185185186,23.0,5.0,9.0,0.045454545454545456,"Right direction, too few steps"
104215,103219,41863,17880,2019-06-02 15:07:18,11,-3.0,-0.7604624326742304,-1.0,-0.008296262466371686,False,109,1,-3.0,1.0,1.0,8.0,0.03669724770642202,"Right direction, too few steps"
104230,88457,34332,86035,2019-06-02 16:42:10,16,2.0,0.025170147098183077,0.0,0.035217333016225705,False,58,5,0.0,0.0,0.0,0.0,0.06896551724137931,"Lone dissent, no signal anywhere"
104310,88000,41726,83009,2019-06-02 20:57:53,16,1.0,-0.03250583055122141,-0.0,0.003951912700488156,False,43,0,0.0,0.0,1.0,9.0,0.0,"New route, no community evidence"
104428,108616,32387,108170,2019-06-03 13:12:47,14,-1.0,-0.4566461355105604,-0.0,-0.02221869374203747,False,49,12,-0.5,6.0,1.0,1.0,0.14285714285714285,"Right direction, too cautious to show"
104509,68008,40299,7246,2019-06-03 19:31:38,18,-2.0,-0.8253968725339139,-1.0,0.005734005686093551,False,35,2,-2.0,2.0,0.0,1.0,0.02857142857142857,"Right direction, too few steps"
104520,92039,41346,87534,2019-06-03 19:49:43,16,-2.0,-0.26939812271980584,-0.0,0.03829626158180122,False,53,4,-0.5,1.0,1.0,11.0,0.03773584905660377,"Right direction, too cautious to show"
104524,92039,41361,76774,2019-06-03 19:50:16,16,-2.0,-0.654089408796663,-1.0,0.0158385865461232,False,55,3,-1.3333333333333333,2.0,0.0,7.0,0.05454545454545454,"Right direction, too few steps"
104546,103399,39467,37759,2019-06-03 20:29:41,8,-2.0,-0.965341075309715,-1.0,-0.00265008005700363,False,41,3,-2.0,3.0,1.0,2.0,0.07317073170731707,"Right direction, too few steps"
104884,71918,42116,102915,2019-06-04 16:07:06,8,2.0,0.07647631024755633,0.0,0.03512461849060952,False,24,0,0.0,0.0,2.0,9.0,0.0,"New route, no community evidence"
104885,71918,42108,63831,2019-06-04 16:08:09,8,2.0,0.5507363428845047,1.0,0.0647172906406471,False,25,1,2.0,1.0,3.0,6.0,0.04,"Right direction, too few steps"
104929,101392,42387,64627,2019-06-04 18:56:27,10,2.0,-0.03763957864916011,-0.0,-0.03859225516895082,False,44,0,0.0,0.0,0.0,8.0,0.0,"New route, no community evidence"
105157,71918,42110,63831,2019-06-05 11:17:40,14,2.0,0.02970078587068519,0.0,0.07329914856233541,False,26,0,0.0,0.0,1.0,1.0,0.07692307692307693,"New route, no community evidence"
105983,68008,39303,2588,2019-06-07 20:02:43,14,2.0,1.0023426031466132,1.0,-0.005652013955286457,False,39,3,2.0,3.0,0.0,2.0,0.05128205128205128,"Right direction, too few steps"
106033,50690,41186,62909,2019-06-07 22:16:28,18,-1.0,-0.07944568372530894,-0.0,0.02613455791024364,False,24,1,0.0,0.0,1.0,1.0,0.25,"Early dissent, confirmed later"
106196,106086,31001,66603,2019-06-08 16:33:14,10,-2.0,-0.016888647886194694,-0.0,0.003721115537942889,False,23,7,0.0,0.0,0.0,3.0,0.21739130434782608,"Right direction, too cautious to show"
106198,106086,25647,66603,2019-06-08 16:33:59,10,2.0,-0.02928729040802791,-0.0,-0.02725979283392675,False,24,21,0.0,0.0,0.0,1.0,0.25,Other
106416,111718,40046,107817,2019-06-09 19:16:23,16,1.0,0.04166361753972471,0.0,0.040393606424773965,False,36,1,0.0,0.0,0.0,0.0,0.16666666666666666,"Right direction, too cautious to show"
106474,91693,41349,87534,2019-06-09 22:33:55,18,-2.0,-0.35124846172403745,-0.0,0.03814164162061558,False,60,8,-0.5,2.0,1.0,5.0,0.05,"Right direction, too cautious to show"
107012,64237,43338,59023,2019-06-11 19:17:13,17,-1.0,-0.14018253486111742,-0.0,-0.08985453603677813,True,98,1,0.0,0.0,1.0,10.0,0.15306122448979592,"Right direction, too cautious to show"
107187,39760,43284,38878,2019-06-12 07:27:46,6,-1.0,0.02415985367124386,0.0,-0.008379019709977113,False,38,0,0.0,0.0,2.0,5.0,0.05263157894736842,"New route, no community evidence"
107268,95285,40294,70623,2019-06-12 13:56:16,8,-3.0,-1.9396727882283582,-2.0,0.0008824941634679327,False,61,10,-2.5,9.0,2.0,4.0,0.0,"Right direction, too few steps"
107353,56105,39467,37759,2019-06-12 19:18:06,8,-2.0,-0.9800247822379269,-1.0,0.1313514068793105,True,95,4,-2.0,4.0,0.0,1.0,0.08421052631578947,Evidence pointed the other way
107447,56105,38949,8092,2019-06-12 21:03:53,13,1.0,0.2750734569235396,0.0,0.12273826870915822,True,97,3,0.3333333333333333,1.0,0.0,1.0,0.17525773195876287,"Right direction, too cautious to show"
107451,49890,40718,82621,2019-06-12 21:17:11,10,1.0,0.4885943520640082,0.0,-0.013290824924490567,False,30,3,1.0,3.0,2.0,11.0,0.03333333333333333,"Right direction, too cautious to show"
107719,59256,34481,66603,2019-06-13 13:19:14,13,1.0,0.32306950794852535,0.0,0.01751429616105462,False,28,8,0.5,4.0,0.0,0.0,0.07142857142857142,"Right direction, too cautious to show"
107799,88258,43543,92233,2019-06-13 19:18:44,14,1.0,0.017591083887251825,0.0,0.028669885437299102,False,116,0,0.0,0.0,0.0,7.0,0.05172413793103448,"New route, no community evidence"
107989,52160,34600,48831,2019-06-13 23:10:47,14,-1.0,-0.45994766515748403,-0.0,-0.004517805130052947,False,186,15,-0.5333333333333333,8.0,3.0,3.0,0.053763440860215055,"Right direction, too cautious to show"
107999,114059,41558,17283,2019-06-13 23:21:00,6,1.0,0.07107640718126824,0.0,-0.008229124728096872,False,40,0,0.0,0.0,8.0,9.0,0.025,"New route, no community evidence"
108046,62740,34389,37430,2019-06-14 00:20:06,17,-2.0,-1.1642112448320074,-1.0,-0.000844002028747548,False,162,17,-1.3529411764705883,12.0,0.0,0.0,0.024691358024691357,"Right direction, too few steps"
108115,63272,37415,66603,2019-06-14 12:11:13,6,2.0,0.16415303640682383,0.0,-0.039269548191651786,False,54,8,0.25,1.0,0.0,12.0,0.0,"Right direction, too cautious to show"
108412,71087,40533,87145,2019-06-14 22:41:12,13,-3.0,0.06408710184415266,0.0,-0.11147007124263399,True,36,5,0.4,0.0,0.0,4.0,0.1388888888888889,Evidence pointed the other way
108525,84514,37694,107525,2019-06-15 13:38:22,10,2.0,0.813650663268809,1.0,0.08325800936390139,True,163,3,1.3333333333333333,2.0,0.0,0.0,0.1656441717791411,"Right direction, too few steps"
108697,87584,43700,50737,2019-06-16 08:58:52,20,-1.0,-0.009334623494490178,-0.0,0.015663094759329352,False,34,0,0.0,0.0,0.0,0.0,0.029411764705882353,"New route, no community evidence"
108726,109223,42263,103283,2019-06-16 11:05:09,10,1.0,0.005786099907021253,0.0,-0.031034080514601305,False,67,2,0.0,0.0,1.0,4.0,0.05970149253731343,"Early dissent, confirmed later"
108744,34769,43056,31273,2019-06-16 12:17:05,16,1.0,-0.04813173144398042,-0.0,0.005338299153716466,False,40,0,0.0,0.0,2.0,10.0,0.025,"New route, no community evidence"
108774,34769,43054,31273,2019-06-16 14:22:04,15,-1.0,-0.02352203398364692,-0.0,0.01827717912405747,False,41,0,0.0,0.0,1.0,11.0,0.024390243902439025,"New route, no community evidence"
109129,105747,43355,69446,2019-06-17 21:22:03,14,-1.0,0.024134476920693794,0.0,0.03897535740273908,False,47,0,0.0,0.0,3.0,7.0,0.0,"New route, no community evidence"
109298,57503,43258,9453,2019-06-18 10:13:29,14,1.0,0.30809386667890504,0.0,0.05846739388280003,False,52,4,0.5,2.0,0.0,6.0,0.11538461538461539,"Right direction, too cautious to show"
109461,88876,40294,70623,2019-06-18 20:48:17,8,-3.0,-2.093521768974478,-2.0,-0.011758249788774017,False,172,12,-2.5833333333333335,11.0,0.0,2.0,0.05232558139534884,"Right direction, too few steps"
109464,88876,43356,69446,2019-06-18 20:48:43,16,-1.0,-0.07004988914551526,-0.0,-0.016053438353473903,False,174,0,0.0,0.0,3.0,6.0,0.05747126436781609,"New route, no community evidence"
109465,88876,43355,69446,2019-06-18 20:48:50,14,-1.0,-0.3166835705393622,-0.0,-0.020371931246161927,False,175,1,-1.0,1.0,2.0,6.0,0.06285714285714286,"Right direction, too cautious to show"
109573,32209,18979,436,2019-06-18 22:54:19,6,1.0,0.3509946005495017,0.0,0.016956604463318207,False,150,1,1.0,1.0,0.0,0.0,0.07333333333333333,"Right direction, too cautious to show"
109644,85885,40725,82619,2019-06-19 00:25:12,10,1.0,-0.5306473309541961,-1.0,-0.011011168570602586,False,67,1,-2.0,0.0,2.0,17.0,0.07462686567164178,Evidence pointed the other way
109645,85885,40726,82619,2019-06-19 00:26:36,13,1.0,0.12560241897846977,0.0,0.0031614918228579543,False,68,3,0.3333333333333333,1.0,1.0,9.0,0.08823529411764706,"Right direction, too cautious to show"
109833,38726,43530,62909,2019-06-19 18:54:28,15,-2.0,-0.09626230582312877,-0.0,0.023652743861351355,False,147,0,0.0,0.0,3.0,10.0,0.027210884353741496,"New route, no community evidence"
110575,108329,44349,87724,2019-06-21 15:27:18,13,3.0,0.3055928916409553,0.0,0.041610315389463505,False,97,1,1.0,1.0,1.0,13.0,0.05154639175257732,"Right direction, too cautious to show"
110584,105397,43436,12190,2019-06-21 17:12:52,16,-1.0,-0.33561567381572804,-0.0,-0.30599878202735775,True,164,2,0.0,0.0,0.0,1.0,0.24390243902439024,"Right direction, too cautious to show"
110980,112234,15860,31271,2019-06-22 20:35:02,16,1.0,0.016525228763574054,0.0,0.0022278984306836527,False,78,2,0.0,0.0,0.0,0.0,0.02564102564102564,"Lone dissent, no signal anywhere"
111012,118306,43907,62911,2019-06-22 22:10:06,6,1.0,0.40150293887457955,0.0,-0.0567298427937769,False,30,2,1.0,2.0,10.0,11.0,0.2,"Right direction, too cautious to show"
111133,70290,43530,62909,2019-06-23 13:56:43,15,-2.0,-0.642657812683749,-1.0,-0.043464301434179606,False,106,1,-2.0,1.0,2.0,9.0,0.1320754716981132,"Right direction, too few steps"
111435,81924,43414,87541,2019-06-24 13:47:46,6,1.0,0.08981874520710453,0.0,0.02492878059860757,False,149,0,0.0,0.0,0.0,0.0,0.06711409395973154,"New route, no community evidence"
111484,88007,43355,69446,2019-06-24 15:52:43,14,-1.0,-0.45467111172718366,-0.0,-0.017195196025994286,False,27,2,-1.0,2.0,1.0,5.0,0.037037037037037035,"Right direction, too cautious to show"
111710,21929,22847,57680,2019-06-25 00:06:08,17,-2.0,-0.10020258134842305,-0.0,-0.02587088865116448,False,35,1,0.0,0.0,0.0,0.0,0.17142857142857143,"Right direction, too cautious to show"
111711,21929,19214,57680,2019-06-25 00:06:27,19,-2.0,-0.2558218398701122,-0.0,-0.050868223283491366,False,36,1,0.0,0.0,0.0,0.0,0.19444444444444445,"Right direction, too cautious to show"
111784,106128,36350,85986,2019-06-25 11:40:39,12,2.0,1.466206305165463,1.0,0.005536507078962245,False,93,32,1.59375,28.0,0.0,4.0,0.021505376344086023,"Right direction, too few steps"
111985,70976,44301,70815,2019-06-26 00:00:00,8,-2.0,-0.7145090753225004,-1.0,-0.017294680933583356,False,43,1,-3.0,1.0,1.0,6.0,0.16279069767441862,"Right direction, too few steps"
112068,23959,41051,73668,2019-06-26 10:05:37,13,1.0,-0.007241447784435719,-0.0,0.0141839038503793,False,54,11,0.0,0.0,0.0,13.0,0.018518518518518517,"Lone dissent, no signal anywhere"
112283,102005,42281,100394,2019-06-26 21:50:43,12,2.0,0.08859921147768716,0.0,-0.0035372745962551537,False,27,9,0.1111111111111111,1.0,0.0,6.0,0.0,"Right direction, too cautious to show"
112697,112234,36634,31269,2019-06-27 23:22:04,20,1.0,-0.0046928640642736885,-0.0,0.008100320302755792,False,83,0,0.0,0.0,1.0,2.0,0.03614457831325301,"New route, no community evidence"
112827,16227,44999,39995,2019-06-28 12:59:32,13,-1.0,-0.17680946453160828,-0.0,0.06622704261926592,True,82,1,-1.0,1.0,1.0,10.0,0.0,"Right direction, too cautious to show"
112845,53187,34600,48831,2019-06-28 14:22:01,14,-1.0,-0.49261769620111534,-0.0,0.04099895536745805,False,183,18,-0.6111111111111112,11.0,0.0,0.0,0.0273224043715847,"Right direction, too cautious to show"
112865,117989,44818,45741,2019-06-28 16:01:36,19,-1.0,-0.07282463270282236,-0.0,0.022536198646149412,False,18,0,0.0,0.0,6.0,6.0,0.05555555555555555,"New route, no community evidence"
112942,70976,40783,87145,2019-06-28 22:02:02,10,2.0,1.1036083904739677,1.0,-0.035830873884595264,False,44,5,2.0,5.0,0.0,4.0,0.11363636363636363,"Right direction, too few steps"
113108,105584,45192,42946,2019-06-29 22:08:25,6,1.0,0.3581561408277644,0.0,0.03900420796673693,False,66,1,1.0,1.0,7.0,7.0,0.19696969696969696,"Right direction, too cautious to show"
113123,122218,35830,87035,2019-06-29 22:45:50,9,1.0,0.4334917403520853,0.0,-0.010559397702390005,False,28,4,0.75,3.0,1.0,2.0,0.03571428571428571,"Right direction, too cautious to show"
113124,98374,42628,12190,2019-06-29 22:56:50,15,1.0,0.0033658856720841304,0.0,0.033464019552390575,False,73,3,0.0,0.0,0.0,2.0,0.0410958904109589,"Lone dissent, no signal anywhere"
113149,92893,43010,66386,2019-06-30 00:00:00,14,-1.0,-0.3244647931567476,-0.0,-0.05673312562173138,False,71,1,-1.0,1.0,2.0,7.0,0.11267605633802817,"Right direction, too cautious to show"
113151,92893,40404,62844,2019-06-30 00:00:00,13,1.0,0.43521025362263077,0.0,-0.05673312562173138,False,71,5,0.8,4.0,1.0,7.0,0.04225352112676056,"Right direction, too cautious to show"
113192,105866,43859,82027,2019-06-30 10:52:04,16,1.0,-0.042124507091094394,-0.0,-0.020784175134196416,False,91,0,0.0,0.0,0.0,1.0,0.0,"New route, no community evidence"
113332,86427,40724,82621,2019-06-30 19:47:52,6,-1.0,-0.0691099094834236,-0.0,0.06176759627336266,True,87,2,-0.5,1.0,2.0,13.0,0.05747126436781609,"Right direction, too cautious to show"
113333,86427,40725,82619,2019-06-30 19:48:10,10,1.0,-0.07429409498343262,-0.0,0.054495017537824486,False,88,5,-0.2,1.0,1.0,13.0,0.17045454545454544,Evidence pointed the other way
113387,73533,44790,106966,2019-06-30 22:30:11,18,-1.0,-0.09978065818040319,-0.0,-0.08255243222481567,True,121,0,0.0,0.0,0.0,0.0,0.12396694214876033,"New route, no community evidence"
113467,39731,40747,37759,2019-07-01 09:40:52,12,2.0,0.799298226769522,1.0,0.3171522568116016,True,117,2,1.0,2.0,0.0,1.0,0.3418803418803419,"Right direction, too few steps"
113468,39731,43169,37759,2019-07-01 09:43:49,12,1.0,0.4025832997658617,0.0,0.3247516350053014,True,118,1,0.0,0.0,0.0,1.0,0.3474576271186441,"Right direction, too cautious to show"
113532,68451,45085,62909,2019-07-01 18:25:37,9,-1.0,-0.012937106380668993,-0.0,0.05072551903443259,False,95,0,0.0,0.0,0.0,9.0,0.06315789473684211,"New route, no community evidence"
113773,108463,45330,76978,2019-07-02 10:39:23,6,-2.0,-0.026874197956620813,-0.0,-0.11881003715469551,True,72,0,0.0,0.0,2.0,9.0,0.2222222222222222,"New route, no community evidence"
113935,115645,45228,113156,2019-07-02 20:16:37,10,-1.0,0.002536444521695897,0.0,-0.00479279709052569,False,16,0,0.0,0.0,0.0,8.0,0.125,"New route, no community evidence"
114007,66065,44998,38787,2019-07-02 22:10:31,9,1.0,0.022460324646603354,0.0,0.00871234896913347,False,111,5,0.0,0.0,0.0,6.0,0.018018018018018018,"Lone dissent, no signal anywhere"
114072,63707,37292,68068,2019-07-03 00:00:00,14,1.0,-0.07436958547214664,-0.0,-0.08295353731976687,True,31,9,0.0,0.0,0.0,2.0,0.06451612903225806,"Lone dissent, no signal anywhere"
114157,39731,41550,37759,2019-07-03 09:39:39,14,1.0,0.359240581586225,0.0,0.3252562019629003,True,120,0,0.0,0.0,0.0,2.0,0.35,"New route, no community evidence"
114164,39731,44964,37759,2019-07-03 09:42:57,8,2.0,0.4375979879448608,0.0,0.3269200721678741,True,122,1,0.0,0.0,0.0,2.0,0.3524590163934426,"Right direction, too cautious to show"
114165,39731,44963,37759,2019-07-03 09:43:12,10,2.0,0.41621869832882236,0.0,0.33650421547714715,True,123,0,0.0,0.0,0.0,3.0,0.35772357723577236,"New route, no community evidence"
114166,39731,43168,37759,2019-07-03 09:44:00,6,2.0,-0.02069068031973141,-0.0,0.34618076130371145,True,124,1,-2.0,0.0,0.0,2.0,0.3629032258064516,Evidence pointed the other way
114343,78176,45463,17283,2019-07-03 21:30:36,19,-3.0,-0.021707372064816655,-0.0,0.02560980642064573,False,42,0,0.0,0.0,3.0,5.0,0.11904761904761904,"New route, no community evidence"
114398,87861,45200,81641,2019-07-03 23:02:12,16,1.0,0.2347797978929857,0.0,0.0070889153274698155,False,164,1,1.0,1.0,0.0,10.0,0.03048780487804878,"Right direction, too cautious to show"
114412,105584,45463,17283,2019-07-03 23:33:53,19,-2.0,-0.7568284617881031,-1.0,0.04335783415359609,False,69,1,-3.0,1.0,2.0,4.0,0.08695652173913043,"Right direction, too few steps"
114569,66065,44995,38787,2019-07-04 14:32:39,10,1.0,0.016022698464794698,0.0,0.014871213839523086,False,112,7,0.0,0.0,0.0,6.0,0.026785714285714284,"Lone dissent, no signal anywhere"
114593,63707,37288,68223,2019-07-04 16:14:31,13,-1.0,-0.29167511239377364,-0.0,-0.0710795996558949,False,35,11,-0.2727272727272727,1.0,0.0,2.0,0.22857142857142856,"Right direction, too cautious to show"
114674,39760,45419,38885,2019-07-04 19:48:01,17,2.0,-0.11379554354793184,-0.0,-0.013288416174297123,False,41,0,0.0,0.0,1.0,6.0,0.0,"New route, no community evidence"
114838,89547,41988,20124,2019-07-04 22:52:47,13,2.0,-0.09216147609020366,-0.0,0.0284826487906769,False,67,0,0.0,0.0,1.0,1.0,0.014925373134328358,"New route, no community evidence"
114920,70976,14079,87145,2019-07-05 00:00:00,6,-2.0,-1.135731569516499,-1.0,-0.02420341432899544,False,45,4,-2.0,4.0,2.0,4.0,0.17777777777777778,"Right direction, too few steps"
114969,95078,43953,89286,2019-07-05 06:36:51,19,-1.0,-0.2934860565868428,-0.0,-0.11534302487906684,True,97,4,-0.25,1.0,1.0,6.0,0.17525773195876287,"Right direction, too cautious to show"
115047,95425,43717,87145,2019-07-05 13:52:42,6,-2.0,-0.27555550308660026,-0.0,-0.15627613204755048,True,98,2,0.0,0.0,1.0,2.0,0.20408163265306123,"Early dissent, confirmed later"
115048,1892,43717,87145,2019-07-05 13:52:44,6,-2.0,-0.5685109525534825,-1.0,-0.1584264408531682,True,126,3,-0.6666666666666666,1.0,0.0,1.0,0.16666666666666666,"Right direction, too few steps"
115050,95425,14079,87145,2019-07-05 13:54:17,6,-2.0,-1.394760621404572,-1.0,-0.16763052476963378,True,100,5,-2.0,5.0,1.0,3.0,0.21,"Right direction, too few steps"
115051,1892,14079,87145,2019-07-05 13:54:24,6,-2.0,-1.4665408072531154,-1.0,-0.1687490062905277,True,127,6,-2.0,6.0,0.0,2.0,0.1732283464566929,"Right direction, too few steps"
115100,68772,44658,62911,2019-07-05 16:47:36,17,-1.0,-0.08922619103341303,-0.0,-0.09123941305797127,True,78,0,0.0,0.0,2.0,7.0,0.1794871794871795,"New route, no community evidence"
115387,85878,40721,82638,2019-07-06 23:32:17,10,2.0,0.005076702191614518,0.0,-0.03160749205168714,False,45,0,0.0,0.0,1.0,18.0,0.13333333333333333,"New route, no community evidence"
115542,81189,26584,82620,2019-07-07 15:10:44,12,-2.0,-0.2332708033365544,-0.0,0.048256487641474825,False,22,24,-0.3333333333333333,6.0,1.0,4.0,0.045454545454545456,"Right direction, too cautious to show"
115626,96093,44658,62911,2019-07-07 19:36:20,17,-1.0,-0.22689331600594645,-0.0,0.004505365117897343,False,97,1,-1.0,1.0,1.0,6.0,0.010309278350515464,"Right direction, too cautious to show"
115663,19799,39711,73528,2019-07-07 20:44:06,14,1.0,-0.009095431827489647,-0.0,-0.010394630416855297,False,21,8,0.0,0.0,0.0,6.0,0.19047619047619047,Other
115686,85175,41210,66819,2019-07-07 20:53:31,14,1.0,0.045920479078025135,0.0,0.07349042621259066,True,40,1,0.0,0.0,0.0,2.0,0.1,"Right direction, too cautious to show"
115698,73533,45530,68068,2019-07-07 21:36:32,21,-2.0,-0.1303573999972408,-0.0,-0.08242647533520471,True,128,1,0.0,0.0,0.0,3.0,0.125,"Right direction, too cautious to show"
115818,45741,45834,45741,2019-07-08 07:42:45,19,-1.0,-0.08593424685511848,-0.0,0.01411244400443525,False,57,0,0.0,0.0,3.0,4.0,0.10526315789473684,"New route, no community evidence"
115837,39731,45223,37759,2019-07-08 09:36:29,10,3.0,0.4350090817831972,0.0,0.3488949626214809,True,126,0,0.0,0.0,0.0,2.0,0.36507936507936506,"New route, no community evidence"
115838,39731,45224,37759,2019-07-08 09:37:31,13,1.0,0.4242144453938324,0.0,0.3642483564739209,True,127,0,0.0,0.0,0.0,2.0,0.3700787401574803,"New route, no community evidence"
115839,39731,45248,37759,2019-07-08 09:37:53,15,-1.0,0.40786614531354254,0.0,0.3677020967576589,True,128,0,0.0,0.0,0.0,2.0,0.0546875,"New route, no community evidence"
116375,88637,45780,82215,2019-07-09 13:53:33,12,-2.0,-0.0066831172761206425,-0.0,-0.04371933414886251,False,123,1,0.0,0.0,1.0,8.0,0.08943089430894309,"Right direction, too cautious to show"
116376,88637,45779,82214,2019-07-09 13:53:43,10,1.0,-0.2581437220385079,-0.0,-0.05587370533090632,True,124,1,-1.0,0.0,1.0,5.0,0.04838709677419355,Evidence pointed the other way
116556,115645,43102,115645,2019-07-09 22:45:39,15,-2.0,-0.6648431601210985,-1.0,0.0026768375861081846,False,17,1,-2.0,1.0,3.0,6.0,0.17647058823529413,"Right direction, too few steps"
116558,115645,43109,123676,2019-07-09 22:46:54,20,-1.0,-0.3463122593858608,-0.0,-0.029496624457564114,False,19,1,-1.0,1.0,2.0,2.0,0.21052631578947367,"Right direction, too cautious to show"
116595,20095,43841,102621,2019-07-10 00:00:00,14,1.0,0.20854327369397582,0.0,0.13445252979420536,True,40,2,0.0,0.0,2.0,6.0,0.325,"Early dissent, confirmed later"
116883,52969,46140,48831,2019-07-10 21:56:33,21,-2.0,-0.17958207217055144,-0.0,-0.04118831708913817,False,165,0,0.0,0.0,0.0,1.0,0.06666666666666667,"New route, no community evidence"
116884,52969,45820,48831,2019-07-10 21:57:25,17,-2.0,-0.1258269708716545,-0.0,-0.05002529732131996,True,166,1,0.0,0.0,2.0,12.0,0.07228915662650602,"Right direction, too cautious to show"
116893,20095,45998,102621,2019-07-10 22:46:14,8,2.0,0.9272684460126155,1.0,0.14422360023056038,True,41,2,2.0,2.0,0.0,4.0,0.34146341463414637,"Right direction, too few steps"
117281,52160,45820,48831,2019-07-11 23:40:32,17,-2.0,-0.4689866869705563,-0.0,-0.007832607488541055,False,189,2,-1.0,1.0,1.0,11.0,0.0582010582010582,"Right direction, too cautious to show"
117302,123122,42311,121163,2019-07-12 00:00:00,12,-2.0,0.3188726200923646,0.0,0.04548035747949453,False,48,4,0.5,0.0,0.0,4.0,0.0625,"Lone dissent, no signal anywhere"
117493,66103,46399,62844,2019-07-12 18:12:41,8,2.0,0.5601806131558463,1.0,0.010526978204920639,False,54,1,2.0,1.0,2.0,12.0,0.018518518518518517,"Right direction, too few steps"
117555,89246,28711,66386,2019-07-12 20:02:58,8,2.0,0.35130280781561035,0.0,0.024377317387175895,False,183,15,0.4,3.0,0.0,0.0,0.08196721311475409,"Right direction, too cautious to show"
117598,91341,39558,108170,2019-07-12 21:39:59,6,-1.0,0.0504098134555311,0.0,0.06472425784016686,False,17,7,0.0,0.0,0.0,6.0,0.0,"Lone dissent, no signal anywhere"
117899,38726,45396,62911,2019-07-13 20:25:58,16,-1.0,-0.2892378775044646,-0.0,0.017514816439777182,False,155,3,-0.6666666666666666,2.0,1.0,10.0,0.03225806451612903,"Right direction, too cautious to show"
117907,80138,46332,123585,2019-07-13 20:52:23,12,-1.0,0.08456220281560346,0.0,0.032667221129062084,False,199,0,0.0,0.0,0.0,2.0,0.02512562814070352,"New route, no community evidence"
117939,101292,46270,69406,2019-07-13 22:42:14,15,-1.0,0.007541753030558457,0.0,0.0005661923170637673,False,41,0,0.0,0.0,9.0,10.0,0.0,"New route, no community evidence"
118164,39279,46357,37417,2019-07-14 16:57:58,18,-1.0,-0.08672281409790787,-0.0,-0.010550453646369924,False,40,0,0.0,0.0,0.0,10.0,0.1,"New route, no community evidence"
118169,39279,46256,35109,2019-07-14 17:00:03,14,-1.0,-0.0722280687855135,-0.0,-0.020878789313438045,False,43,0,0.0,0.0,0.0,11.0,0.11627906976744186,"New route, no community evidence"
118323,123122,46475,44897,2019-07-15 00:00:00,14,1.0,0.06124817119902588,0.0,0.006571708455391534,False,50,0,0.0,0.0,1.0,14.0,0.08,"New route, no community evidence"
118324,123122,46476,44897,2019-07-15 00:00:00,8,2.0,0.12457690533942553,0.0,0.006571708455391534,False,50,0,0.0,0.0,0.0,13.0,0.08,"New route, no community evidence"
118325,123122,46477,44897,2019-07-15 00:00:00,15,-1.0,0.05069338217562594,0.0,0.006571708455391534,False,50,0,0.0,0.0,0.0,13.0,0.08,"New route, no community evidence"
118349,48878,46270,69406,2019-07-15 02:01:01,15,-1.0,-0.22466383154673944,-0.0,0.019760302091163476,False,181,1,-1.0,1.0,8.0,9.0,0.016574585635359115,"Right direction, too cautious to show"
118350,48878,46272,69406,2019-07-15 02:01:08,16,2.0,0.00937006145211295,0.0,0.01626779085939516,False,182,0,0.0,0.0,2.0,3.0,0.027472527472527472,"New route, no community evidence"
118625,73191,39347,45741,2019-07-16 00:00:00,12,1.0,-0.1511350276803909,-0.0,-0.16454897601047444,True,30,9,0.0,0.0,0.0,4.0,0.06666666666666667,"Lone dissent, no signal anywhere"
118636,123122,43978,67148,2019-07-16 00:00:00,13,-1.0,0.0362844746631494,0.0,0.01960966117729057,False,56,4,0.0,0.0,0.0,3.0,0.08928571428571429,"Lone dissent, no signal anywhere"
118675,16227,45306,39995,2019-07-16 07:12:56,16,1.0,0.042967148740360166,0.0,0.052524101857181926,False,93,7,0.0,0.0,0.0,4.0,0.08602150537634409,"Lone dissent, no signal anywhere"
118856,100944,40724,82621,2019-07-16 21:13:37,6,1.0,-0.3300997082683913,-0.0,-0.037621040187228394,False,24,3,-0.6666666666666666,0.0,7.0,12.0,0.125,"Early dissent, confirmed later"
118872,82810,39690,79690,2019-07-16 21:22:46,19,-1.0,-0.08848523778232446,-0.0,0.019096856525302578,False,74,1,0.0,0.0,0.0,2.0,0.013513513513513514,"Lone dissent, no signal anywhere"
119107,19828,45122,2588,2019-07-17 12:12:01,17,-1.0,0.019845800879947015,0.0,0.015572491198744421,False,127,0,0.0,0.0,0.0,15.0,0.015748031496062992,"New route, no community evidence"
119277,112829,40560,102621,2019-07-17 21:25:56,13,2.0,0.3058428832355188,0.0,-0.06599088906122348,True,65,5,0.6,2.0,0.0,5.0,0.015384615384615385,"Right direction, too cautious to show"
119360,57304,46140,48831,2019-07-18 00:00:00,21,1.0,-0.5912750417931706,-1.0,0.013984452179352026,False,51,1,-2.0,0.0,0.0,0.0,0.0784313725490196,"Lone dissent, no signal anywhere"
119426,1892,46481,70815,2019-07-18 09:07:04,6,2.0,-0.06927660500058896,-0.0,-0.16740635792301753,True,132,0,0.0,0.0,0.0,2.0,0.03787878787878788,"New route, no community evidence"
119613,68451,46838,62909,2019-07-18 21:26:14,11,1.0,0.003999449182070663,0.0,0.04054609031073305,False,96,1,0.0,0.0,0.0,7.0,0.21875,"Right direction, too cautious to show"
119715,49955,46737,86035,2019-07-19 00:48:31,15,-1.0,0.007005819561413672,0.0,-0.004533019857205764,False,152,0,0.0,0.0,6.0,11.0,0.0,"New route, no community evidence"
119780,112198,41182,62909,2019-07-19 12:03:39,6,-1.0,-0.4762551624164872,-0.0,-0.008341681458114498,False,28,10,-0.6,8.0,3.0,3.0,0.14285714285714285,"Right direction, too cautious to show"
119781,112198,40412,62909,2019-07-19 12:10:40,11,1.0,0.09983302733633825,0.0,-0.01593218576101867,False,29,13,0.15384615384615385,2.0,0.0,3.0,0.0,"Right direction, too cautious to show"
119797,63983,46836,62909,2019-07-19 12:54:54,6,1.0,-0.044936472017147636,-0.0,-0.027860942516333885,False,50,0,0.0,0.0,4.0,4.0,0.16,"New route, no community evidence"
119800,112198,41186,62909,2019-07-19 13:27:27,18,-1.0,-0.2756383679725598,-0.0,-0.001695142743685331,False,31,2,-0.5,1.0,0.0,0.0,0.16129032258064516,"Right direction, too cautious to show"
119860,10948,46853,436,2019-07-19 16:59:59,16,1.0,0.039998616594072736,0.0,0.027216915227128425,False,126,0,0.0,0.0,4.0,18.0,0.07142857142857142,"New route, no community evidence"
119872,105397,46916,91141,2019-07-19 17:55:26,15,1.0,-0.36432141092094183,-0.0,-0.30418257558429224,True,169,0,0.0,0.0,0.0,1.0,0.011834319526627219,"New route, no community evidence"
119873,105397,46792,91143,2019-07-19 17:56:03,15,-1.0,-0.3492604767589174,-0.0,-0.29768580696085917,True,170,0,0.0,0.0,0.0,6.0,0.2411764705882353,"New route, no community evidence"
119897,103219,45515,106546,2019-07-19 18:42:35,12,-1.0,0.027286774874227607,0.0,-0.018556037858419604,False,116,3,0.0,0.0,0.0,10.0,0.04310344827586207,"Lone dissent, no signal anywhere"
119899,103219,45739,105820,2019-07-19 18:43:28,6,1.0,0.28743958208885895,0.0,-0.024631037312597585,False,118,1,1.0,1.0,9.0,13.0,0.059322033898305086,"Right direction, too cautious to show"
119901,103219,46066,103219,2019-07-19 18:43:53,13,-1.0,0.003330450569766184,0.0,-0.020200753617723038,False,120,0,0.0,0.0,1.0,10.0,0.05,"New route, no community evidence"
119902,103219,45142,103219,2019-07-19 18:44:03,17,1.0,-0.02920466692667048,-0.0,-0.026431922341782595,False,121,1,0.0,0.0,0.0,1.0,0.06611570247933884,"Lone dissent, no signal anywhere"
119904,103219,46862,106546,2019-07-19 18:44:32,9,1.0,0.07580895515335517,0.0,-0.0209578826091348,False,123,0,0.0,0.0,2.0,14.0,0.07317073170731707,"New route, no community evidence"
119972,89246,46579,82085,2019-07-19 21:00:27,10,-2.0,0.07728441235546701,0.0,0.029343330229473386,False,189,0,0.0,0.0,1.0,2.0,0.0582010582010582,"New route, no community evidence"
119974,89246,46803,37417,2019-07-19 21:01:20,10,-2.0,-0.46989547031581763,-0.0,0.020374625746974212,False,191,1,-2.0,1.0,5.0,14.0,0.06282722513089005,"Right direction, too cautious to show"
120024,18183,46853,436,2019-07-19 23:03:29,16,1.0,0.2796624538756026,0.0,0.026261085758139006,False,58,1,1.0,1.0,3.0,17.0,0.034482758620689655,"Right direction, too cautious to show"
120054,66103,46802,37417,2019-07-19 23:48:15,10,-2.0,0.020210938192131045,0.0,0.015685671730849938,False,58,0,0.0,0.0,1.0,12.0,0.034482758620689655,"New route, no community evidence"
120058,52012,44237,62912,2019-07-19 23:57:04,8,-1.0,-0.005219809441685944,-0.0,-0.03523921760477225,False,46,10,0.0,0.0,0.0,5.0,0.08695652173913043,"Lone dissent, no signal anywhere"
120059,52012,46505,62909,2019-07-19 23:57:40,11,2.0,-0.09757821062732347,-0.0,-0.046672654847071296,False,47,1,0.0,0.0,0.0,15.0,0.10638297872340426,Other
120063,52012,46466,62909,2019-07-19 23:59:03,10,1.0,-0.024393756869330777,-0.0,-0.009050417568697964,False,51,2,0.0,0.0,1.0,11.0,0.11764705882352941,Other
120066,52012,46507,62911,2019-07-19 23:59:37,6,1.0,0.11028385401286733,0.0,0.0021941804036994866,False,52,0,0.0,0.0,15.0,16.0,0.1346153846153846,"New route, no community evidence"
120092,127449,46998,123676,2019-07-20 01:24:56,18,-2.0,-0.5722203601856379,-1.0,-0.014243243649191521,False,21,1,-2.0,1.0,6.0,9.0,0.09523809523809523,"Right direction, too few steps"
120093,127449,46994,123676,2019-07-20 01:25:08,13,1.0,0.3208771640893074,0.0,-0.037271947419218916,False,22,2,1.0,2.0,12.0,16.0,0.0,"Right direction, too cautious to show"
120158,68772,38482,62913,2019-07-20 11:27:09,12,1.0,0.048817391577787896,0.0,-0.09114560700827533,True,82,5,0.2,1.0,0.0,6.0,0.0975609756097561,"Right direction, too cautious to show"
120217,68772,46508,62911,2019-07-20 15:14:59,9,2.0,0.005056280165419848,0.0,-0.07869188316508044,True,88,0,0.0,0.0,2.0,11.0,0.10227272727272728,"New route, no community evidence"
120414,98058,46788,89288,2019-07-21 00:21:09,14,-2.0,-0.26494923804769055,-0.0,0.008758478648624774,False,37,5,-0.4,1.0,3.0,22.0,0.0,"Right direction, too cautious to show"
120754,66065,45300,39995,2019-07-21 21:41:10,10,1.0,0.02979809154567352,0.0,0.019640604268654098,False,118,10,0.0,0.0,0.0,2.0,0.03389830508474576,"Lone dissent, no signal anywhere"
120824,105584,46811,42946,2019-07-22 02:06:11,6,2.0,0.2964498110010479,0.0,0.03105806316166714,False,71,2,0.5,1.0,13.0,15.0,0.19718309859154928,"Right direction, too cautious to show"
120944,123864,45428,80418,2019-07-22 16:11:27,14,1.0,0.0020413614229005256,0.0,-0.012529100168925684,False,20,4,0.0,0.0,0.0,7.0,0.0,"Lone dissent, no signal anywhere"
121071,116112,39568,45741,2019-07-22 21:53:47,14,-1.0,0.05650592669847289,0.0,0.048736483464939355,False,22,14,0.0,0.0,0.0,1.0,0.18181818181818182,Other
121168,38726,44239,62913,2019-07-23 00:06:17,6,1.0,-0.310726053104657,-0.0,0.010592439841714374,False,162,5,-0.6,1.0,4.0,4.0,0.07407407407407407,Evidence pointed the other way
121317,15474,45811,43301,2019-07-23 18:41:32,16,1.0,-0.22010599708753173,-0.0,-0.22267265747282236,True,70,3,0.0,0.0,0.0,3.0,0.0,"Lone dissent, no signal anywhere"
121380,47056,43052,31273,2019-07-23 22:09:19,10,2.0,0.06083418292941968,0.0,0.04319944053128435,False,44,2,0.0,0.0,1.0,8.0,0.11363636363636363,"Right direction, too cautious to show"
121404,125465,46299,66603,2019-07-23 23:56:03,10,2.0,-0.05528857991456333,-0.0,-0.06291031219492899,False,18,2,0.0,0.0,0.0,2.0,0.0,"Lone dissent, no signal anywhere"
121407,70976,45944,87145,2019-07-24 00:00:00,12,1.0,-0.7493256049107638,-1.0,-0.02879538046533753,False,51,3,-1.3333333333333333,0.0,1.0,5.0,0.11764705882352941,Evidence pointed the other way
121616,86427,40721,82638,2019-07-24 21:49:29,10,-1.0,0.45183772710277514,0.0,0.06170891072149297,True,91,8,0.5,0.0,1.0,10.0,0.06593406593406594,Evidence pointed the other way
121680,57304,46137,35109,2019-07-25 00:00:00,17,-2.0,-0.5281956862611175,-1.0,0.025460326544050955,False,65,1,-2.0,1.0,2.0,8.0,0.09230769230769231,"Right direction, too few steps"
121690,100452,47170,106704,2019-07-25 00:25:51,13,-1.0,-0.0448009976958677,-0.0,-0.011451283870159193,False,66,0,0.0,0.0,3.0,6.0,0.045454545454545456,"New route, no community evidence"
121809,112198,38481,62913,2019-07-25 18:21:35,15,-1.0,-0.07584265784798089,-0.0,-0.012163883639680944,False,34,11,-0.09090909090909091,1.0,0.0,1.0,0.17647058823529413,"Right direction, too cautious to show"
121852,86422,40721,82638,2019-07-25 21:46:20,10,-1.0,0.3200283132767591,0.0,0.05086187177729304,False,95,9,0.3333333333333333,1.0,0.0,9.0,0.11578947368421053,Evidence pointed the other way
122160,36058,41988,20124,2019-07-27 13:43:22,13,2.0,0.4997021374024605,0.0,0.06454374473882578,False,38,1,2.0,1.0,0.0,0.0,0.10526315789473684,"Right direction, too cautious to show"
122388,98611,25938,57680,2019-07-28 00:00:00,14,1.0,-0.04125547452749305,-0.0,0.055311759922663906,False,40,7,0.0,0.0,0.0,2.0,0.175,Other
122389,98611,40584,37417,2019-07-28 00:00:00,17,1.0,0.0286275728886757,0.0,0.055311759922663906,False,40,2,0.0,0.0,0.0,0.0,0.175,"Right direction, too cautious to show"
122456,69530,41388,95025,2019-07-28 10:34:45,13,-3.0,-0.8130622918070987,-1.0,-0.0025894822104909226,False,22,1,-3.0,1.0,4.0,6.0,0.045454545454545456,"Right direction, too few steps"
122540,105327,46679,103139,2019-07-28 14:34:04,8,-3.0,-1.9731696558511695,-2.0,0.01885353556213896,False,34,6,-3.0,6.0,2.0,27.0,0.029411764705882353,"Right direction, too few steps"
122744,48251,46522,31273,2019-07-28 21:51:32,12,1.0,0.035305121582932406,0.0,0.03833329089606439,False,28,0,0.0,0.0,0.0,4.0,0.07142857142857142,"New route, no community evidence"
122985,112393,46915,38885,2019-07-29 20:49:39,12,1.0,0.4426807506583229,0.0,0.02453743342257157,False,36,2,1.0,2.0,1.0,7.0,0.027777777777777776,"Right direction, too cautious to show"
122986,112393,46912,38885,2019-07-29 20:49:48,10,2.0,1.2005068763096047,1.0,0.03177534554391947,False,37,4,2.0,4.0,0.0,3.0,0.05405405405405406,"Right direction, too few steps"
123285,78908,46803,37417,2019-07-30 22:00:41,10,-2.0,-0.7307635642953839,-1.0,0.0684152713676365,True,52,2,-2.0,2.0,4.0,13.0,0.019230769230769232,"Right direction, too few steps"
123345,103219,47753,103219,2019-07-30 23:20:17,13,-1.0,0.007252453206759308,0.0,-0.01748343536979014,False,124,0,0.0,0.0,0.0,11.0,0.056451612903225805,"New route, no community evidence"
123677,114158,46782,89289,2019-07-31 23:47:33,15,-2.0,-0.1960487394909688,-0.0,0.16468596697664178,True,60,13,-0.46153846153846156,3.0,0.0,9.0,0.1,Evidence pointed the other way
123678,114158,45850,87827,2019-07-31 23:47:41,10,2.0,0.17035402391089008,0.0,0.14745684781394303,True,61,10,0.0,0.0,0.0,12.0,0.29508196721311475,"Right direction, too cautious to show"
123801,100600,44656,43248,2019-08-01 08:18:14,10,3.0,1.4753534344566825,1.0,0.011335749566343827,False,22,3,3.0,3.0,1.0,1.0,0.09090909090909091,"Right direction, too few steps"
123802,100600,44639,31807,2019-08-01 08:18:57,12,2.0,0.5873580599877072,1.0,0.035536488922940625,False,23,1,2.0,1.0,0.0,0.0,0.13043478260869565,"Right direction, too few steps"
123894,87222,34328,86753,2019-08-01 11:38:52,15,1.0,-0.014715754868538558,-0.0,-0.014906902681735022,False,47,4,0.0,0.0,0.0,2.0,0.0425531914893617,"Lone dissent, no signal anywhere"
124128,123466,47350,99961,2019-08-01 20:01:25,13,-1.0,-0.23920617352263063,-0.0,0.009145350903350506,False,18,9,-0.3333333333333333,2.0,2.0,17.0,0.05555555555555555,"Right direction, too cautious to show"
124144,116112,39571,45741,2019-08-01 20:33:02,13,-1.0,-0.03816959421176611,-0.0,0.024520972241351163,False,25,13,-0.07692307692307693,1.0,0.0,1.0,0.2,"Right direction, too cautious to show"
124303,53856,41660,66603,2019-08-02 00:00:00,17,1.0,0.19495989080331344,0.0,-0.017314942055871158,False,92,9,0.3333333333333333,5.0,3.0,8.0,0.010869565217391304,"Right direction, too cautious to show"
124357,88637,45238,82214,2019-08-02 10:02:25,15,1.0,-0.030832247799790352,-0.0,-0.04330934158672419,False,137,5,0.0,0.0,0.0,1.0,0.051094890510948905,"Lone dissent, no signal anywhere"
124645,98979,40724,82621,2019-08-03 00:50:49,6,-3.0,0.013650488560467591,0.0,-0.026891735291601524,False,53,5,0.0,2.0,1.0,10.0,0.11320754716981132,Other
124741,68772,44239,62913,2019-08-03 15:04:36,6,1.0,-0.12255026459527227,-0.0,-0.06727992614966549,True,93,7,-0.14285714285714285,3.0,2.0,2.0,0.10752688172043011,Evidence pointed the other way
125077,70290,47890,62909,2019-08-04 19:03:47,6,1.0,-0.03959340510837547,-0.0,-0.05040635787460083,False,115,0,0.0,0.0,11.0,11.0,0.10434782608695652,"New route, no community evidence"
125137,117189,47887,127180,2019-08-04 22:26:42,13,1.0,0.45256271702235756,0.0,0.019967084412322512,False,35,2,1.0,2.0,14.0,14.0,0.08571428571428572,"Right direction, too cautious to show"
125504,86427,26319,85027,2019-08-06 00:12:35,18,1.0,0.17164710125967889,0.0,0.05884100117798241,True,95,4,0.25,1.0,0.0,1.0,0.16842105263157894,"Right direction, too cautious to show"
125584,2444,33906,57680,2019-08-06 13:59:20,6,-1.0,-0.3659685456394513,-0.0,-0.08233789125174966,True,48,10,-0.3,3.0,1.0,2.0,0.10416666666666667,"Right direction, too cautious to show"
125599,36592,47813,37430,2019-08-06 16:20:40,14,-1.0,-0.3797151816782361,-0.0,0.017447863964727507,False,98,2,-1.0,2.0,4.0,6.0,0.030612244897959183,"Right direction, too cautious to show"
125815,78176,48120,17283,2019-08-06 21:52:25,17,-1.0,-0.02893880972599451,-0.0,0.0041480355576373985,False,51,0,0.0,0.0,1.0,3.0,0.11764705882352941,"New route, no community evidence"
125876,52160,39371,37430,2019-08-06 23:15:51,15,1.0,0.048212539253241926,0.0,-0.01629768599460643,False,208,10,0.1,1.0,0.0,1.0,0.028846153846153848,"Right direction, too cautious to show"
126001,111187,19917,25544,2019-08-07 12:05:24,6,1.0,0.07115809358762054,0.0,-0.0009194364986092235,False,42,0,0.0,0.0,0.0,0.0,0.023809523809523808,"New route, no community evidence"
126111,108807,42263,103283,2019-08-07 17:57:00,10,2.0,0.16012878146097678,0.0,-0.016823625767089536,False,94,4,0.25,1.0,0.0,2.0,0.05319148936170213,"Right direction, too cautious to show"
126112,108807,48023,109218,2019-08-07 17:57:09,12,-2.0,-0.11794143795324587,-0.0,-0.0031952839465012165,False,95,4,-0.25,1.0,0.0,4.0,0.042105263157894736,"Right direction, too cautious to show"
126128,90344,47639,100394,2019-08-07 18:07:47,12,-1.0,-0.11362533057418099,-0.0,-0.12223793270199715,True,129,4,0.0,0.0,0.0,11.0,0.14728682170542637,"Right direction, too cautious to show"
126206,52160,47638,37430,2019-08-08 00:00:00,18,-2.0,-0.031013352043046324,-0.0,-0.0118200019471367,False,210,7,0.0,0.0,0.0,5.0,0.06190476190476191,"Lone dissent, no signal anywhere"
126347,52969,46255,37430,2019-08-08 22:21:03,22,-3.0,-0.15307815745174008,-0.0,-0.05229429908093345,True,172,0,0.0,0.0,0.0,1.0,0.0755813953488372,"New route, no community evidence"
126458,55752,47973,115317,2019-08-09 07:43:40,14,-1.0,-0.22610113774059742,-0.0,0.038914135895542185,False,140,1,-1.0,1.0,0.0,19.0,0.007142857142857143,"Right direction, too cautious to show"
126459,55752,47974,115317,2019-08-09 07:43:45,20,-1.0,-0.056588265943397074,-0.0,0.034639744618572936,False,141,0,0.0,0.0,0.0,5.0,0.014184397163120567,"New route, no community evidence"
126460,55752,47975,115317,2019-08-09 07:43:48,19,2.0,-0.0602585060647169,-0.0,0.029418084912001666,False,142,0,0.0,0.0,0.0,4.0,0.04225352112676056,"New route, no community evidence"
126461,55752,47964,66820,2019-08-09 07:44:16,14,1.0,0.017587133331603694,0.0,0.040590954612171375,False,143,0,0.0,0.0,0.0,12.0,0.04895104895104895,"New route, no community evidence"
126484,65949,29291,37417,2019-08-09 09:05:37,6,-2.0,-0.4561294812341833,-0.0,0.01804247781578613,False,109,9,-0.5555555555555556,3.0,0.0,0.0,0.12844036697247707,"Right direction, too cautious to show"
126485,65949,32849,57680,2019-08-09 09:05:58,6,-2.0,-0.4991524315426289,-0.0,0.007750137734048469,False,110,15,-0.5333333333333333,5.0,1.0,4.0,0.13636363636363635,"Right direction, too cautious to show"
126554,59126,48336,11941,2019-08-09 11:11:51,16,1.0,-0.0038219759279356537,-0.0,0.010606885704305154,False,221,0,0.0,0.0,4.0,16.0,0.058823529411764705,"New route, no community evidence"
126688,36485,48015,87035,2019-08-09 16:55:32,16,1.0,0.25753015056234846,0.0,-0.0012672727416271664,False,61,1,1.0,1.0,0.0,2.0,0.08196721311475409,"Right direction, too cautious to show"
126716,112411,40380,7246,2019-08-09 17:39:41,16,1.0,0.0321087224603908,0.0,0.0739493954740451,False,18,3,0.0,0.0,0.0,0.0,0.2222222222222222,"Right direction, too cautious to show"
126845,98374,46183,91579,2019-08-10 01:28:04,8,2.0,0.044006802446900195,0.0,0.03991900307075097,False,87,2,0.0,0.0,0.0,2.0,0.04597701149425287,"Lone dissent, no signal anywhere"
126873,49373,47047,82560,2019-08-10 08:16:38,18,1.0,0.02333473214674696,0.0,0.030029828070451205,False,102,4,0.0,0.0,0.0,3.0,0.16666666666666666,"Right direction, too cautious to show"
126881,49373,47041,82560,2019-08-10 08:34:37,15,1.0,0.18567055649326616,0.0,0.036859655216516234,False,103,4,0.25,1.0,0.0,3.0,0.17475728155339806,"Right direction, too cautious to show"
126884,49373,41483,92226,2019-08-10 08:50:28,15,-1.0,0.06585039963159425,0.0,0.042592535967208356,False,104,7,0.0,0.0,0.0,2.0,0.08653846153846154,"Lone dissent, no signal anywhere"
126885,49373,47662,92226,2019-08-10 09:12:01,14,1.0,0.0473354710442406,0.0,0.03523812440235945,False,105,3,0.0,0.0,0.0,2.0,0.18095238095238095,"Right direction, too cautious to show"
126910,48941,48048,123585,2019-08-10 10:27:17,15,-1.0,-0.3990233380510071,-0.0,-0.3614718244676584,True,69,0,0.0,0.0,0.0,1.0,0.5507246376811594,"New route, no community evidence"
126911,48941,47847,91567,2019-08-10 10:27:29,13,-1.0,-0.3090769268516221,-0.0,-0.36717100898892857,True,70,0,0.0,0.0,0.0,1.0,0.5571428571428572,"New route, no community evidence"
126939,48941,47844,91567,2019-08-10 12:29:08,6,1.0,-0.24299511511764543,-0.0,-0.36979746673606073,True,72,0,0.0,0.0,1.0,1.0,0.0,"New route, no community evidence"
126943,48941,48055,123411,2019-08-10 12:29:49,15,-1.0,-0.3645835776199346,-0.0,-0.34857417044884,True,76,2,0.0,0.0,0.0,2.0,0.5263157894736842,"Right direction, too cautious to show"
126944,48941,48058,123411,2019-08-10 12:29:57,15,-1.0,-0.37756252825219627,-0.0,-0.35393233856261336,True,77,1,0.0,0.0,0.0,2.0,0.5324675324675324,"Right direction, too cautious to show"
126945,48941,48452,125563,2019-08-10 12:30:24,20,-1.0,-0.4565137425882709,-0.0,-0.35918616252950075,True,78,0,0.0,0.0,0.0,2.0,0.5384615384615384,"New route, no community evidence"
126947,48941,47473,125563,2019-08-10 12:30:52,15,-1.0,-0.40773723004043794,-0.0,-0.3601236473800432,True,80,0,0.0,0.0,0.0,0.0,0.5375,"New route, no community evidence"
126951,48941,47566,123411,2019-08-10 12:31:46,15,-1.0,-0.38928833950430847,-0.0,-0.35573218684848673,True,84,4,0.0,0.0,0.0,0.0,0.5238095238095238,"Right direction, too cautious to show"
126959,86427,40713,82622,2019-08-10 12:47:50,9,2.0,0.6417568852063342,1.0,0.06312826912481552,True,98,1,2.0,1.0,10.0,14.0,0.17346938775510204,"Right direction, too few steps"
126960,86427,40714,85027,2019-08-10 12:48:13,20,-1.0,0.017784582196560747,0.0,0.07640208659136716,True,99,0,0.0,0.0,0.0,1.0,0.0707070707070707,"New route, no community evidence"
126984,109947,47184,87840,2019-08-10 14:49:40,17,-1.0,-0.047885027482557935,-0.0,0.015862377731773035,False,94,0,0.0,0.0,3.0,3.0,0.010638297872340425,"New route, no community evidence"
126986,110543,47184,87840,2019-08-10 14:49:54,17,-1.0,-0.2776406252374706,-0.0,0.03222405246501194,False,67,1,-1.0,1.0,2.0,2.0,0.05970149253731343,"Right direction, too cautious to show"
127115,44892,48471,37417,2019-08-10 20:56:24,10,2.0,0.7300742310738223,1.0,-0.02033773893394483,False,251,2,2.0,2.0,6.0,9.0,0.035856573705179286,"Right direction, too few steps"
127258,86533,46272,69406,2019-08-11 13:32:49,16,2.0,0.7515369922230631,1.0,-0.03612881626467837,False,160,2,2.0,2.0,0.0,1.0,0.09375,"Right direction, too few steps"
127437,73533,47714,106966,2019-08-11 19:49:49,22,-1.0,-0.1261847386166592,-0.0,-0.09031350847574378,True,148,0,0.0,0.0,0.0,2.0,0.11486486486486487,"New route, no community evidence"
127477,70290,31182,62910,2019-08-11 21:18:43,16,-2.0,-0.9513872469053444,-1.0,-0.038761619151967235,False,123,11,-1.1818181818181819,5.0,0.0,1.0,0.12195121951219512,"Right direction, too few steps"
127513,115882,45986,107817,2019-08-12 04:58:37,14,1.0,0.02428906097084805,0.0,0.0088677370056179,False,38,4,0.0,0.0,0.0,1.0,0.02631578947368421,"Lone dissent, no signal anywhere"
127519,110914,47785,12190,2019-08-12 05:24:20,13,2.0,0.0009512355171766677,0.0,0.013302567549475277,False,79,3,0.0,0.0,0.0,0.0,0.0,"Lone dissent, no signal anywhere"
127523,110914,48380,91141,2019-08-12 06:04:20,14,1.0,-0.013602516000312532,-0.0,0.029781748469686817,False,81,0,0.0,0.0,0.0,3.0,0.012345679012345678,"New route, no community evidence"
127572,98979,45787,82620,2019-08-12 13:10:00,13,-2.0,-0.039224972461671115,-0.0,-0.0568419537978844,False,55,2,0.0,0.0,0.0,9.0,0.12727272727272726,"Right direction, too cautious to show"
127841,35033,42065,66517,2019-08-13 05:49:59,12,2.0,0.04831711545997942,0.0,-0.0008989222791525724,False,49,1,0.0,0.0,0.0,2.0,0.02040816326530612,"Lone dissent, no signal anywhere"
127843,35033,42067,66517,2019-08-13 05:50:15,17,-1.0,0.04132109048077342,0.0,0.020728973469028904,False,51,1,0.0,0.0,0.0,0.0,0.09803921568627451,"Lone dissent, no signal anywhere"
127845,35033,43018,66517,2019-08-13 05:51:32,15,2.0,0.040052833208317984,0.0,0.009076242521661506,False,53,1,0.0,0.0,0.0,0.0,0.03773584905660377,"Lone dissent, no signal anywhere"
127852,35033,47112,66622,2019-08-13 05:55:55,16,1.0,0.03158561528474339,0.0,0.03802275503305883,False,60,0,0.0,0.0,0.0,0.0,0.05,"New route, no community evidence"
127951,112411,40347,7246,2019-08-13 12:05:21,14,1.0,0.053203472813884364,0.0,0.08704160684113044,True,20,2,0.0,0.0,0.0,0.0,0.25,"Right direction, too cautious to show"
127952,31819,44626,31819,2019-08-13 12:13:07,14,-2.0,-0.7922368458366138,-1.0,0.018876404966044032,False,34,2,-2.0,2.0,2.0,2.0,0.08823529411764706,"Right direction, too few steps"
127954,31819,48690,31827,2019-08-13 12:13:32,19,-2.0,-0.05961980758389336,-0.0,0.0031546187098919006,False,36,0,0.0,0.0,1.0,1.0,0.1111111111111111,"New route, no community evidence"
128027,31782,44626,31819,2019-08-13 18:37:32,14,-2.0,-0.9954079804810856,-1.0,0.027234407417162435,False,61,3,-2.0,3.0,1.0,1.0,0.13114754098360656,"Right direction, too few steps"
128036,68451,47614,62911,2019-08-13 18:41:47,11,-1.0,0.13055267028781115,0.0,0.042483969349139554,False,99,0,0.0,0.0,0.0,12.0,0.0707070707070707,"New route, no community evidence"
128038,68451,46466,62909,2019-08-13 18:43:36,10,2.0,0.1437605328692948,0.0,0.034408433197299255,False,100,6,0.16666666666666666,1.0,0.0,7.0,0.22,"Right direction, too cautious to show"
128174,81924,47746,87541,2019-08-13 21:35:57,6,1.0,0.09312751306736267,0.0,0.026428884906899066,False,173,0,0.0,0.0,0.0,0.0,0.06358381502890173,"New route, no community evidence"
128226,85908,40711,82622,2019-08-13 23:03:17,10,1.0,-0.28561963497725584,-0.0,-0.030840893115695902,False,95,4,-0.5,0.0,2.0,9.0,0.021052631578947368,Evidence pointed the other way
128307,98979,45802,82638,2019-08-14 10:43:00,14,-1.0,-0.07433192516679979,-0.0,-0.07427402955127128,True,56,0,0.0,0.0,1.0,9.0,0.14285714285714285,"New route, no community evidence"
128614,105462,35236,37417,2019-08-14 21:54:58,13,1.0,-0.08477278390559641,-0.0,-0.0052247037355471655,False,71,13,-0.07692307692307693,0.0,0.0,10.0,0.014084507042253521,"Lone dissent, no signal anywhere"
128670,36485,42801,87036,2019-08-15 00:22:25,16,1.0,-0.07803622109344636,-0.0,0.0033583382549168487,False,63,2,0.0,0.0,0.0,1.0,0.09523809523809523,"Lone dissent, no signal anywhere"
128697,59256,38771,66603,2019-08-15 04:46:14,12,-2.0,-0.05952428690857109,-0.0,0.02977706640866811,False,32,17,-0.11764705882352941,1.0,0.0,7.0,0.0,"Right direction, too cautious to show"
128727,65949,48665,21929,2019-08-15 07:53:28,13,1.0,0.499270898438043,0.0,-0.004817066619457093,False,111,2,1.5,2.0,1.0,3.0,0.16216216216216217,"Right direction, too cautious to show"
128742,94370,47427,89289,2019-08-15 08:33:08,12,2.0,0.16833509639059185,0.0,0.08911827519416946,True,80,12,0.08333333333333333,1.0,1.0,4.0,0.0875,"Right direction, too cautious to show"
128758,70290,47228,62913,2019-08-15 10:10:51,15,1.0,-0.03691620617826545,-0.0,-0.04954505585853103,False,125,2,0.0,0.0,0.0,4.0,0.104,Other
129049,13625,37162,81680,2019-08-16 00:56:08,22,-1.0,-0.18972764871965356,-0.0,-0.06165454025709734,True,154,0,0.0,0.0,0.0,0.0,0.11038961038961038,"New route, no community evidence"
129077,86422,40714,85027,2019-08-16 07:02:02,20,1.0,-0.27941076428614936,-0.0,0.0406623223977744,False,100,1,-1.0,0.0,0.0,0.0,0.19,Evidence pointed the other way
129181,113319,45446,62304,2019-08-16 16:30:48,12,-2.0,-0.6436782209351843,-1.0,-0.01818142787040616,False,56,7,-0.8571428571428571,3.0,0.0,4.0,0.07142857142857142,"Right direction, too few steps"
129287,90333,47184,87840,2019-08-16 22:40:30,17,-1.0,-0.4625698393125388,-0.0,0.003543123447076694,False,158,2,-1.0,2.0,1.0,1.0,0.02531645569620253,"Right direction, too cautious to show"
129340,86240,45477,66603,2019-08-17 00:31:36,10,2.0,0.3012655377003016,0.0,0.10847576932271588,True,139,8,0.25,1.0,0.0,2.0,0.1510791366906475,"Right direction, too cautious to show"
129608,104855,40740,659,2019-08-17 22:01:01,11,-1.0,-0.3115690088636765,-0.0,-0.03941980590061715,False,107,1,-1.0,1.0,0.0,2.0,0.11214953271028037,"Right direction, too cautious to show"
129685,108659,46346,108170,2019-08-18 09:39:57,10,-2.0,-0.3913936992182925,-0.0,-0.006799867268767505,False,35,8,-0.5,2.0,0.0,4.0,0.11428571428571428,"Right direction, too cautious to show"
129703,80337,45129,37718,2019-08-18 11:57:36,6,1.0,0.04743481664482905,0.0,-0.03661521594856139,False,66,0,0.0,0.0,0.0,0.0,0.015151515151515152,"New route, no community evidence"
129901,13625,48673,106546,2019-08-18 18:49:11,11,-1.0,-0.01432633645344418,-0.0,-0.06599336379055287,True,158,1,0.0,0.0,0.0,8.0,0.11392405063291139,"Right direction, too cautious to show"
129902,13625,41862,17880,2019-08-18 18:49:36,22,-1.0,-0.1849744956689431,-0.0,-0.07092344040097735,True,159,0,0.0,0.0,0.0,0.0,0.11949685534591195,"New route, no community evidence"
129903,13625,48672,105820,2019-08-18 18:51:09,8,-2.0,-0.2334921521041942,-0.0,-0.07499856792263264,True,160,2,-0.5,1.0,2.0,12.0,0.125,"Right direction, too cautious to show"
129904,13625,46861,105820,2019-08-18 18:51:38,13,-1.0,-0.41102187845122384,-0.0,-0.0835287068893516,True,161,3,-0.6666666666666666,2.0,0.0,3.0,0.13043478260869565,"Right direction, too cautious to show"
129905,13625,46066,103219,2019-08-18 18:52:00,13,-1.0,-0.19374687015378933,-0.0,-0.08647993942497459,True,162,6,-0.16666666666666666,1.0,0.0,4.0,0.13580246913580246,"Right direction, too cautious to show"
130292,15209,48960,81680,2019-08-19 21:27:50,15,2.0,-0.057893532503069264,-0.0,-0.009471457584897064,False,109,0,0.0,0.0,1.0,5.0,0.1559633027522936,"New route, no community evidence"
130404,43104,48138,89286,2019-08-20 04:05:37,10,2.0,0.2796314402740031,0.0,0.05217964475922493,True,238,6,0.3333333333333333,1.0,0.0,10.0,0.0546218487394958,"Right direction, too cautious to show"
130720,39279,48745,37430,2019-08-20 23:01:36,18,1.0,0.12515298141071746,0.0,-0.033655069758393476,False,45,2,0.5,1.0,0.0,5.0,0.044444444444444446,"Right direction, too cautious to show"
130750,13625,48674,106546,2019-08-21 00:28:11,9,1.0,0.12780876493653992,0.0,-0.08907743874629356,True,163,3,0.3333333333333333,2.0,1.0,8.0,0.08588957055214724,"Right direction, too cautious to show"
130754,134356,46998,123676,2019-08-21 01:00:00,18,-2.0,-1.3652167390968792,-1.0,-0.005214334643263465,False,18,6,-2.0,6.0,1.0,4.0,0.05555555555555555,"Right direction, too few steps"
130812,86533,48357,69406,2019-08-21 09:59:19,16,1.0,-0.03113842050684445,-0.0,-0.02984093035478143,False,163,0,0.0,0.0,0.0,2.0,0.09815950920245399,"New route, no community evidence"
130837,49373,48996,71447,2019-08-21 12:39:04,15,1.0,0.014610650506567634,0.0,0.03921763639060097,False,112,0,0.0,0.0,0.0,4.0,0.17857142857142858,"New route, no community evidence"
130839,49373,49011,66820,2019-08-21 12:39:40,10,-2.0,0.0743624443247024,0.0,0.04565457210434036,False,114,0,0.0,0.0,0.0,5.0,0.08771929824561403,"New route, no community evidence"
131065,85908,45802,82638,2019-08-21 22:02:25,14,1.0,-0.2537274871289631,-0.0,-0.022591154114411968,False,97,1,-1.0,0.0,1.0,8.0,0.030927835051546393,Evidence pointed the other way
131180,41582,45122,2588,2019-08-22 08:45:23,17,1.0,-0.0034670864876171284,-0.0,-0.010387890628333507,False,38,2,0.0,1.0,6.0,13.0,0.0,Other
131235,12747,45415,32984,2019-08-22 13:51:29,16,-1.0,0.11162816265211503,0.0,-0.00866112482996009,False,16,3,0.3333333333333333,1.0,0.0,1.0,0.0,Evidence pointed the other way
131407,86533,48462,97324,2019-08-22 21:07:46,16,1.0,-0.07087856189264113,-0.0,-0.025534298917357992,False,165,0,0.0,0.0,0.0,2.0,0.10303030303030303,"New route, no community evidence"
131537,25685,45122,2588,2019-08-23 06:15:17,17,1.0,0.18658703142739816,0.0,0.013622024828343241,False,20,3,0.3333333333333333,2.0,5.0,12.0,0.0,"Right direction, too cautious to show"
131538,25685,49079,11941,2019-08-23 06:16:23,17,-1.0,-0.23246070748846118,-0.0,0.02695666419658362,False,21,1,-1.0,1.0,5.0,10.0,0.0,"Right direction, too cautious to show"
131636,62832,48336,11941,2019-08-23 10:45:19,16,1.0,0.3876130557573582,0.0,0.0006886635798493744,False,235,2,1.0,2.0,2.0,14.0,0.04680851063829787,"Right direction, too cautious to show"
131643,62832,49079,11941,2019-08-23 10:46:35,17,-1.0,-0.40959647664757215,-0.0,0.0008807979251847815,False,242,2,-1.0,2.0,4.0,9.0,0.008264462809917356,"Right direction, too cautious to show"
131970,88044,43356,69446,2019-08-24 12:05:05,16,-1.0,-0.44351517151302927,-0.0,0.00023917565435917326,False,51,2,-1.0,2.0,1.0,4.0,0.0392156862745098,"Right direction, too cautious to show"
131978,80337,13312,37717,2019-08-24 12:14:35,15,-1.0,-0.08817714609461069,-0.0,-0.025687701459158902,False,71,3,0.0,0.0,0.0,0.0,0.056338028169014086,"Lone dissent, no signal anywhere"
132044,63801,44239,62913,2019-08-24 16:35:03,6,1.0,0.12592843833041314,0.0,0.08070379953033952,True,121,8,0.0,4.0,1.0,1.0,0.1652892561983471,"Right direction, too cautious to show"
132095,76076,38777,66603,2019-08-24 21:42:38,19,1.0,-0.217851830716624,-0.0,-0.07555165297815361,True,60,7,-0.14285714285714285,0.0,0.0,2.0,0.2833333333333333,Evidence pointed the other way
132127,108616,48690,31827,2019-08-25 07:01:23,19,-2.0,-0.6029835977165493,-1.0,-0.04570099631129696,False,57,1,-2.0,1.0,0.0,0.0,0.14035087719298245,"Right direction, too few steps"
132172,36058,39213,76973,2019-08-25 13:26:31,6,-2.0,-0.2964076242998444,-0.0,0.08269327403538858,True,39,7,-0.5714285714285714,2.0,0.0,0.0,0.02564102564102564,"Right direction, too cautious to show"
132173,36058,41992,20124,2019-08-25 13:27:36,16,2.0,-0.013460695529787223,-0.0,0.06139836898518218,False,40,0,0.0,0.0,0.0,0.0,0.125,"New route, no community evidence"
132412,39731,48009,37759,2019-08-26 10:25:23,8,2.0,0.4611370652682958,0.0,0.3587316989259782,True,130,0,0.0,0.0,0.0,2.0,0.36923076923076925,"New route, no community evidence"
132414,39731,41552,37759,2019-08-26 10:27:34,8,2.0,0.482350270646864,0.0,0.3648699645787682,True,132,3,0.0,0.0,0.0,0.0,0.3712121212121212,"Right direction, too cautious to show"
132416,39731,47019,8092,2019-08-26 10:32:33,10,2.0,0.4339633372533275,0.0,0.3729942858175234,True,134,1,0.0,0.0,0.0,0.0,0.373134328358209,"Right direction, too cautious to show"
132453,108659,33685,101187,2019-08-26 14:26:47,14,1.0,0.20565407165695632,0.0,-0.026381400071423172,False,37,14,0.2857142857142857,7.0,0.0,4.0,0.02702702702702703,"Right direction, too cautious to show"
132570,102467,49781,105446,2019-08-26 20:47:18,11,-2.0,-0.1699259107524117,-0.0,-0.007577527919499125,False,29,0,0.0,0.0,9.0,11.0,0.06896551724137931,"New route, no community evidence"
132743,115722,49673,49641,2019-08-27 12:56:10,13,-1.0,0.03702712604149143,0.0,0.03323530940337651,False,43,1,0.0,0.0,0.0,0.0,0.046511627906976744,"Lone dissent, no signal anywhere"
132775,62832,45122,2588,2019-08-27 17:03:07,17,1.0,0.2878847820919206,0.0,-0.0006902667974125548,False,243,4,0.5,3.0,4.0,11.0,0.04938271604938271,"Right direction, too cautious to show"
132862,98979,38536,82622,2019-08-27 21:04:25,8,1.0,-0.014645661816064921,-0.0,-0.08317268767290416,True,60,3,0.0,0.0,0.0,8.0,0.11666666666666667,Other
132866,98979,45786,82622,2019-08-27 21:10:42,14,1.0,0.0012457069755190866,0.0,-0.07036334239909117,True,62,0,0.0,0.0,0.0,5.0,0.14516129032258066,"New route, no community evidence"
132985,39731,43171,8092,2019-08-28 10:29:34,15,2.0,0.020280319121254855,0.0,0.37568691085740513,True,136,2,-1.0,0.0,0.0,0.0,0.375,Evidence pointed the other way
132986,39731,45773,37759,2019-08-28 10:30:39,14,2.0,0.4706730124300827,0.0,0.3868717677096908,True,137,2,0.0,0.0,0.0,0.0,0.3795620437956204,"Right direction, too cautious to show"
132987,39731,45774,37759,2019-08-28 10:30:52,6,2.0,0.5251188906757283,1.0,0.39545854789636786,True,138,0,0.0,0.0,0.0,1.0,0.38405797101449274,"New route, no community evidence"
132990,39731,45778,37759,2019-08-28 10:31:42,13,1.0,0.4876578445002314,0.0,0.4010334508050985,True,141,1,0.0,0.0,0.0,0.0,0.3829787234042553,"Right direction, too cautious to show"
133003,19828,48336,11941,2019-08-28 14:13:54,16,1.0,0.4948818528302813,0.0,0.006197449058757128,False,139,3,1.0,3.0,1.0,13.0,0.03597122302158273,"Right direction, too cautious to show"
133421,94607,46895,89289,2019-08-29 18:10:23,17,1.0,-0.021020447978754582,-0.0,-0.01040945021230368,False,29,4,0.0,0.0,0.0,0.0,0.0,"Lone dissent, no signal anywhere"
133439,87533,38532,96985,2019-08-29 19:54:03,9,-1.0,-0.31054157276283184,-0.0,0.021581268004514348,False,72,2,-1.0,2.0,1.0,7.0,0.05555555555555555,"Right direction, too cautious to show"
133464,92706,39081,108170,2019-08-29 21:03:07,12,-2.0,-0.8782089857522288,-1.0,-0.024023979645811717,False,22,14,-1.0,7.0,0.0,0.0,0.09090909090909091,"Right direction, too few steps"
133515,98979,48632,82622,2019-08-29 23:25:03,8,1.0,0.0042578529873815996,0.0,-0.06437746875796882,True,63,4,0.0,0.0,1.0,10.0,0.15873015873015872,"Right direction, too cautious to show"
133565,69297,46296,71304,2019-08-30 04:40:42,10,3.0,0.013493467200305954,0.0,-0.03322986213583261,False,35,4,0.0,0.0,0.0,0.0,0.08571428571428572,"Lone dissent, no signal anywhere"
133610,39731,49261,37759,2019-08-30 10:24:44,13,1.0,0.4874336018364307,0.0,0.3992865939129953,True,142,1,0.0,0.0,0.0,0.0,0.3873239436619718,"Right direction, too cautious to show"
133612,39731,48011,37759,2019-08-30 10:25:08,14,1.0,0.4835672617694515,0.0,0.40208750312505587,True,143,1,0.0,0.0,0.0,0.0,0.3916083916083916,"Right direction, too cautious to show"
133715,61076,50472,66603,2019-08-30 19:45:17,17,-2.0,0.07000298251724847,0.0,0.10613295411789997,True,50,0,0.0,0.0,1.0,4.0,0.04,"New route, no community evidence"
133743,79662,50402,105436,2019-08-30 20:36:50,18,2.0,-0.03150578459909182,-0.0,0.0323926916666173,False,95,0,0.0,0.0,4.0,10.0,0.042105263157894736,"New route, no community evidence"
133758,106198,43100,115645,2019-08-30 21:17:13,12,-2.0,-1.2205088846763994,-1.0,-0.008615319658721749,False,39,4,-2.0,4.0,0.0,3.0,0.02564102564102564,"Right direction, too few steps"
133783,94607,49677,89283,2019-08-30 22:54:01,16,1.0,-0.014130194705734286,-0.0,0.0025922386152736152,False,30,3,0.0,0.0,0.0,3.0,0.03333333333333333,"Lone dissent, no signal anywhere"
133898,108433,42010,41255,2019-08-31 10:46:25,20,-1.0,-0.21618755707100518,-0.0,0.006340155306163033,False,18,4,-0.25,1.0,0.0,1.0,0.1111111111111111,"Right direction, too cautious to show"
134014,88226,50112,81643,2019-09-01 00:00:00,19,1.0,-0.02455939993528245,-0.0,0.017947790712439297,False,403,1,0.0,0.0,0.0,1.0,0.05459057071960298,"Lone dissent, no signal anywhere"
134016,17745,41127,82212,2019-09-01 00:00:00,9,1.0,0.10829411750542195,0.0,0.016359777028682753,False,113,9,0.1111111111111111,1.0,0.0,1.0,0.17699115044247787,"Right direction, too cautious to show"
134109,71717,49618,8060,2019-09-01 12:06:03,12,1.0,-0.07245501952111537,-0.0,-0.035454811753584205,False,71,0,0.0,0.0,0.0,2.0,0.014084507042253521,"New route, no community evidence"
134164,90344,45426,85986,2019-09-01 14:52:30,15,-1.0,-0.10837170577288514,-0.0,-0.12466357820052522,True,133,8,0.0,0.0,0.0,7.0,0.15037593984962405,"Right direction, too cautious to show"
134459,105446,50643,105446,2019-09-02 17:29:07,12,-2.0,-0.34873876631536654,-0.0,-0.0364658266522592,False,34,0,0.0,0.0,3.0,15.0,0.23529411764705882,"New route, no community evidence"
134479,102276,37150,659,2019-09-02 18:26:11,11,-1.0,-0.027710126218189215,-0.0,-0.031400465276467185,False,17,6,0.0,0.0,1.0,7.0,0.17647058823529413,"Right direction, too cautious to show"
134514,17657,50625,59023,2019-09-02 19:14:19,16,-1.0,-0.1990102239432059,-0.0,-0.15950622430964068,True,125,0,0.0,0.0,0.0,8.0,0.176,"New route, no community evidence"
134517,17657,50621,59023,2019-09-02 19:15:00,13,-1.0,-0.17358442716022654,-0.0,-0.16433144191737817,True,126,0,0.0,0.0,0.0,20.0,0.18253968253968253,"New route, no community evidence"
134577,87965,40621,81641,2019-09-02 20:20:18,20,1.0,-0.033969922499818964,-0.0,0.011230040654498882,False,82,1,0.0,0.0,0.0,0.0,0.012195121951219513,"Lone dissent, no signal anywhere"
134590,73306,46803,37417,2019-09-02 21:09:35,10,-2.0,-1.2025336361382633,-1.0,0.06522813991210985,True,178,5,-2.0,5.0,1.0,10.0,0.06741573033707865,"Right direction, too few steps"
134691,64097,41184,62909,2019-09-03 00:05:23,14,-1.0,-0.3972667957126208,-0.0,-0.008678844801709062,False,99,10,-0.5,5.0,0.0,0.0,0.06060606060606061,"Right direction, too cautious to show"
134692,64097,41188,62912,2019-09-03 00:05:49,11,-1.0,-0.4134875201885847,-0.0,-0.012982965772420061,False,100,12,-0.5,7.0,0.0,0.0,0.07,"Right direction, too cautious to show"
134704,33451,49836,69404,2019-09-03 01:00:00,17,-3.0,-0.017962794763948263,-0.0,0.015585549563433417,False,22,0,0.0,0.0,3.0,4.0,0.0,"New route, no community evidence"
134788,64283,50402,105436,2019-09-03 11:42:28,18,2.0,0.508115497091545,1.0,0.0438616598896493,False,20,1,2.0,1.0,3.0,9.0,0.1,"Right direction, too few steps"
134948,47056,42775,101187,2019-09-03 19:31:25,14,-1.0,0.15503898579654746,0.0,0.05963755984515989,False,52,6,0.16666666666666666,0.0,4.0,13.0,0.038461538461538464,"Early dissent, confirmed later"
134966,64258,50402,105436,2019-09-03 20:08:46,18,2.0,0.7642958351926469,1.0,-0.008623764599722875,False,206,2,2.0,2.0,2.0,8.0,0.009708737864077669,"Right direction, too few steps"
135000,122899,50792,45741,2019-09-03 20:39:37,15,-2.0,-0.052055852253619035,-0.0,-0.001356245521958735,False,29,0,0.0,0.0,8.0,10.0,0.06896551724137931,"New route, no community evidence"
135012,101956,43360,113255,2019-09-03 20:45:53,16,1.0,-0.03350351765016255,-0.0,-0.0035774078383890556,False,140,3,0.0,0.0,0.0,0.0,0.06428571428571428,"Lone dissent, no signal anywhere"
135177,19762,50590,76978,2019-09-04 05:25:52,12,1.0,0.07545495231858057,0.0,0.02617472797318768,False,30,2,0.0,0.0,0.0,4.0,0.03333333333333333,"Lone dissent, no signal anywhere"
135300,45741,50792,45741,2019-09-04 14:26:07,15,-2.0,-0.8241095990344616,-1.0,0.006448810555259916,False,66,2,-2.0,2.0,6.0,8.0,0.10606060606060606,"Right direction, too few steps"
135302,45741,50793,45741,2019-09-04 14:26:35,17,1.0,-0.09135170898172894,-0.0,-0.007178327114384443,False,68,0,0.0,0.0,3.0,4.0,0.07352941176470588,"New route, no community evidence"
135362,117318,50792,45741,2019-09-04 19:05:26,15,-2.0,-1.0084935596582205,-1.0,0.019153525084517165,False,30,3,-2.0,3.0,5.0,7.0,0.06666666666666667,"Right direction, too few steps"
135382,13625,50791,103219,2019-09-04 19:22:15,14,1.0,-0.0794687607525196,-0.0,-0.08392146935638513,True,167,2,0.0,0.0,0.0,4.0,0.08982035928143713,"Lone dissent, no signal anywhere"
135450,56320,50408,37417,2019-09-04 22:44:18,6,-1.0,-0.2631551198068227,-0.0,-0.02872240979189129,False,72,1,-1.0,1.0,4.0,14.0,0.027777777777777776,"Right direction, too cautious to show"
135493,111719,51247,102621,2019-09-05 00:00:00,13,1.0,0.3963994945532423,0.0,0.27579627920453886,True,73,0,0.0,0.0,1.0,3.0,0.410958904109589,"New route, no community evidence"
135494,111719,51234,102621,2019-09-05 00:00:00,14,1.0,0.3862210126839017,0.0,0.27579627920453886,True,73,0,0.0,0.0,1.0,2.0,0.410958904109589,"New route, no community evidence"
135773,904,49893,70815,2019-09-05 19:36:49,8,-2.0,0.4138522122439137,0.0,-0.030945560391389026,False,272,1,2.0,0.0,1.0,7.0,0.0661764705882353,Evidence pointed the other way
135776,24360,50216,92074,2019-09-05 19:38:32,10,2.0,0.5291831280325191,1.0,0.09497036715389434,True,230,1,2.0,1.0,1.0,8.0,0.13478260869565217,"Right direction, too few steps"
135787,24360,48340,25538,2019-09-05 19:45:55,6,1.0,0.3757264609952388,0.0,0.09843313202820701,True,236,5,0.4,2.0,3.0,3.0,0.13559322033898305,"Right direction, too cautious to show"
135789,24360,49079,11941,2019-09-05 19:46:49,17,-1.0,-0.48060495604663017,-0.0,0.1003056886957914,True,238,4,-1.0,4.0,2.0,7.0,0.04201680672268908,Evidence pointed the other way
135806,114986,45718,108478,2019-09-05 19:51:30,16,1.0,-0.06526865822352068,-0.0,-0.040963914523117755,False,39,0,0.0,0.0,0.0,0.0,0.02564102564102564,"New route, no community evidence"
135858,80337,40765,37718,2019-09-05 20:47:45,6,1.0,0.05822482723863533,0.0,-0.03355098060782092,False,72,0,0.0,0.0,1.0,1.0,0.027777777777777776,"New route, no community evidence"
135863,50885,26375,71304,2019-09-05 20:53:18,12,-2.0,-0.018745015817794922,-0.0,-0.014369073082159858,False,31,10,0.0,0.0,0.0,7.0,0.0,"Lone dissent, no signal anywhere"
135864,50885,26372,66603,2019-09-05 20:53:36,12,-2.0,-0.04509308324819779,-0.0,-0.041888554316576246,False,32,11,0.0,0.0,0.0,5.0,0.03125,"Lone dissent, no signal anywhere"
135966,109233,36546,59023,2019-09-06 00:00:00,13,2.0,-0.03290711789660408,-0.0,-0.0028621707975452666,False,49,18,-0.05555555555555555,0.0,1.0,6.0,0.0,Evidence pointed the other way
136019,3508,46728,11941,2019-09-06 04:42:04,21,1.0,-0.04355243123094578,-0.0,0.022321921226537762,False,40,0,0.0,0.0,0.0,0.0,0.125,"New route, no community evidence"
136027,3508,48325,436,2019-09-06 04:44:09,19,-1.0,-0.22992176189538455,-0.0,0.033775328191541186,False,48,1,-1.0,1.0,1.0,2.0,0.0625,"Right direction, too cautious to show"
136121,10948,50909,2588,2019-09-06 13:41:05,19,1.0,0.2651533979019644,0.0,0.029610378930928348,False,141,1,1.0,1.0,6.0,8.0,0.07092198581560284,"Right direction, too cautious to show"
136133,3332,50792,45741,2019-09-06 14:54:57,15,-2.0,-1.4608161905148491,-1.0,-0.29517462319482485,True,73,4,-2.0,4.0,4.0,6.0,0.3561643835616438,"Right direction, too few steps"
136164,44828,37326,37417,2019-09-06 17:33:36,14,1.0,0.04358369204513645,0.0,0.06887032722079346,True,72,8,0.0,0.0,0.0,5.0,0.1111111111111111,"Right direction, too cautious to show"
136259,86422,45793,82620,2019-09-06 19:35:53,15,1.0,0.2741486772263584,0.0,0.042892023699889106,False,104,1,1.0,1.0,1.0,2.0,0.19230769230769232,"Right direction, too cautious to show"
136260,86422,45794,82638,2019-09-06 19:36:25,15,2.0,0.2668336051591679,0.0,0.04789990049828525,False,105,1,1.0,1.0,1.0,2.0,0.2,"Right direction, too cautious to show"
136395,63801,51148,65727,2019-09-06 23:47:02,12,1.0,0.06437064115853633,0.0,0.084542369681804,True,129,0,0.0,0.0,0.0,3.0,0.16279069767441862,"New route, no community evidence"
136420,44892,48472,37417,2019-09-07 00:27:34,18,1.0,0.3472488771590836,0.0,-0.011954525990772341,False,264,6,0.6666666666666666,4.0,0.0,2.0,0.03787878787878788,"Right direction, too cautious to show"
136590,116009,50933,106596,2019-09-07 16:03:57,17,-1.0,0.09099156628220537,0.0,0.10578484884798962,True,57,0,0.0,0.0,0.0,3.0,0.03508771929824561,"New route, no community evidence"
136752,44892,51225,37417,2019-09-07 22:26:38,12,-2.0,-0.7011995070686331,-1.0,-0.009395054082471594,False,267,3,-1.3333333333333333,2.0,4.0,9.0,0.0299625468164794,"Right direction, too few steps"
136810,17657,51166,59023,2019-09-08 08:46:07,15,-1.0,-0.194459209704822,-0.0,-0.16650388489874127,True,131,0,0.0,0.0,0.0,14.0,0.183206106870229,"New route, no community evidence"
136856,17645,50909,2588,2019-09-08 12:13:23,19,1.0,0.4348320177490108,0.0,0.014054455292662674,False,19,4,0.75,3.0,4.0,5.0,0.05263157894736842,"Right direction, too cautious to show"
136932,111719,29251,102621,2019-09-08 14:09:18,12,1.0,0.3372721999492569,0.0,0.27757272154249985,True,76,5,0.0,0.0,1.0,2.0,0.42105263157894735,"Early dissent, confirmed later"
137020,15241,50793,45741,2019-09-08 16:27:03,17,1.0,0.23536218564826056,0.0,0.05263184900436632,False,29,1,1.0,1.0,2.0,3.0,0.06896551724137931,"Right direction, too cautious to show"
137150,86240,46327,66603,2019-09-08 22:09:20,10,2.0,0.310999310239823,0.0,0.10953943162047916,True,154,7,0.2857142857142857,1.0,0.0,7.0,0.14285714285714285,"Right direction, too cautious to show"
137297,64097,51018,62909,2019-09-09 13:54:18,6,1.0,0.021807508748808713,0.0,-0.012536660627159486,False,106,0,0.0,0.0,13.0,13.0,0.05660377358490566,"New route, no community evidence"
137333,86422,48631,82622,2019-09-09 16:53:57,16,1.0,0.12205957960350232,0.0,0.05770277474981257,True,108,0,0.0,0.0,3.0,5.0,0.2037037037037037,"New route, no community evidence"
137334,86422,45799,96985,2019-09-09 16:54:48,15,1.0,0.3934187817855356,0.0,0.06358633057949163,True,109,3,0.6666666666666666,2.0,0.0,3.0,0.21100917431192662,"Right direction, too cautious to show"
137409,131213,39461,37417,2019-09-09 19:37:07,6,2.0,0.24376108745919206,0.0,0.00043100085067591265,False,36,13,0.3076923076923077,2.0,1.0,1.0,0.027777777777777776,"Right direction, too cautious to show"
137417,101956,51341,11059,2019-09-09 20:04:33,18,-1.0,-0.03052366191492776,-0.0,0.002448112802688499,False,143,0,0.0,0.0,0.0,2.0,0.055944055944055944,"New route, no community evidence"
137535,93089,46856,71304,2019-09-10 00:00:00,13,1.0,0.2379831114751294,0.0,-0.04856659899707286,False,53,4,0.5,2.0,0.0,2.0,0.05660377358490566,"Right direction, too cautious to show"
137555,31541,40341,7246,2019-09-10 00:00:00,8,2.0,0.9867391944700832,1.0,-0.04347423923877049,False,49,3,2.0,3.0,0.0,0.0,0.0,"Right direction, too few steps"
137566,88044,51340,81643,2019-09-10 01:49:08,13,-1.0,0.23923002992318074,0.0,-0.010425513839489154,False,52,1,1.0,0.0,0.0,9.0,0.057692307692307696,"Lone dissent, no signal anywhere"
137615,44892,51214,37417,2019-09-10 07:30:40,13,-1.0,-0.2795933754906982,-0.0,-0.012156122601848028,False,269,1,-1.0,1.0,0.0,12.0,0.03345724907063197,"Right direction, too cautious to show"
137700,44892,37116,37417,2019-09-10 09:31:47,17,1.0,0.2294384350890832,0.0,-0.01411291736302349,False,273,4,0.5,2.0,0.0,0.0,0.040293040293040296,"Right direction, too cautious to show"
137794,81018,51225,37417,2019-09-10 16:21:49,12,-2.0,-0.9879119111462555,-1.0,0.03123917055199199,False,375,5,-1.6,4.0,2.0,7.0,0.032,"Right direction, too few steps"
137842,76595,51465,103988,2019-09-10 18:09:40,14,-1.0,0.05560568580751748,0.0,0.028427597094848496,False,116,0,0.0,0.0,1.0,6.0,0.02586206896551724,"New route, no community evidence"
137863,64383,50402,105436,2019-09-10 18:44:35,18,2.0,0.8348057371069416,1.0,-2.8605753110542883e-05,False,110,4,1.5,3.0,1.0,6.0,0.02727272727272727,"Right direction, too few steps"
137877,66942,50903,62304,2019-09-10 19:14:11,20,1.0,-0.09589810052758856,-0.0,0.0010153659454860448,False,44,0,0.0,0.0,0.0,1.0,0.06818181818181818,"New route, no community evidence"
137965,106815,51471,103139,2019-09-10 21:58:06,17,1.0,-0.0447260749835066,-0.0,-0.027421802693955194,False,119,0,0.0,0.0,0.0,5.0,0.0,"New route, no community evidence"
138129,137789,51567,129969,2019-09-11 08:25:02,18,-1.0,-0.19493657755217494,-0.0,-0.10838184225124362,True,45,1,0.0,0.0,2.0,13.0,0.2222222222222222,"Right direction, too cautious to show"
138304,65949,50216,92074,2019-09-11 18:53:15,10,2.0,0.5514722066941422,1.0,0.0015183986417025065,False,114,4,1.0,2.0,0.0,5.0,0.16666666666666666,"Right direction, too few steps"
138307,65949,51701,70815,2019-09-11 18:54:53,8,2.0,0.09593985013094894,0.0,0.008004676527470602,False,117,0,0.0,0.0,0.0,10.0,0.17094017094017094,"New route, no community evidence"
138474,89691,36895,59023,2019-09-11 23:33:20,8,1.0,-0.191088176331071,-0.0,-0.0017939064592561956,False,57,12,-0.25,0.0,0.0,4.0,0.03508771929824561,"Lone dissent, no signal anywhere"
138485,36548,51053,87035,2019-09-12 00:00:00,14,-1.0,-0.010618625041231013,-0.0,-0.03167395154860811,False,41,0,0.0,0.0,1.0,7.0,0.14634146341463414,"New route, no community evidence"
138544,137789,51799,129969,2019-09-12 06:17:10,15,-1.0,-0.18560379335696145,-0.0,-0.11962273254323524,True,47,0,0.0,0.0,1.0,13.0,0.23404255319148937,"New route, no community evidence"
138742,68477,50092,41691,2019-09-12 18:43:28,6,1.0,0.03341022256233331,0.0,0.004429682515569121,False,45,4,0.0,0.0,12.0,19.0,0.06666666666666667,"Early dissent, confirmed later"
138778,36485,51056,659,2019-09-12 19:44:52,15,1.0,-0.04311411785321595,-0.0,0.012055565453918525,False,66,1,0.0,0.0,1.0,2.0,0.10606060606060606,"Early dissent, confirmed later"
138780,105472,51480,103139,2019-09-12 19:46:28,12,2.0,0.8120402990985672,1.0,-0.006838192940878564,False,18,2,2.0,2.0,4.0,14.0,0.0,"Right direction, too few steps"
138783,36485,51052,87035,2019-09-12 19:48:00,17,-1.0,0.011000592572824514,0.0,0.022384166605582137,False,68,0,0.0,0.0,1.0,2.0,0.10294117647058823,"New route, no community evidence"
138798,105944,51480,103139,2019-09-12 20:23:15,12,2.0,0.9405273980915005,1.0,-0.07759593291497216,True,51,3,2.0,3.0,3.0,13.0,0.0392156862745098,"Right direction, too few steps"
138886,89781,51340,81643,2019-09-12 23:05:17,13,1.0,0.003281060478001878,0.0,-0.0013488777587473142,False,59,2,0.0,1.0,4.0,8.0,0.01694915254237288,"Right direction, too cautious to show"
138906,76595,51480,103139,2019-09-12 23:38:16,12,2.0,1.1936432296973207,1.0,0.02269819543392571,False,121,4,2.0,4.0,2.0,12.0,0.04132231404958678,"Right direction, too few steps"
138912,87533,48631,82622,2019-09-13 00:00:00,16,1.0,0.29482167225099387,0.0,0.011240227112684015,False,78,1,1.0,1.0,2.0,4.0,0.10256410256410256,"Right direction, too cautious to show"
139057,73306,51751,37417,2019-09-13 18:25:26,13,1.0,0.03648760099698352,0.0,0.06594933644189752,True,182,0,0.0,0.0,6.0,11.0,0.12087912087912088,"New route, no community evidence"
139071,105628,51465,103988,2019-09-13 18:45:10,14,-1.0,-0.20204016848607254,-0.0,0.039895737031484996,False,109,1,-1.0,1.0,0.0,5.0,0.009174311926605505,"Right direction, too cautious to show"
139085,104364,50323,81680,2019-09-13 19:01:51,15,-1.0,-0.2736168455969399,-0.0,-0.007999050149775032,False,114,1,-1.0,1.0,0.0,5.0,0.0,"Right direction, too cautious to show"
139137,107310,51488,103219,2019-09-13 21:37:17,10,1.0,0.03449415776169965,0.0,-0.028091787716540004,False,39,0,0.0,0.0,1.0,8.0,0.10256410256410256,"New route, no community evidence"
139286,93773,51586,91579,2019-09-14 08:55:47,12,1.0,-0.004124058002625311,-0.0,0.013233276316287573,False,271,0,0.0,0.0,0.0,1.0,0.01845018450184502,"New route, no community evidence"
139299,97938,38532,96985,2019-09-14 10:13:40,9,-1.0,-0.45637807780892187,-0.0,-0.005832918021889597,False,56,3,-1.0,3.0,0.0,6.0,0.07142857142857142,"Right direction, too cautious to show"
139539,86449,48629,82622,2019-09-14 22:13:19,12,-1.0,-0.03362136477358045,-0.0,-0.058750407013906235,True,117,7,0.0,0.0,0.0,7.0,0.1282051282051282,"Right direction, too cautious to show"
139803,86240,48572,66603,2019-09-15 18:57:42,8,2.0,0.13683174298428635,0.0,0.11027382564878875,True,164,3,0.0,0.0,0.0,10.0,0.1402439024390244,"Right direction, too cautious to show"
139818,122031,49836,69404,2019-09-15 19:35:38,17,-3.0,-1.2285822661037296,-1.0,-0.01074662390878701,False,43,2,-3.0,2.0,1.0,2.0,0.023255813953488372,"Right direction, too few steps"
139825,102230,50963,91143,2019-09-15 20:10:51,19,-2.0,-0.08244680952910038,-0.0,0.008423439331707024,False,146,0,0.0,0.0,0.0,1.0,0.04794520547945205,"New route, no community evidence"
139907,73306,52284,66386,2019-09-16 05:08:15,14,-1.0,0.05373256792402977,0.0,0.06648372557818143,True,186,0,0.0,0.0,0.0,2.0,0.06989247311827956,"New route, no community evidence"
140067,89339,51949,81643,2019-09-16 15:30:34,19,1.0,-0.009300289750166973,-0.0,0.03653036668515174,False,173,1,0.0,0.0,1.0,1.0,0.10404624277456648,"Early dissent, confirmed later"
140135,86422,45790,82621,2019-09-16 18:04:23,17,1.0,0.03698974922189747,0.0,0.0648373239418197,True,116,0,0.0,0.0,0.0,1.0,0.20689655172413793,"New route, no community evidence"
140166,51719,50092,41691,2019-09-16 18:57:17,6,1.0,0.16878315184784076,0.0,0.019088246588629898,False,87,5,0.2,1.0,11.0,18.0,0.04597701149425287,"Right direction, too cautious to show"
140222,86449,48631,82622,2019-09-16 21:06:59,16,-1.0,0.36460168842351126,0.0,-0.06516441533091795,True,118,2,1.0,0.0,1.0,3.0,0.13559322033898305,"Early dissent, confirmed later"
140417,137789,52438,129143,2019-09-17 09:00:00,16,-1.0,-0.14199569029134393,-0.0,-0.13360030546009896,True,51,0,0.0,0.0,6.0,8.0,0.23529411764705882,"New route, no community evidence"
140441,106068,46683,82647,2019-09-17 10:09:52,15,2.0,0.03193762914211479,0.0,0.04515359803173842,False,55,7,0.0,0.0,1.0,8.0,0.07272727272727272,"Right direction, too cautious to show"
140449,106068,46705,82647,2019-09-17 10:12:32,14,2.0,0.1374497211591355,0.0,0.0643925481797448,False,58,9,0.1111111111111111,1.0,0.0,5.0,0.08620689655172414,"Right direction, too cautious to show"
140699,31541,52964,7246,2019-09-18 00:00:00,16,-3.0,-0.07009168870804891,-0.0,-0.03304651834810983,False,53,0,0.0,0.0,0.0,0.0,0.018867924528301886,"New route, no community evidence"
140728,66942,51751,37417,2019-09-18 05:05:27,13,1.0,0.48438450950131223,0.0,0.009121418735806668,False,48,3,1.0,3.0,3.0,8.0,0.08333333333333333,"Right direction, too cautious to show"
140738,46652,52058,46652,2019-09-18 05:09:18,18,-1.0,-0.08874257774080521,-0.0,0.008392544562096699,False,59,0,0.0,0.0,0.0,0.0,0.01694915254237288,"New route, no community evidence"
140743,46652,52053,46652,2019-09-18 05:10:17,14,-1.0,-0.05735002543410329,-0.0,0.0017865427809345851,False,64,0,0.0,0.0,0.0,0.0,0.03125,"New route, no community evidence"
140745,46652,50275,659,2019-09-18 05:10:54,10,2.0,-0.015355524273559434,-0.0,-0.007159010785510629,False,66,0,0.0,0.0,0.0,1.0,0.0,"New route, no community evidence"
140921,3332,50793,45741,2019-09-18 18:26:28,17,1.0,0.05419601255566036,0.0,-0.2808598669815184,True,81,2,1.0,2.0,1.0,2.0,0.0,Evidence pointed the other way
140937,88226,52337,83006,2019-09-18 19:06:20,18,1.0,0.003166750570639809,0.0,0.019901937953596675,False,419,1,0.0,0.0,0.0,5.0,0.05489260143198091,"Lone dissent, no signal anywhere"
140940,88226,52339,83006,2019-09-18 19:06:40,16,1.0,0.026209677251057124,0.0,0.02205315300750407,False,421,0,0.0,0.0,0.0,8.0,0.057007125890736345,"New route, no community evidence"
140975,90298,40724,82621,2019-09-18 20:47:19,6,1.0,-0.11269797288555676,-0.0,0.024099493116396798,False,22,9,-0.2222222222222222,3.0,4.0,6.0,0.18181818181818182,Evidence pointed the other way
141132,137789,52555,129143,2019-09-19 07:37:28,19,-2.0,-0.18287493179566783,-0.0,-0.13955804944641895,True,54,0,0.0,0.0,3.0,4.0,0.24074074074074073,"New route, no community evidence"
141139,106244,47731,103139,2019-09-19 08:32:31,14,-1.0,0.00756087312060446,0.0,-0.008943421179822034,False,18,9,0.0,0.0,0.0,6.0,0.1111111111111111,Other
141165,96749,50964,12190,2019-09-19 10:42:42,16,2.0,-0.005899286772593892,-0.0,0.010628887361709843,False,207,3,0.0,0.0,0.0,0.0,0.004830917874396135,"Lone dissent, no signal anywhere"
141371,86533,49737,97324,2019-09-19 22:14:19,15,1.0,-0.02260246800247287,-0.0,-0.01584786135850796,False,169,2,0.0,0.0,0.0,0.0,0.10650887573964497,Other
141383,111719,47362,102621,2019-09-19 22:26:53,14,1.0,0.4456345204536698,0.0,0.28738629955610945,True,78,2,0.5,1.0,0.0,2.0,0.4230769230769231,"Right direction, too cautious to show"
141439,94370,50842,89288,2019-09-20 06:00:00,13,1.0,0.37952417066316524,0.0,0.10222069922289216,True,85,8,0.375,2.0,1.0,4.0,0.09411764705882353,"Right direction, too cautious to show"
141496,63662,48662,38040,2019-09-20 13:37:28,16,-1.0,-0.073830096790056,-0.0,-0.06911497952962212,True,69,9,0.0,0.0,0.0,4.0,0.13043478260869565,"Right direction, too cautious to show"
141498,63662,45549,43301,2019-09-20 13:39:10,14,1.0,-0.04037083932253252,-0.0,-0.07686854751370518,True,71,20,0.05,1.0,0.0,2.0,0.028169014084507043,Other
141503,63662,39340,41691,2019-09-20 13:41:15,18,1.0,-0.08800784821695967,-0.0,-0.06569365696320802,True,76,14,0.0,0.0,0.0,1.0,0.039473684210526314,"Lone dissent, no signal anywhere"
141508,63662,43014,43301,2019-09-20 13:43:45,15,1.0,0.08828995472045632,0.0,-0.056487106143672146,False,80,10,0.2,1.0,0.0,1.0,0.05,"Right direction, too cautious to show"
141549,22783,39121,67311,2019-09-20 15:30:55,6,1.0,0.47384485356178824,0.0,-0.0016151893392548217,False,88,2,1.0,2.0,1.0,1.0,0.056818181818181816,"Right direction, too cautious to show"
141634,76076,41660,66603,2019-09-20 18:57:17,17,1.0,0.25126944783040456,0.0,-0.052053932931890465,False,69,12,0.4166666666666667,7.0,1.0,5.0,0.2608695652173913,"Right direction, too cautious to show"
141646,10948,45122,2588,2019-09-20 19:10:26,17,1.0,0.47714358223917186,0.0,0.03180322355452486,False,143,6,0.6666666666666666,5.0,2.0,9.0,0.07692307692307693,"Right direction, too cautious to show"
141653,3191,52957,7246,2019-09-20 19:21:22,15,-1.0,0.02375955991609885,0.0,0.05697507750076844,True,135,0,0.0,0.0,2.0,4.0,0.044444444444444446,"New route, no community evidence"
141710,107310,52597,105820,2019-09-20 21:11:51,8,1.0,0.022445838198712827,0.0,-0.015946945388310648,False,41,0,0.0,0.0,0.0,9.0,0.12195121951219512,"New route, no community evidence"
141753,81018,46242,37417,2019-09-20 23:02:55,8,2.0,0.35032945189835274,0.0,0.02738868733933714,False,378,9,0.4444444444444444,2.0,0.0,9.0,0.04497354497354497,"Right direction, too cautious to show"
141767,31782,52594,63831,2019-09-21 00:00:00,10,2.0,0.11632066206928642,0.0,0.020102008287108782,False,64,0,0.0,0.0,0.0,6.0,0.125,"New route, no community evidence"
141859,92378,40213,87536,2019-09-21 13:44:31,10,-1.0,-0.46412334006216643,-0.0,0.0038606884377549583,False,43,3,-1.0,3.0,1.0,1.0,0.0,"Right direction, too cautious to show"
141965,47581,51771,37430,2019-09-21 21:06:11,6,-1.0,-0.35711225803018476,-0.0,-0.15963942438113954,True,97,1,-1.0,1.0,8.0,8.0,0.10309278350515463,"Right direction, too cautious to show"
142149,70314,52142,118936,2019-09-22 13:58:02,12,1.0,-0.018953935574950058,-0.0,-0.019961513908888093,False,37,1,0.0,0.0,0.0,5.0,0.0,"Lone dissent, no signal anywhere"
142152,70314,50639,120279,2019-09-22 13:59:36,12,1.0,0.4893079333164983,0.0,-0.006686196556694104,False,40,3,1.0,3.0,2.0,2.0,0.025,"Right direction, too cautious to show"
142244,31979,49711,79146,2019-09-22 17:34:00,13,1.0,0.02000397776342202,0.0,-0.02239913632430486,False,60,0,0.0,0.0,0.0,2.0,0.06666666666666667,"New route, no community evidence"
142264,50231,52412,37759,2019-09-22 18:38:08,15,-1.0,-0.12351798613108232,-0.0,-0.16973057144852172,True,102,0,0.0,0.0,0.0,1.0,0.09803921568627451,"New route, no community evidence"
142292,77025,52134,59651,2019-09-22 19:21:50,13,-1.0,0.0793798262233586,0.0,-0.06326202871204176,True,72,1,1.0,0.0,0.0,1.0,0.1388888888888889,Evidence pointed the other way
142301,89294,52897,31273,2019-09-22 19:38:05,12,1.0,0.173693184041984,0.0,0.17988839836908846,True,75,0,0.0,0.0,0.0,4.0,0.29333333333333333,"New route, no community evidence"
142302,89294,52887,31269,2019-09-22 19:40:06,8,2.0,0.30044048065357354,0.0,0.187008786093155,True,76,0,0.0,0.0,0.0,8.0,0.3026315789473684,"New route, no community evidence"
142376,100712,53232,121163,2019-09-23 07:50:27,15,-1.0,0.0053307333780696735,0.0,0.0518234405151421,False,69,0,0.0,0.0,0.0,11.0,0.0,"New route, no community evidence"
142435,88221,52392,86753,2019-09-23 11:04:05,14,1.0,0.009154961696155296,0.0,0.005820279894059473,False,28,1,0.0,0.0,0.0,10.0,0.03571428571428571,"Lone dissent, no signal anywhere"
142621,74950,51495,81643,2019-09-23 19:55:50,10,2.0,0.9979178799035667,1.0,-0.024193047243060952,False,209,3,2.0,3.0,2.0,4.0,0.004784688995215311,"Right direction, too few steps"
142784,97983,44594,31807,2019-09-24 05:07:54,8,2.0,0.6011783476777282,1.0,0.010412187469204092,False,21,1,2.0,1.0,3.0,3.0,0.19047619047619047,"Right direction, too few steps"
142826,86116,53260,80418,2019-09-24 07:19:22,10,2.0,0.06006949685770714,0.0,0.022947331631933687,False,19,0,0.0,0.0,0.0,10.0,0.10526315789473684,"New route, no community evidence"
142920,115293,50793,45741,2019-09-24 18:23:03,17,1.0,0.49575853299570305,0.0,0.0027236775263450265,False,40,3,1.0,3.0,0.0,1.0,0.075,"Right direction, too cautious to show"
142935,86533,52778,69404,2019-09-24 18:52:17,14,-1.0,-0.03242041029824472,-0.0,-0.013504680038523701,False,171,0,0.0,0.0,2.0,3.0,0.14035087719298245,"New route, no community evidence"
142936,86533,52777,69404,2019-09-24 18:52:25,15,-1.0,-0.2827621185977047,-0.0,-0.01807088145975525,False,172,1,-1.0,1.0,0.0,2.0,0.14534883720930233,"Right direction, too cautious to show"
142937,86533,52780,69404,2019-09-24 18:52:37,17,-1.0,-0.07251033533563193,-0.0,-0.021444676779009582,False,173,0,0.0,0.0,0.0,1.0,0.15028901734104047,"New route, no community evidence"
143011,72877,49736,97324,2019-09-24 21:19:07,14,-1.0,-0.45938714709514256,-0.0,-0.03267327257917077,False,122,4,-0.75,3.0,0.0,0.0,0.02459016393442623,"Right direction, too cautious to show"
143018,72877,52778,69404,2019-09-24 21:29:39,14,-1.0,-0.29998758552711646,-0.0,-0.03598991577528913,False,123,1,-1.0,1.0,1.0,2.0,0.032520325203252036,"Right direction, too cautious to show"
143071,3191,52963,7246,2019-09-24 23:46:14,21,1.0,-0.044237897313700106,-0.0,0.052259095982188815,True,137,0,0.0,0.0,0.0,2.0,0.06569343065693431,"New route, no community evidence"
143508,94912,52555,129143,2019-09-26 00:08:17,19,-2.0,-0.5060043942266219,-1.0,0.015206642354111599,False,406,1,-2.0,1.0,2.0,3.0,0.022167487684729065,"Right direction, too few steps"
143580,56628,49663,31269,2019-09-26 08:35:29,16,-1.0,0.03524531934192314,0.0,-0.0049139699105859155,False,109,0,0.0,0.0,2.0,2.0,0.009174311926605505,"New route, no community evidence"
143631,17649,49013,66820,2019-09-26 10:56:35,12,1.0,-0.03493058465659768,-0.0,-0.04334685211610734,True,198,4,0.0,0.0,0.0,4.0,0.015151515151515152,"Lone dissent, no signal anywhere"
143726,46796,50871,82299,2019-09-26 15:48:02,10,3.0,1.4004462362952936,1.0,-0.04701426919325162,True,304,4,2.5,4.0,1.0,7.0,0.0,"Right direction, too few steps"
143754,63801,40765,37718,2019-09-26 17:08:55,6,1.0,0.41640225046938256,0.0,0.08664528905058098,True,140,1,1.0,1.0,0.0,0.0,0.16428571428571428,"Right direction, too cautious to show"
143800,98864,53799,103283,2019-09-26 19:13:41,6,1.0,0.10140476883574133,0.0,0.0013241125696057856,False,130,0,0.0,0.0,2.0,2.0,0.046153846153846156,"New route, no community evidence"
143846,108647,50900,108170,2019-09-26 20:40:57,13,1.0,-0.023648126223776163,-0.0,0.024276180631947288,False,48,3,0.0,0.0,0.0,0.0,0.0625,"Lone dissent, no signal anywhere"
143906,13625,51963,17880,2019-09-26 23:23:47,16,1.0,-0.13980041203738505,-0.0,-0.0826789291525417,True,172,0,0.0,0.0,0.0,3.0,0.09302325581395349,"New route, no community evidence"
143907,13625,52398,17880,2019-09-26 23:25:30,12,-1.0,-0.08370220220547114,-0.0,-0.07732775350917367,True,173,1,0.0,0.0,0.0,4.0,0.1329479768786127,"Right direction, too cautious to show"
144058,30291,50938,99961,2019-09-27 15:36:22,17,-2.0,-0.2162063284657993,-0.0,-0.1172185334503116,True,27,9,-0.1111111111111111,1.0,0.0,6.0,0.25925925925925924,"Right direction, too cautious to show"
144059,30291,53708,61022,2019-09-27 15:37:57,16,-2.0,-0.14974755894127262,-0.0,-0.1434504070428737,True,28,1,0.0,0.0,0.0,12.0,0.2857142857142857,"Right direction, too cautious to show"
144302,124628,49982,123676,2019-09-28 10:55:20,19,-1.0,-0.17909821599516731,-0.0,-0.03543639224060285,False,25,0,0.0,0.0,1.0,3.0,0.16,"New route, no community evidence"
144303,124628,49984,123676,2019-09-28 10:56:01,17,-3.0,-1.335675254816789,-1.0,-0.04785288233167777,False,26,2,-3.0,2.0,3.0,5.0,0.19230769230769232,"Right direction, too few steps"
144324,55657,49244,41691,2019-09-28 11:48:57,13,1.0,0.02864629862860982,0.0,-0.02414581825089767,False,164,15,0.06666666666666667,1.0,0.0,2.0,0.024390243902439025,"Right direction, too cautious to show"
144363,81018,45410,37428,2019-09-28 13:22:23,14,2.0,-0.004006061552225678,-0.0,0.031010096208773427,False,381,4,0.0,0.0,0.0,3.0,0.047244094488188976,"Lone dissent, no signal anywhere"
144399,61433,53832,105436,2019-09-28 15:52:01,20,-1.0,-0.30468341930078535,-0.0,-0.27367744910465197,True,184,0,0.0,0.0,0.0,2.0,0.2391304347826087,"New route, no community evidence"
144476,44563,52395,73668,2019-09-28 18:44:56,15,2.0,0.04548307277758582,0.0,0.05849184472171995,True,144,2,0.0,0.0,0.0,9.0,0.0763888888888889,"Lone dissent, no signal anywhere"
144478,44563,52019,37417,2019-09-28 18:46:49,21,-1.0,-0.0066716578814414035,-0.0,0.06827292163131965,True,146,2,0.0,0.0,0.0,4.0,0.0136986301369863,"Lone dissent, no signal anywhere"
144530,121426,53984,73528,2019-09-28 20:45:05,14,1.0,0.12219458451865992,0.0,0.1176241786155521,True,30,4,0.0,0.0,4.0,25.0,0.3,"Right direction, too cautious to show"
144591,44988,53870,100870,2019-09-29 00:00:00,17,1.0,-0.04189858990384421,-0.0,0.002477494531543586,False,325,0,0.0,0.0,1.0,2.0,0.003076923076923077,"New route, no community evidence"
144592,44988,53871,100870,2019-09-29 00:00:00,13,1.0,0.004419145596174688,0.0,0.002477494531543586,False,325,3,0.0,0.0,0.0,5.0,0.003076923076923077,"Lone dissent, no signal anywhere"
144646,66381,53056,39994,2019-09-29 07:17:22,16,-1.0,-0.025838673702096485,-0.0,-0.001677643481905767,False,210,0,0.0,0.0,0.0,1.0,0.0,"New route, no community evidence"
144655,82647,51473,103987,2019-09-29 07:42:31,20,1.0,-0.05105544830839044,-0.0,0.06882637549821359,True,140,1,0.0,0.0,0.0,2.0,0.08571428571428572,"Lone dissent, no signal anywhere"
144742,86533,48356,97324,2019-09-29 13:45:22,13,2.0,-0.012900335149286055,-0.0,-0.022107890336070263,False,175,2,0.0,0.0,0.0,0.0,0.10857142857142857,Other
144838,88226,53571,66517,2019-09-29 16:14:13,19,1.0,0.01050198851419791,0.0,0.02301023747487396,False,450,0,0.0,0.0,0.0,1.0,0.05555555555555555,"New route, no community evidence"
144907,59368,38067,73668,2019-09-29 18:08:33,13,2.0,0.22235352776969972,0.0,0.037285708072682416,False,150,17,0.23529411764705882,3.0,0.0,2.0,0.04666666666666667,"Right direction, too cautious to show"
144909,111110,51228,102621,2019-09-29 18:08:44,14,2.0,0.72425615627083,1.0,0.6149500790808361,True,90,0,0.0,0.0,0.0,1.0,0.6555555555555556,"New route, no community evidence"
144913,46799,50092,41691,2019-09-29 18:12:29,6,1.0,0.21153172519279984,0.0,0.013874560793582395,False,294,8,0.25,2.0,10.0,15.0,0.034013605442176874,"Right direction, too cautious to show"
145018,59174,53149,71304,2019-09-29 21:16:43,14,-1.0,0.09301985834819787,0.0,0.054886791906621345,True,256,0,0.0,0.0,0.0,13.0,0.078125,"New route, no community evidence"
145020,59174,53147,71304,2019-09-29 21:16:58,14,-1.0,0.06496569936954154,0.0,0.051204547465813474,True,257,4,0.0,0.0,0.0,14.0,0.08171206225680934,"Lone dissent, no signal anywhere"
145045,110052,39066,106704,2019-09-29 22:09:12,19,-1.0,-0.0016521306950046388,-0.0,0.05128277214669199,False,52,1,0.0,0.0,0.0,0.0,0.19230769230769232,"Right direction, too cautious to show"
145051,89339,53939,81643,2019-09-30 00:00:00,17,-1.0,-0.22818457833310346,-0.0,0.039563774120948816,False,177,1,-1.0,1.0,2.0,7.0,0.0847457627118644,"Right direction, too cautious to show"
145315,102331,50315,65681,2019-09-30 19:25:01,15,-1.0,-0.03915580926869504,-0.0,-0.04436180058253459,False,169,3,0.0,0.0,0.0,0.0,0.047337278106508875,"Lone dissent, no signal anywhere"
145337,125050,53984,73528,2019-09-30 20:15:39,14,1.0,0.12183206694828207,0.0,0.02260343281485209,False,41,6,0.16666666666666666,1.0,3.0,23.0,0.0975609756097561,"Right direction, too cautious to show"
145464,26546,41660,66603,2019-09-30 23:06:01,17,1.0,0.3258487526267324,0.0,-0.024307544816288114,False,226,13,0.46153846153846156,8.0,0.0,4.0,0.022123893805309734,"Right direction, too cautious to show"
145468,43245,52117,59651,2019-09-30 23:07:48,12,1.0,-0.07210872291707791,-0.0,0.014975592339398332,False,136,0,0.0,0.0,0.0,1.0,0.058823529411764705,"New route, no community evidence"
145497,88514,51340,81643,2019-10-01 00:00:00,13,1.0,0.3995484383996276,0.0,0.013857208955402227,False,160,5,0.6,4.0,1.0,5.0,0.0375,"Right direction, too cautious to show"
145498,88514,53939,81643,2019-10-01 00:00:00,17,-1.0,-0.40968645192457176,-0.0,0.013857208955402227,False,160,2,-1.0,2.0,1.0,6.0,0.0125,"Right direction, too cautious to show"
145503,15209,50325,81680,2019-10-01 00:00:00,8,1.0,0.018589299081823503,0.0,-0.0007094473348171201,False,112,2,0.0,0.0,0.0,2.0,0.16071428571428573,"Right direction, too cautious to show"
145560,133452,54373,123015,2019-10-01 08:27:35,15,1.0,-0.04266776530466462,-0.0,-0.02182230725012008,False,63,0,0.0,0.0,0.0,2.0,0.015873015873015872,"New route, no community evidence"
145642,140637,53299,123761,2019-10-01 14:16:26,16,-2.0,-0.01821296101209518,-0.0,-0.0016400497280065743,False,17,0,0.0,0.0,5.0,6.0,0.0,"New route, no community evidence"
145674,88226,53689,86034,2019-10-01 15:33:36,19,1.0,-0.004768010401816486,-0.0,0.02465517160266262,False,453,0,0.0,0.0,0.0,3.0,0.05739514348785872,"New route, no community evidence"
145676,88226,53690,86035,2019-10-01 15:33:59,18,1.0,0.0025005270302956226,0.0,0.026617355534225333,False,455,2,0.0,0.0,0.0,2.0,0.05934065934065934,"Lone dissent, no signal anywhere"
145731,72308,54069,59023,2019-10-01 17:30:22,17,-1.0,-0.3027645788529405,-0.0,-0.01564175851967123,False,120,1,-1.0,1.0,7.0,20.0,0.06666666666666667,"Right direction, too cautious to show"
145732,72308,54070,59023,2019-10-01 17:30:32,20,-2.0,-0.10113847246691829,-0.0,-0.021455726690702125,False,121,0,0.0,0.0,1.0,9.0,0.0743801652892562,"New route, no community evidence"
145791,61433,50767,59023,2019-10-01 19:01:41,20,1.0,-0.35402296136561584,-0.0,-0.2741585020654941,True,185,0,0.0,0.0,0.0,0.0,0.016216216216216217,"New route, no community evidence"
145803,4417,52565,103283,2019-10-01 19:24:53,15,2.0,0.04456799801787338,0.0,0.03634272478253166,False,31,1,0.0,0.0,1.0,4.0,0.16129032258064516,"Early dissent, confirmed later"
145995,43104,48139,89283,2019-10-02 04:48:47,13,1.0,0.06817632937546067,0.0,0.05540757250222551,True,258,16,0.0,0.0,0.0,1.0,0.05426356589147287,"Lone dissent, no signal anywhere"
146093,48416,52019,37417,2019-10-02 14:31:01,21,1.0,-0.21003470939124375,-0.0,0.029050683316618735,False,112,3,-0.3333333333333333,0.0,2.0,3.0,0.05357142857142857,"Early dissent, confirmed later"
146192,31819,53986,31819,2019-10-02 18:57:42,14,1.0,-0.03147936237233176,-0.0,-0.00983396627164412,False,40,0,0.0,0.0,0.0,1.0,0.1,"New route, no community evidence"
146421,86533,54588,70297,2019-10-03 01:00:00,16,-1.0,-0.030703926787340685,-0.0,-0.013734223281445114,False,177,0,0.0,0.0,0.0,3.0,0.15254237288135594,"New route, no community evidence"
146450,107817,49587,107817,2019-10-03 06:15:48,19,1.0,-0.09027015182326444,-0.0,-0.06087588627522684,False,17,0,0.0,0.0,0.0,1.0,0.11764705882352941,"New route, no community evidence"
146536,123248,53692,86035,2019-10-03 13:42:09,13,2.0,0.08355365337219693,0.0,0.06563756261228317,False,24,1,0.0,0.0,1.0,6.0,0.16666666666666666,"Right direction, too cautious to show"
146543,105360,38316,103988,2019-10-03 13:48:20,10,1.0,0.014196600656370777,0.0,-0.0126739811531406,False,22,40,0.025,1.0,0.0,2.0,0.0,"Right direction, too cautious to show"
146647,56628,54582,62910,2019-10-03 18:30:21,20,-2.0,-0.015542162087288397,-0.0,-0.01356667317429175,False,111,0,0.0,0.0,0.0,0.0,0.018018018018018018,"New route, no community evidence"
146656,10961,53939,81643,2019-10-03 18:38:09,17,1.0,-0.42281093666552333,-0.0,0.09957760898122205,True,88,3,-1.0,0.0,1.0,5.0,0.19318181818181818,Evidence pointed the other way
146724,61433,54070,59023,2019-10-03 20:06:27,20,-2.0,-0.6918224613618732,-1.0,-0.26777754724551006,True,187,2,-1.0,1.0,0.0,7.0,0.24064171122994651,"Right direction, too few steps"
146725,61433,54069,59023,2019-10-03 20:06:52,17,-2.0,-0.5314230481686679,-1.0,-0.27351397060001625,True,188,5,-0.4,2.0,6.0,16.0,0.24468085106382978,"Right direction, too few steps"
146726,61433,54068,59023,2019-10-03 20:07:21,14,-1.0,-0.2862634163167901,-0.0,-0.27957677940031284,True,189,5,0.0,0.0,0.0,17.0,0.24867724867724866,"Right direction, too cautious to show"
146728,61433,50623,59023,2019-10-03 20:08:10,21,-1.0,-0.37454293936963723,-0.0,-0.2826843383245726,True,190,0,0.0,0.0,0.0,2.0,0.25263157894736843,"New route, no community evidence"
146798,77578,54465,86035,2019-10-03 22:20:26,14,-1.0,0.04997466512296857,0.0,0.036146380466152137,False,209,0,0.0,0.0,0.0,5.0,0.009569377990430622,"New route, no community evidence"
146799,77578,47702,85986,2019-10-03 22:20:39,16,-1.0,0.0526086539676371,0.0,0.0319531826671361,False,210,3,0.0,0.0,0.0,0.0,0.014285714285714285,"Lone dissent, no signal anywhere"
146801,17949,47728,37417,2019-10-03 22:28:59,12,1.0,0.12475969899197194,0.0,0.14315996474579956,True,242,12,0.0,0.0,0.0,4.0,0.17768595041322313,"Right direction, too cautious to show"
146822,105221,52370,82647,2019-10-03 23:29:56,13,-2.0,-0.03763007913269585,-0.0,-0.02196793444830738,False,162,7,0.0,0.0,0.0,9.0,0.06790123456790123,"Lone dissent, no signal anywhere"
146956,15776,55279,39996,2019-10-04 14:04:29,15,-1.0,0.013258411409672193,0.0,-0.005762680373962718,False,177,0,0.0,0.0,4.0,12.0,0.0,"New route, no community evidence"
147058,88226,53287,81643,2019-10-04 18:34:53,14,1.0,0.030226807642593265,0.0,0.028323933413901492,False,463,4,0.0,0.0,0.0,5.0,0.06047516198704104,"Lone dissent, no signal anywhere"
147064,88226,53939,81643,2019-10-04 18:42:39,17,-1.0,-0.28809235224369495,-0.0,0.030231078540251883,True,465,4,-0.5,3.0,0.0,4.0,0.025806451612903226,"Right direction, too cautious to show"
147103,84773,52399,103219,2019-10-04 20:02:37,10,-1.0,-0.23280832232628448,-0.0,-0.010139400769031741,False,24,5,-0.4,3.0,0.0,2.0,0.125,"Right direction, too cautious to show"
147121,35495,36381,57680,2019-10-04 20:40:45,6,2.0,-0.08700785801613972,-0.0,0.07063604311947419,False,29,3,-0.3333333333333333,0.0,0.0,0.0,0.1724137931034483,Evidence pointed the other way
147162,94390,54362,89288,2019-10-04 23:57:27,8,-2.0,0.03265707379071061,0.0,-0.006013882448468531,False,559,1,0.0,0.0,0.0,6.0,0.12701252236135957,Other
147164,94390,54366,89289,2019-10-04 23:58:17,8,-2.0,0.04673699651121463,0.0,-0.009396370850124923,False,561,1,0.0,0.0,0.0,16.0,0.12834224598930483,Other
147216,94390,54175,9453,2019-10-05 02:00:39,8,-2.0,0.022508665938528523,0.0,-0.013201536607574905,False,569,1,0.0,0.0,0.0,7.0,0.1282952548330404,Other
147217,94390,54176,9453,2019-10-05 02:00:53,13,1.0,-0.012946098020082805,-0.0,-0.016517124611462562,False,570,1,0.0,0.0,1.0,12.0,0.12982456140350876,Other
147257,31963,54677,38878,2019-10-05 11:40:04,8,-2.0,-0.10323837946121066,-0.0,-0.07823082684726948,True,108,0,0.0,0.0,2.0,5.0,0.14814814814814814,"New route, no community evidence"
147389,56458,54149,60714,2019-10-05 19:29:30,12,1.0,-0.03550173887143741,-0.0,-0.04237385548432298,False,117,1,0.0,0.0,0.0,3.0,0.05128205128205128,"Lone dissent, no signal anywhere"
147499,92144,46596,80125,2019-10-06 10:39:11,14,1.0,0.03088782948937724,0.0,0.03272599228444535,False,162,12,0.0,0.0,0.0,6.0,0.05555555555555555,"Lone dissent, no signal anywhere"
147573,64479,39606,32378,2019-10-06 13:54:36,6,1.0,-0.21716590886026385,-0.0,0.02083048866561752,False,155,4,-0.5,1.0,3.0,3.0,0.13548387096774195,Evidence pointed the other way
147615,36485,51053,87035,2019-10-06 15:11:21,14,-1.0,-0.21942265946155792,-0.0,0.01372272853497942,False,72,1,-1.0,1.0,0.0,6.0,0.1111111111111111,"Right direction, too cautious to show"
147617,13164,50977,100870,2019-10-06 15:24:27,13,1.0,0.011657831568138884,0.0,0.014488194395602155,False,294,5,0.0,0.0,0.0,8.0,0.027210884353741496,"Lone dissent, no signal anywhere"
147641,81228,53877,123411,2019-10-06 16:31:38,19,-1.0,-0.008218947580042768,-0.0,0.051259322177286314,False,39,1,0.0,0.0,0.0,1.0,0.07692307692307693,"Lone dissent, no signal anywhere"
147657,87236,53490,87535,2019-10-06 16:58:11,14,1.0,-0.02773679685962669,-0.0,-0.011620067003595677,False,127,3,0.0,0.0,1.0,11.0,0.03937007874015748,Other
147676,108659,39235,108170,2019-10-06 17:34:41,12,-2.0,-0.10096417116933543,-0.0,-0.020301875067220705,False,38,13,-0.07692307692307693,1.0,0.0,1.0,0.13157894736842105,"Right direction, too cautious to show"
147747,117600,49733,69404,2019-10-06 20:14:59,10,-2.0,-0.0028404186937971074,-0.0,-0.011760274101068715,False,16,5,0.0,0.0,0.0,0.0,0.125,"Right direction, too cautious to show"
147756,31963,54682,38885,2019-10-06 20:18:02,6,2.0,0.4780615430068834,0.0,-0.08832023254690649,True,112,1,2.0,1.0,1.0,2.0,0.05357142857142857,"Right direction, too cautious to show"
147757,31963,54686,38885,2019-10-06 20:18:15,12,1.0,-0.045677083154545016,-0.0,-0.07837221592275252,True,113,0,0.0,0.0,2.0,6.0,0.061946902654867256,"New route, no community evidence"
147764,117600,49735,97324,2019-10-06 21:15:07,12,2.0,-0.03318645594904322,-0.0,-0.0460307526526405,False,18,6,0.0,0.0,0.0,0.0,0.16666666666666666,Other
147808,94390,54361,89283,2019-10-06 22:39:47,14,1.0,-0.02345940974888852,-0.0,-0.014368189997239376,False,572,2,0.0,0.0,0.0,9.0,0.13111888111888112,Other
147855,94337,47432,89286,2019-10-07 05:38:11,22,-2.0,0.03636391906382236,0.0,0.10389638619709135,True,150,5,0.0,0.0,0.0,0.0,0.013333333333333334,"Lone dissent, no signal anywhere"
147882,64479,50994,62910,2019-10-07 11:11:35,6,1.0,0.46984710282871434,0.0,0.026384200874788776,False,157,2,1.0,2.0,10.0,11.0,0.14012738853503184,"Right direction, too cautious to show"
147896,128570,54555,116826,2019-10-07 13:05:35,10,1.0,0.2953054918323583,0.0,0.0026940132734338228,False,82,1,1.0,1.0,0.0,17.0,0.07317073170731707,"Right direction, too cautious to show"
147901,124681,54808,106708,2019-10-07 13:48:58,17,1.0,-0.08274833273939514,-0.0,0.0005284058636648335,False,20,0,0.0,0.0,3.0,8.0,0.0,"New route, no community evidence"
147913,100431,54808,106708,2019-10-07 15:01:55,17,1.0,0.16991983142179232,0.0,-0.02703140255589495,False,66,1,1.0,1.0,2.0,7.0,0.0,"Right direction, too cautious to show"
147926,124558,54808,106708,2019-10-07 16:58:39,17,1.0,0.35591655481768747,0.0,-0.018014232634893143,False,40,2,1.0,2.0,1.0,6.0,0.025,"Right direction, too cautious to show"
147959,73306,54693,37417,2019-10-07 18:30:09,8,-2.0,0.08716835331981593,0.0,0.05892886193834788,True,195,0,0.0,0.0,3.0,3.0,0.07179487179487179,"New route, no community evidence"
148101,77578,50799,85986,2019-10-07 21:26:50,18,1.0,0.04046822315617306,0.0,0.02886621263332212,False,211,4,0.0,0.0,0.0,3.0,0.052132701421800945,"Lone dissent, no signal anywhere"
148124,77578,45726,100394,2019-10-07 22:10:42,16,1.0,0.031816590635276476,0.0,0.03259286264320458,False,213,3,0.0,0.0,0.0,1.0,0.056338028169014086,"Lone dissent, no signal anywhere"
148199,94390,54882,89286,2019-10-08 01:30:22,10,-2.0,-0.012497790094456111,-0.0,-0.012826682951771097,False,575,0,0.0,0.0,0.0,17.0,0.12869565217391304,"New route, no community evidence"
148203,94390,54885,87827,2019-10-08 01:45:19,10,-2.0,0.03966078659602343,0.0,-0.016013822379510947,False,578,0,0.0,0.0,0.0,22.0,0.12975778546712802,"New route, no community evidence"
148240,88226,51762,83006,2019-10-08 10:09:59,20,1.0,0.0017025133667132458,0.0,0.02885155865226364,True,470,1,0.0,0.0,0.0,1.0,0.06170212765957447,"Lone dissent, no signal anywhere"
148251,101001,52565,103283,2019-10-08 11:03:53,15,2.0,0.47469061637948684,0.0,0.07832742941319837,True,86,2,1.0,1.0,0.0,3.0,0.23255813953488372,"Right direction, too cautious to show"
148319,17657,54069,59023,2019-10-08 14:59:03,17,-2.0,-0.5324053334217524,-1.0,-0.15394111843844296,True,150,7,-0.5714285714285714,3.0,5.0,14.0,0.16666666666666666,"Right direction, too few steps"
148332,121255,54517,99961,2019-10-08 15:55:22,17,1.0,-0.02096073730056412,-0.0,0.0011949597617635461,False,58,7,0.0,3.0,2.0,3.0,0.0,Other
148437,13625,54919,13625,2019-10-08 19:46:24,14,1.0,-0.10568933627560761,-0.0,-0.08314168735322242,True,176,0,0.0,0.0,0.0,4.0,0.09659090909090909,"New route, no community evidence"
148479,13625,54922,17880,2019-10-08 20:34:07,12,-1.0,-0.08569429431031918,-0.0,-0.07718833496033806,True,179,0,0.0,0.0,1.0,5.0,0.1340782122905028,"New route, no community evidence"
148498,13625,54920,103219,2019-10-08 21:02:10,21,-1.0,-0.13352314188079395,-0.0,-0.0810189804781482,True,181,0,0.0,0.0,1.0,2.0,0.13812154696132597,"New route, no community evidence"
148695,100431,54983,106704,2019-10-09 14:01:51,14,-1.0,-0.45000099082601847,-0.0,-0.021932153035602857,False,67,2,-1.0,2.0,0.0,5.0,0.04477611940298507,"Right direction, too cautious to show"
148779,922,54965,21,2019-10-09 17:26:00,6,1.0,0.14889488864720551,0.0,0.04331353143676672,False,93,0,0.0,0.0,3.0,6.0,0.10752688172043011,"New route, no community evidence"
148867,81768,47935,87035,2019-10-09 19:00:52,12,1.0,0.02974220023828439,0.0,0.03136539326779222,False,295,1,0.0,0.0,0.0,1.0,0.09830508474576272,"Lone dissent, no signal anywhere"
148868,81768,48001,87036,2019-10-09 19:00:58,12,1.0,0.03702181553732681,0.0,0.034253065253080014,False,296,2,0.0,0.0,0.0,3.0,0.10135135135135136,"Right direction, too cautious to show"
148869,81768,47611,659,2019-10-09 19:01:27,9,-1.0,0.04240994190056101,0.0,0.03710991773917253,True,297,0,0.0,0.0,0.0,1.0,0.06060606060606061,"New route, no community evidence"
148870,81768,47612,659,2019-10-09 19:01:31,11,1.0,0.010585367927142257,0.0,0.03402562573020643,False,298,2,0.0,0.0,0.0,5.0,0.1040268456375839,"Right direction, too cautious to show"
148934,35017,46601,71304,2019-10-09 20:52:05,15,2.0,0.11427395481403979,0.0,0.11680300450279975,True,176,7,0.0,0.0,0.0,1.0,0.17045454545454544,"Right direction, too cautious to show"
148942,106815,51470,103139,2019-10-09 20:56:25,22,-1.0,-0.07819296943924782,-0.0,-0.02384136050951142,False,124,0,0.0,0.0,0.0,2.0,0.03225806451612903,"New route, no community evidence"
148984,80526,53258,100053,2019-10-09 21:56:19,12,-2.0,-0.5100636240182285,-1.0,-0.004130536507866148,False,126,1,-2.0,1.0,0.0,2.0,0.007936507936507936,"Right direction, too few steps"
149062,111110,54012,102621,2019-10-10 00:00:00,12,2.0,0.7360082337222559,1.0,0.6223740091786136,True,92,1,0.0,0.0,1.0,2.0,0.6630434782608695,"Early dissent, confirmed later"
149090,43104,50850,89283,2019-10-10 04:21:43,12,1.0,0.23446557785448194,0.0,0.05771842988293133,True,259,9,0.2222222222222222,1.0,0.0,1.0,0.05791505791505792,"Right direction, too cautious to show"
149143,84514,37150,659,2019-10-10 10:59:13,11,1.0,-0.08550877846678197,-0.0,0.08592866946831493,True,185,8,-0.25,0.0,0.0,5.0,0.15135135135135136,Evidence pointed the other way
149309,68451,55338,62911,2019-10-10 19:21:54,13,1.0,0.12173789681470099,0.0,0.048096053737260856,False,106,0,0.0,0.0,2.0,11.0,0.2358490566037736,"New route, no community evidence"
149422,108647,55056,108170,2019-10-10 21:59:42,12,-2.0,-0.0129176468546471,-0.0,0.035152271298527125,False,49,1,0.0,0.0,5.0,8.0,0.08163265306122448,"Early dissent, confirmed later"
149431,111110,54914,102621,2019-10-10 22:18:30,8,2.0,0.8056858579183369,1.0,0.6318777065620776,True,93,0,0.0,0.0,0.0,0.0,0.6666666666666666,"New route, no community evidence"
149462,93146,54826,43301,2019-10-10 22:38:52,18,-2.0,-0.1596646941740798,-0.0,0.01056615767954016,False,279,4,-0.25,1.0,2.0,23.0,0.02867383512544803,"Right direction, too cautious to show"
149463,93146,54939,41691,2019-10-10 22:39:30,10,-2.0,0.022810377262308307,0.0,0.004385247931564074,False,280,4,0.0,0.0,0.0,17.0,0.03214285714285714,"Lone dissent, no signal anywhere"
149496,66580,10350,57680,2019-10-11 00:00:00,6,-2.0,-0.3365225840741131,-0.0,-0.032749970634047575,False,14,4,-0.5,1.0,0.0,1.0,0.07142857142857142,"Right direction, too cautious to show"
149503,98611,51393,37417,2019-10-11 00:00:00,6,-1.0,0.09828007349992152,0.0,0.0831682431541289,True,42,1,0.0,0.0,1.0,2.0,0.09523809523809523,"Early dissent, confirmed later"
149506,98651,51393,37417,2019-10-11 00:00:00,6,-2.0,0.107925842876222,0.0,0.0928140125304294,True,41,1,0.0,0.0,1.0,2.0,0.0975609756097561,"Early dissent, confirmed later"
149565,39819,55189,102915,2019-10-11 06:37:20,15,-2.0,-0.03662328528035126,-0.0,-0.044086932633746745,False,19,0,0.0,0.0,0.0,3.0,0.21052631578947367,"New route, no community evidence"
149574,77384,54922,17880,2019-10-11 07:51:21,12,-1.0,-0.21315260805162953,-0.0,-0.04074519385232578,False,110,3,-0.3333333333333333,1.0,0.0,2.0,0.06363636363636363,"Right direction, too cautious to show"
149575,77384,54925,13625,2019-10-11 07:51:47,16,-2.0,-0.058713874342412625,-0.0,-0.04595610365445891,False,111,4,0.0,0.0,0.0,1.0,0.07207207207207207,"Lone dissent, no signal anywhere"
149600,90344,54466,86035,2019-10-11 09:17:44,13,-1.0,-0.10590129166893218,-0.0,-0.12614727388613536,True,139,2,0.0,0.0,0.0,10.0,0.1510791366906475,"Right direction, too cautious to show"
149604,90344,47153,85986,2019-10-11 09:33:35,16,1.0,-0.12206050776835667,-0.0,-0.13111448879094045,True,140,6,0.0,0.0,0.0,3.0,0.07142857142857142,"Lone dissent, no signal anywhere"
149631,101001,46900,108807,2019-10-11 12:56:48,11,2.0,0.09954716277032641,0.0,0.08764347805630372,True,88,7,0.0,0.0,0.0,3.0,0.23863636363636365,"Right direction, too cautious to show"
149798,19828,54968,11941,2019-10-11 19:04:58,17,1.0,-0.018465379229295593,-0.0,0.007450617054759595,False,158,0,0.0,0.0,0.0,8.0,0.0379746835443038,"New route, no community evidence"
149839,84773,54928,106546,2019-10-11 20:39:32,8,-3.0,0.04515967534677619,0.0,-0.02188164297025888,False,27,3,0.0,0.0,0.0,4.0,0.14814814814814814,Other
149934,17745,55597,82215,2019-10-12 00:00:00,16,-1.0,0.005239289810156138,0.0,0.02336249015722115,False,118,0,0.0,0.0,1.0,4.0,0.13559322033898305,"New route, no community evidence"
150062,15188,55138,105446,2019-10-12 15:15:43,17,-1.0,-0.3696813441724093,-0.0,0.007218784503569499,False,31,0,0.0,0.0,3.0,5.0,0.1935483870967742,"New route, no community evidence"
150066,15188,49781,105446,2019-10-12 15:16:47,11,-2.0,-1.4308994676061815,-1.0,-0.000610822429367639,False,35,10,-1.8,9.0,0.0,1.0,0.2,"Right direction, too few steps"
150162,68332,55212,39994,2019-10-12 23:35:07,16,-1.0,0.0614784935489058,0.0,0.07721995665190483,True,64,1,0.0,0.0,0.0,11.0,0.0,"Lone dissent, no signal anywhere"
150265,93146,53652,38040,2019-10-13 08:48:28,17,-1.0,-0.019596131272918385,-0.0,-0.000327632069665185,False,283,10,0.0,0.0,0.0,3.0,0.0353356890459364,"Lone dissent, no signal anywhere"
150267,93146,50901,43301,2019-10-13 08:49:28,19,1.0,-0.01633868252481828,-0.0,-0.003353570104218834,False,284,5,0.0,0.0,0.0,4.0,0.04929577464788732,"Lone dissent, no signal anywhere"
150268,93146,50771,38028,2019-10-13 08:49:52,12,-1.0,0.003319306234858984,0.0,-0.0002263743165942863,False,285,13,0.0,0.0,0.0,7.0,0.03859649122807018,"Lone dissent, no signal anywhere"
150274,91314,53641,116806,2019-10-13 09:21:56,16,-1.0,-0.00032057781674261,-0.0,0.012077828844918523,False,33,2,0.0,0.0,0.0,11.0,0.09090909090909091,"Lone dissent, no signal anywhere"
150280,88226,55485,83009,2019-10-13 10:17:18,15,-1.0,0.00404199158851791,0.0,0.030095593455227727,True,475,0,0.0,0.0,3.0,5.0,0.02736842105263158,"New route, no community evidence"
150290,128333,53984,73528,2019-10-13 11:08:46,14,1.0,0.18531366513613629,0.0,0.01318415414652867,False,51,19,0.21052631578947367,4.0,0.0,10.0,0.0196078431372549,"Right direction, too cautious to show"
150300,31963,55368,38885,2019-10-13 11:47:11,15,-1.0,-0.05510956012992049,-0.0,-0.07314980483712838,True,116,0,0.0,0.0,0.0,2.0,0.14655172413793102,"New route, no community evidence"
150322,12693,55485,83009,2019-10-13 12:49:12,15,-1.0,-0.2844738289450735,-0.0,-0.00601246931730624,False,256,1,-1.0,1.0,2.0,4.0,0.01953125,"Right direction, too cautious to show"
150586,61030,49849,38878,2019-10-13 22:53:42,8,-2.0,-1.135494890157521,-1.0,0.008675964163302808,False,26,4,-2.0,4.0,0.0,1.0,0.038461538461538464,"Right direction, too few steps"
150614,89772,52192,66603,2019-10-14 00:00:00,13,1.0,0.15948844911052074,0.0,0.009312573161357415,False,67,4,0.25,1.0,0.0,1.0,0.029850746268656716,"Right direction, too cautious to show"
150686,112083,50665,97324,2019-10-14 12:38:39,14,1.0,0.1625979247503204,0.0,0.15188533536719462,True,17,4,0.0,0.0,0.0,0.0,0.35294117647058826,"Right direction, too cautious to show"
150687,112083,50664,97324,2019-10-14 12:38:56,13,2.0,0.18447583406706164,0.0,0.1663233026909051,True,18,3,0.0,0.0,1.0,3.0,0.3888888888888889,"Early dissent, confirmed later"
150690,112083,55348,97324,2019-10-14 13:14:27,15,2.0,0.20412234884770025,0.0,0.19717322416394545,True,19,0,0.0,0.0,0.0,1.0,0.42105263157894735,"New route, no community evidence"
150693,90070,51340,81643,2019-10-14 13:38:16,13,1.0,0.47383625094347076,0.0,0.019606381501654842,False,63,6,0.6666666666666666,5.0,0.0,4.0,0.047619047619047616,"Right direction, too cautious to show"
150714,15209,55596,50737,2019-10-14 16:26:59,12,1.0,0.06219623066767912,0.0,0.008780819409982592,False,116,1,0.0,0.0,0.0,5.0,0.16379310344827586,"Right direction, too cautious to show"
150755,137929,55196,130268,2019-10-14 18:56:45,16,-1.0,-0.06021637806623982,-0.0,-0.03001506039188775,False,32,2,0.0,0.0,0.0,9.0,0.125,"Right direction, too cautious to show"
150759,10948,55631,2588,2019-10-14 19:08:04,17,1.0,0.039264142995269216,0.0,0.03494393062011963,False,147,0,0.0,0.0,1.0,11.0,0.08163265306122448,"New route, no community evidence"
150769,73306,50408,37417,2019-10-14 19:34:12,6,-1.0,-0.34404105118615635,-0.0,0.05097359372990343,True,199,10,-0.5,5.0,0.0,5.0,0.07537688442211055,"Right direction, too cautious to show"
150789,82211,55597,82215,2019-10-14 19:59:49,16,-2.0,-0.28443088602244154,-0.0,-0.06444528309593998,True,137,2,-0.5,1.0,0.0,2.0,0.13138686131386862,"Right direction, too cautious to show"
150839,138386,45330,76978,2019-10-14 20:49:21,6,-2.0,0.00732406040124918,0.0,-0.03720606504330165,False,17,7,0.0,1.0,1.0,2.0,0.058823529411764705,Other
150905,53494,45820,48831,2019-10-14 22:35:42,17,-2.0,-0.27993136665353646,-0.0,0.008851735606079261,False,295,12,-0.3333333333333333,2.0,0.0,1.0,0.030508474576271188,"Right direction, too cautious to show"
150941,10961,45200,81641,2019-10-15 00:00:00,16,-2.0,0.252880396725758,0.0,0.11008524435998072,True,93,10,0.2,0.0,0.0,1.0,0.07526881720430108,"Lone dissent, no signal anywhere"
151049,71943,45367,92074,2019-10-15 05:31:22,10,2.0,0.8116449873645675,1.0,0.5759032401512947,True,279,8,0.25,1.0,0.0,4.0,0.4946236559139785,"Right direction, too few steps"
151123,100256,54958,69446,2019-10-15 06:31:10,15,-1.0,-0.25235331561096713,-0.0,-0.00018031319095006853,False,160,2,-0.5,1.0,1.0,2.0,0.01875,"Right direction, too cautious to show"
151329,75821,53057,39996,2019-10-15 20:06:36,19,-1.0,-0.03740580570552085,-0.0,-0.002806384986932419,False,436,0,0.0,0.0,1.0,1.0,0.006880733944954129,"New route, no community evidence"
151337,61433,54685,59023,2019-10-15 20:26:40,18,-1.0,-0.32003952880769887,-0.0,-0.28156255377846423,True,193,7,0.0,0.0,0.0,4.0,0.2538860103626943,"Right direction, too cautious to show"
151341,45128,55804,35109,2019-10-15 20:29:39,14,1.0,-0.0337983921303662,-0.0,0.005724341021458299,False,170,0,0.0,0.0,2.0,8.0,0.01764705882352941,"New route, no community evidence"
151350,82211,54328,82212,2019-10-15 20:45:53,18,-1.0,-0.11034857326339759,-0.0,-0.07415930944642578,True,139,0,0.0,0.0,0.0,0.0,0.1366906474820144,"New route, no community evidence"
151413,86839,54658,87535,2019-10-15 23:07:18,19,1.0,-0.23268377046735414,-0.0,0.022606223647895614,False,226,1,-1.0,0.0,0.0,1.0,0.017699115044247787,"Lone dissent, no signal anywhere"
151545,23273,55291,39996,2019-10-16 06:19:35,15,-1.0,-0.015564035333859756,-0.0,0.007198742419175279,False,184,1,0.0,0.0,5.0,8.0,0.0,"Early dissent, confirmed later"
151558,65087,55338,62911,2019-10-16 07:26:08,13,1.0,0.3039508589564561,0.0,0.007985674931576491,False,37,1,1.0,1.0,1.0,10.0,0.08108108108108109,"Right direction, too cautious to show"
151676,113520,55715,87827,2019-10-16 16:06:21,13,-1.0,0.011603119489961511,0.0,-0.005541210083838509,False,166,0,0.0,0.0,1.0,28.0,0.024096385542168676,"New route, no community evidence"
151679,113520,55712,89289,2019-10-16 16:06:59,15,-1.0,-0.012252705015420742,-0.0,-0.011081643191149534,False,169,0,0.0,0.0,0.0,23.0,0.029585798816568046,"New route, no community evidence"
151681,113520,55879,89286,2019-10-16 16:08:13,10,-2.0,-0.016165778057926787,-0.0,-0.016045391290425266,False,171,0,0.0,0.0,1.0,19.0,0.03508771929824561,"New route, no community evidence"
151846,111719,54012,102621,2019-10-16 22:03:00,12,2.0,0.6506180419518371,1.0,0.2864211561732862,True,81,2,1.0,1.0,0.0,1.0,0.41975308641975306,"Right direction, too few steps"
151854,102331,54616,65681,2019-10-16 22:22:32,17,-2.0,-0.06395827221925857,-0.0,-0.045983398022404524,True,183,0,0.0,0.0,1.0,3.0,0.04918032786885246,"New route, no community evidence"
151858,66754,55185,79297,2019-10-16 22:43:26,12,-2.0,-0.03919060115961623,-0.0,0.015055380670652919,False,80,3,0.0,0.0,0.0,4.0,0.1625,"Right direction, too cautious to show"
151862,86210,40724,82621,2019-10-16 22:52:18,6,1.0,0.04059100231378329,0.0,0.011459395181685131,False,27,13,0.0,6.0,1.0,2.0,0.1111111111111111,"Right direction, too cautious to show"
151893,89319,49369,87535,2019-10-16 23:03:56,14,-1.0,-0.0710198563642567,-0.0,-0.048051278407581645,False,101,6,0.0,0.0,0.0,4.0,0.13861386138613863,"Right direction, too cautious to show"
151915,30801,50792,45741,2019-10-17 00:00:00,15,-2.0,-1.279286878773104,-1.0,0.0011790102747568402,False,30,8,-1.75,8.0,0.0,2.0,0.06666666666666667,"Right direction, too few steps"
151918,99229,56007,37417,2019-10-17 00:00:00,13,2.0,0.14013661634483926,0.0,0.16574964571864537,True,84,0,0.0,0.0,6.0,9.0,0.20238095238095238,"New route, no community evidence"
151924,100600,44601,31807,2019-10-17 00:00:00,13,-1.0,0.07740386407598449,0.0,0.051325901445075435,False,24,6,0.0,0.0,0.0,1.0,0.08333333333333333,"Lone dissent, no signal anywhere"
151936,65198,56007,37417,2019-10-17 00:00:00,13,2.0,0.007325434823890703,0.0,0.03293846419769682,False,112,0,0.0,0.0,6.0,9.0,0.08035714285714286,"New route, no community evidence"
151951,85918,55113,96985,2019-10-17 00:00:00,10,1.0,0.028834700152620872,0.0,-0.025010107974703634,False,61,0,0.0,0.0,0.0,10.0,0.06557377049180328,"New route, no community evidence"
151957,85918,55098,85027,2019-10-17 00:00:00,10,1.0,-0.34067593363539284,-0.0,-0.025010107974703634,False,61,3,-0.6666666666666666,0.0,0.0,4.0,0.06557377049180328,"Lone dissent, no signal anywhere"
152001,72877,56274,97324,2019-10-17 01:00:00,14,-2.0,-0.01890893153447834,-0.0,-0.04408577037548936,False,126,0,0.0,0.0,3.0,9.0,0.03968253968253968,"New route, no community evidence"
152002,72877,56272,97324,2019-10-17 01:00:00,15,-3.0,-0.029190938965894406,-0.0,-0.04408577037548936,False,126,0,0.0,0.0,1.0,3.0,0.03968253968253968,"New route, no community evidence"
152062,137728,55029,129143,2019-10-17 09:00:00,15,1.0,0.0012973225469485976,0.0,0.0227454945875913,False,37,7,0.0,0.0,1.0,4.0,0.08108108108108109,"Early dissent, confirmed later"
152070,137728,56099,129969,2019-10-17 09:00:00,14,-1.0,-0.013727376977345702,-0.0,0.0227454945875913,False,37,0,0.0,0.0,2.0,19.0,0.10810810810810811,"New route, no community evidence"
152107,108463,55563,76970,2019-10-17 11:54:53,6,-2.0,-0.050566695755439345,-0.0,-0.11223991853641409,True,81,1,0.0,0.0,1.0,6.0,0.20987654320987653,"Right direction, too cautious to show"
152142,46799,51174,43301,2019-10-17 14:17:19,17,1.0,-0.004580348846461628,-0.0,0.01521578210725892,False,310,10,0.0,0.0,0.0,1.0,0.035483870967741936,"Lone dissent, no signal anywhere"
152149,92963,55485,83009,2019-10-17 15:33:36,15,-1.0,-0.4476453864072062,-0.0,-0.025796242505615376,False,224,2,-1.0,2.0,1.0,3.0,0.049107142857142856,"Right direction, too cautious to show"
152166,123860,55056,108170,2019-10-17 17:05:24,12,-2.0,-0.43531748198791786,-0.0,0.02706018936144636,False,23,4,-0.75,2.0,3.0,5.0,0.043478260869565216,"Right direction, too cautious to show"
152226,31963,56064,105160,2019-10-17 19:44:28,14,-1.0,-0.05575928037605456,-0.0,-0.07641222817968107,True,117,0,0.0,0.0,0.0,3.0,0.15384615384615385,"New route, no community evidence"
152350,53219,56007,37417,2019-10-17 23:21:44,13,2.0,0.8105971377654309,1.0,0.064764369011591,True,172,2,2.0,2.0,4.0,7.0,0.0755813953488372,"Right direction, too few steps"
152371,67359,53020,39995,2019-10-18 00:00:00,10,1.0,0.009786205005703534,0.0,-0.010659866572283997,False,165,4,0.0,0.0,0.0,1.0,0.0,"Lone dissent, no signal anywhere"
152461,1063,55261,39995,2019-10-18 05:54:39,10,2.0,0.07629269887916751,0.0,0.0495186224125225,False,107,2,0.0,0.0,1.0,11.0,0.08411214953271028,"Right direction, too cautious to show"
152478,113520,55018,89288,2019-10-18 06:00:00,8,2.0,-0.0029296134116851696,-0.0,-0.021364119818172204,False,173,6,0.0,0.0,0.0,7.0,0.03468208092485549,"Lone dissent, no signal anywhere"
152492,904,55800,70815,2019-10-18 08:30:58,10,-2.0,0.048097929494429155,0.0,-0.03450888671462411,False,298,0,0.0,0.0,6.0,10.0,0.06375838926174497,"New route, no community evidence"
152646,103728,56245,123411,2019-10-18 17:50:49,19,1.0,-0.01418234138682102,-0.0,0.04145255184775084,True,472,1,0.0,0.0,0.0,0.0,0.0826271186440678,"Lone dissent, no signal anywhere"
152650,35017,56283,66603,2019-10-18 18:06:44,17,-2.0,0.1200096123028513,0.0,0.12393314287526984,True,181,3,0.0,0.0,1.0,5.0,0.03314917127071823,Evidence pointed the other way
152698,88226,56336,83009,2019-10-18 20:38:56,16,-1.0,-0.012611591941195828,-0.0,0.028428127719466678,True,488,0,0.0,0.0,1.0,5.0,0.028688524590163935,"New route, no community evidence"
152699,88226,55289,86130,2019-10-18 20:39:01,15,1.0,0.015025641233592534,0.0,0.02656172961222161,False,489,0,0.0,0.0,1.0,5.0,0.06134969325153374,"New route, no community evidence"
152700,88226,56337,80418,2019-10-18 20:39:11,20,-2.0,-0.033884467514498376,-0.0,0.02842045152445272,True,490,0,0.0,0.0,1.0,2.0,0.030612244897959183,"New route, no community evidence"
152721,12693,55289,86130,2019-10-18 21:34:20,15,1.0,0.2275991351463483,0.0,-0.011114367883032638,False,265,1,1.0,1.0,0.0,4.0,0.01509433962264151,"Right direction, too cautious to show"
152723,12693,56336,83009,2019-10-18 21:34:24,16,-1.0,-0.2969790070653583,-0.0,-0.007771888435392953,False,266,1,-1.0,1.0,0.0,4.0,0.02631578947368421,"Right direction, too cautious to show"
152780,76962,34464,59023,2019-10-19 00:00:00,14,-1.0,-0.22579374147746667,-0.0,-0.005006673574459477,False,23,32,-0.25,6.0,0.0,3.0,0.043478260869565216,"Right direction, too cautious to show"
152791,101418,54816,87145,2019-10-19 00:00:00,10,-2.0,0.06985513487954978,0.0,-0.12649123709586768,True,116,4,0.5,0.0,0.0,7.0,0.09482758620689655,"Lone dissent, no signal anywhere"
152796,101418,39331,21929,2019-10-19 00:00:00,14,1.0,-0.0855588766318961,-0.0,-0.12649123709586768,True,116,4,0.25,1.0,0.0,1.0,0.017241379310344827,Evidence pointed the other way
152813,44410,38066,37417,2019-10-19 00:00:00,13,1.0,0.11723027784465523,0.0,0.07175039056718387,True,129,29,0.06896551724137931,2.0,0.0,0.0,0.10852713178294573,"Right direction, too cautious to show"
152815,31724,55445,37417,2019-10-19 00:00:00,13,1.0,-0.015896070442245416,-0.0,0.018665690976340892,False,91,2,0.0,0.0,2.0,10.0,0.07692307692307693,Other
152860,86449,55983,85027,2019-10-19 06:04:09,13,-1.0,-0.08607455145835885,-0.0,-0.07633810877402031,True,125,1,0.0,0.0,1.0,3.0,0.136,"Early dissent, confirmed later"
152912,123392,56075,99961,2019-10-19 11:52:36,13,-1.0,-0.007149051915775211,-0.0,-0.005295396618579668,False,78,1,0.0,0.0,2.0,14.0,0.01282051282051282,"Right direction, too cautious to show"
152936,36485,55465,659,2019-10-19 13:21:47,20,-2.0,-0.10228477677191686,-0.0,0.008054406031818662,False,74,0,0.0,0.0,0.0,0.0,0.12162162162162163,"New route, no community evidence"
152938,102134,54832,62911,2019-10-19 13:31:03,16,1.0,-0.004736539022544801,-0.0,-0.055793676594296474,True,256,0,0.0,0.0,1.0,4.0,0.1015625,"New route, no community evidence"
152939,77384,54920,103219,2019-10-19 13:31:16,21,-1.0,-0.28246033413787686,-0.0,-0.05775581278752408,True,120,2,-0.5,1.0,0.0,0.0,0.075,"Right direction, too cautious to show"
153011,81768,51003,87036,2019-10-19 18:04:26,8,1.0,0.31027653983946846,0.0,0.03616851833296312,True,304,5,0.4,2.0,0.0,1.0,0.10526315789473684,"Right direction, too cautious to show"
153064,31724,46830,37417,2019-10-19 23:06:55,13,2.0,-0.021999938799539754,-0.0,0.02672562176251122,False,95,12,0.0,0.0,0.0,5.0,0.08421052631578947,"Lone dissent, no signal anywhere"
153164,17745,54333,50737,2019-10-20 00:00:00,18,1.0,0.012575747169184519,0.0,0.019639863596774065,False,120,1,0.0,0.0,0.0,1.0,0.175,"Right direction, too cautious to show"
153306,109506,54463,65681,2019-10-20 13:40:56,16,2.0,0.49811814220022554,0.0,0.01035427835660978,False,22,1,2.0,1.0,1.0,3.0,0.0,"Right direction, too cautious to show"
153412,110938,51495,81643,2019-10-20 17:26:35,10,2.0,1.2694940058500586,1.0,0.0009970813548778059,False,24,5,2.0,5.0,0.0,2.0,0.0,"Right direction, too few steps"
153436,118248,56047,8060,2019-10-20 19:34:38,10,2.0,0.0495953124967293,0.0,0.047107792281912114,False,29,0,0.0,0.0,0.0,3.0,0.06896551724137931,"New route, no community evidence"
153437,118248,28719,8092,2019-10-20 19:35:29,8,2.0,0.11076524855225847,0.0,0.07497071638910169,False,30,8,0.0,0.0,0.0,1.0,0.1,"Right direction, too cautious to show"
153442,89294,44000,31269,2019-10-20 20:03:08,11,1.0,0.24015981522985355,0.0,0.19555069083793206,True,78,4,0.0,0.0,0.0,0.0,0.3076923076923077,"Right direction, too cautious to show"
153525,88177,55485,83009,2019-10-21 00:00:00,15,-1.0,-0.445350731213133,-0.0,-0.001463613511335098,False,128,4,-0.75,3.0,0.0,1.0,0.0390625,"Right direction, too cautious to show"
153529,50231,56449,37759,2019-10-21 00:00:00,12,-2.0,-0.09516025801751475,-0.0,-0.17183467879637296,True,111,0,0.0,0.0,0.0,1.0,0.0990990990990991,"New route, no community evidence"
153572,58191,56076,99961,2019-10-21 01:00:00,14,-1.0,-0.018795431816945853,-0.0,0.006251536845036921,False,20,0,0.0,0.0,0.0,9.0,0.0,"New route, no community evidence"
153683,103728,56286,91567,2019-10-21 15:18:46,6,1.0,0.4213031001768184,0.0,0.04315248717802829,True,473,3,0.6666666666666666,2.0,0.0,1.0,0.08456659619450317,"Right direction, too cautious to show"
153690,29756,56162,62913,2019-10-21 15:46:17,6,1.0,0.28560266279211943,0.0,-0.02348230312913909,False,30,1,1.0,1.0,7.0,8.0,0.26666666666666666,"Right direction, too cautious to show"
153695,38072,54454,38028,2019-10-21 16:39:11,16,-1.0,0.04428028162162899,0.0,0.06449943454917505,True,239,12,0.0,0.0,0.0,8.0,0.016736401673640166,"Lone dissent, no signal anywhere"
153708,88226,54575,85986,2019-10-21 17:12:00,15,1.0,0.049305462045704455,0.0,0.025669282848692326,False,496,3,0.0,0.0,0.0,4.0,0.0625,"Lone dissent, no signal anywhere"
153728,15209,55952,81680,2019-10-21 18:02:55,18,-1.0,-0.02520506158215014,-0.0,0.015196625331366311,False,117,1,0.0,0.0,0.0,3.0,0.1111111111111111,"Right direction, too cautious to show"
153740,101458,55858,31979,2019-10-21 18:31:27,14,-1.0,0.040593754370872155,0.0,0.0016787543900808758,False,114,0,0.0,0.0,0.0,3.0,0.017543859649122806,"New route, no community evidence"
153762,110938,49575,81643,2019-10-21 19:25:23,12,-2.0,-0.9745796631800235,-1.0,0.010824504150626413,False,26,3,-2.0,3.0,1.0,6.0,0.0,"Right direction, too few steps"
153874,127387,51748,116188,2019-10-21 23:00:00,12,1.0,0.03478183831349605,0.0,0.03598037091628343,False,35,12,0.0,0.0,0.0,5.0,0.22857142857142856,"Right direction, too cautious to show"
153937,97938,55089,96985,2019-10-22 00:00:00,10,1.0,0.22709777329378333,0.0,-0.021718324543170384,False,67,2,0.5,1.0,4.0,6.0,0.05970149253731343,"Right direction, too cautious to show"
154101,110177,56224,42946,2019-10-22 11:57:36,8,-1.0,0.04835436007325864,0.0,0.002098022543036618,False,20,4,0.0,0.0,0.0,5.0,0.05,"Lone dissent, no signal anywhere"
154121,88226,53653,81641,2019-10-22 16:45:14,20,1.0,-0.0424729212353923,-0.0,0.027577677438966816,True,502,0,0.0,0.0,0.0,1.0,0.06374501992031872,"New route, no community evidence"
154337,86789,55098,85027,2019-10-23 00:00:00,10,-2.0,-0.05695377440348174,-0.0,0.030877410395652758,False,18,6,-0.16666666666666666,1.0,0.0,1.0,0.0,"Right direction, too cautious to show"
154383,102331,56306,65681,2019-10-23 00:00:00,16,1.0,-0.06586488314745242,-0.0,-0.04894748491375676,True,187,0,0.0,0.0,0.0,3.0,0.016042780748663103,"New route, no community evidence"
154386,101956,56466,86757,2019-10-23 00:00:00,20,2.0,-0.03481218036709329,-0.0,-0.007689945569661563,False,145,0,0.0,0.0,0.0,0.0,0.06896551724137931,"New route, no community evidence"
154411,68641,47194,87541,2019-10-23 01:00:00,12,2.0,0.02155024031515908,0.0,0.023276064842455528,False,66,1,0.0,0.0,0.0,0.0,0.07575757575757576,"Lone dissent, no signal anywhere"
154442,68641,45058,87535,2019-10-23 01:00:00,14,-2.0,0.013725596087028542,0.0,0.023276064842455528,False,66,5,0.0,0.0,0.0,2.0,0.13636363636363635,Other
154449,135163,56215,139551,2019-10-23 01:00:00,14,-2.0,-0.5914483833077854,-1.0,0.006502023499950012,False,16,1,-2.0,1.0,8.0,8.0,0.0,"Right direction, too few steps"
154474,94390,55710,89289,2019-10-23 06:00:00,8,-2.0,0.013996336099118586,0.0,-0.020161602380598033,False,588,3,0.0,0.0,0.0,8.0,0.1292517006802721,Other
154542,94912,55897,130268,2019-10-23 09:00:00,18,1.0,0.155408996658587,0.0,0.016098103812199623,False,431,3,0.3333333333333333,1.0,0.0,3.0,0.027842227378190254,"Right direction, too cautious to show"
154558,126154,54517,99961,2019-10-23 09:59:15,17,1.0,0.14455536198049795,0.0,-0.0002351096233829438,False,64,9,0.2222222222222222,5.0,0.0,1.0,0.0,"Right direction, too cautious to show"
154615,87533,40713,82622,2019-10-23 17:32:44,9,2.0,0.973331826763281,1.0,0.014235154768033284,False,82,12,1.1666666666666667,10.0,1.0,3.0,0.10975609756097561,"Right direction, too few steps"
154617,81768,32242,108344,2019-10-23 17:51:15,6,2.0,0.04043544703522744,0.0,0.03799156005389892,True,307,5,0.0,0.0,0.0,1.0,0.10749185667752444,"Right direction, too cautious to show"
154681,66754,55189,102915,2019-10-23 20:24:32,15,2.0,-0.4937483964774149,-0.0,0.0024810550673863914,False,83,1,-2.0,0.0,0.0,2.0,0.14457831325301204,Evidence pointed the other way
154707,83423,55279,39996,2019-10-23 21:08:41,15,-1.0,-0.35194196769438457,-0.0,-0.05020043192072638,False,64,4,-0.5,2.0,2.0,8.0,0.0625,"Right direction, too cautious to show"
154757,124445,56465,116806,2019-10-23 23:00:00,12,3.0,1.1934743279636197,1.0,0.0006052900348980343,False,63,3,2.3333333333333335,3.0,5.0,6.0,0.015873015873015872,"Right direction, too few steps"
154803,29802,57082,103283,2019-10-24 00:00:00,18,-1.0,-0.12555222929994603,-0.0,-0.11101502825116065,True,34,0,0.0,0.0,2.0,4.0,0.38235294117647056,"New route, no community evidence"
154867,96268,56274,97324,2019-10-24 01:00:00,14,-2.0,-0.48956209103969306,-0.0,0.003700880635533174,False,93,1,-2.0,1.0,2.0,8.0,0.010752688172043012,"Right direction, too cautious to show"
154879,96100,56275,97324,2019-10-24 01:00:00,15,2.0,-0.021976240772623116,-0.0,-0.007010771906151316,False,67,1,0.0,0.0,0.0,4.0,0.0,"Lone dissent, no signal anywhere"
154880,96100,49837,97324,2019-10-24 01:00:00,10,1.0,0.016871474761957092,0.0,-0.007010771906151316,False,67,2,0.0,0.0,0.0,7.0,0.0,"Lone dissent, no signal anywhere"
154916,103728,56756,91567,2019-10-24 05:05:35,6,1.0,0.1871121915491262,0.0,0.04357561295620191,True,482,0,0.0,0.0,2.0,2.0,0.08506224066390042,"New route, no community evidence"
154928,115272,56032,109105,2019-10-24 06:00:00,17,-1.0,-0.052936179463104624,-0.0,-0.019063059484587225,False,46,0,0.0,0.0,0.0,1.0,0.043478260869565216,"New route, no community evidence"
154969,94276,52851,89288,2019-10-24 09:11:31,8,2.0,0.0231514681719964,0.0,0.00552218825120568,False,203,8,0.0,0.0,0.0,7.0,0.019704433497536946,"Lone dissent, no signal anywhere"
154982,101881,57092,89289,2019-10-24 09:45:54,20,-1.0,-0.1763528839238203,-0.0,-0.12048883273843054,True,108,0,0.0,0.0,0.0,6.0,0.17592592592592593,"New route, no community evidence"
154984,101881,56953,89286,2019-10-24 09:47:50,15,-1.0,-0.17624902213731755,-0.0,-0.12357293812360352,True,111,0,0.0,0.0,0.0,15.0,0.18018018018018017,"New route, no community evidence"
155157,111110,56431,102621,2019-10-24 21:25:09,8,2.0,0.8133977013775091,1.0,0.6391354763149205,True,95,0,0.0,0.0,0.0,1.0,0.6736842105263158,"New route, no community evidence"
155159,111110,56428,102621,2019-10-24 21:27:03,13,2.0,0.7712898210479395,1.0,0.6478404668297187,True,96,0,0.0,0.0,1.0,3.0,0.6770833333333334,"New route, no community evidence"
155163,111110,56426,102621,2019-10-24 21:28:07,6,2.0,0.8556671597799522,1.0,0.6583045764987986,True,98,0,0.0,0.0,0.0,1.0,0.6836734693877551,"New route, no community evidence"
155165,111719,56427,102621,2019-10-24 21:30:08,12,2.0,0.48089081741562073,0.0,0.28891664640662407,True,84,1,1.0,1.0,0.0,1.0,0.4166666666666667,"Right direction, too cautious to show"
155166,111719,56428,102621,2019-10-24 21:30:48,13,2.0,0.7373197465214112,1.0,0.301522581198302,True,85,1,2.0,1.0,0.0,2.0,0.4235294117647059,"Right direction, too few steps"
155209,73514,56047,8060,2019-10-25 00:00:00,10,-2.0,0.48963291446695256,0.0,0.004279739971202829,False,32,1,2.0,0.0,1.0,2.0,0.0625,"Early dissent, confirmed later"
155261,118032,56231,17283,2019-10-25 04:45:29,18,-2.0,-0.042772800653742955,-0.0,-0.0012434827376405877,False,26,0,0.0,0.0,0.0,3.0,0.038461538461538464,"New route, no community evidence"
155262,118032,56496,42946,2019-10-25 04:46:09,6,2.0,0.5547554502504037,1.0,-0.030456682657969397,False,27,1,2.0,1.0,9.0,9.0,0.1111111111111111,"Right direction, too few steps"
155279,94390,55715,87827,2019-10-25 06:00:00,13,1.0,-0.10316668558719849,-0.0,-0.022191730508883973,False,598,10,-0.1,0.0,0.0,18.0,0.12709030100334448,Evidence pointed the other way
155281,94390,55020,9453,2019-10-25 06:00:00,10,2.0,-0.019718791509813132,-0.0,-0.022191730508883973,False,598,8,0.0,0.0,0.0,10.0,0.12709030100334448,Other
155282,94390,55879,89286,2019-10-25 06:00:00,10,-2.0,-0.30971600816118905,-0.0,-0.022191730508883973,False,598,4,-0.5,1.0,0.0,15.0,0.12876254180602006,"Right direction, too cautious to show"
155313,132062,56465,116806,2019-10-25 12:14:27,12,3.0,1.4432505754187595,1.0,-0.00740909661441604,False,19,4,2.5,4.0,4.0,5.0,0.0,"Right direction, too few steps"
155451,102679,57083,109218,2019-10-25 20:48:09,16,-1.0,0.2186994302954905,0.0,0.0008035107179286472,False,99,2,0.5,0.0,0.0,4.0,0.020202020202020204,"Lone dissent, no signal anywhere"
155580,43104,55715,87827,2019-10-26 04:25:04,13,-1.0,0.05665776524241909,0.0,0.05812202453682515,True,266,11,0.0,1.0,0.0,17.0,0.015037593984962405,Other
155613,100398,54173,89288,2019-10-26 06:00:00,12,2.0,0.9985131830876643,1.0,0.0008842796965789318,False,136,8,1.375,6.0,3.0,6.0,0.0,"Right direction, too few steps"
155620,100448,54173,89288,2019-10-26 06:00:00,12,2.0,0.9806321428689762,1.0,-0.016996760522109258,False,55,8,1.375,6.0,3.0,6.0,0.0,"Right direction, too few steps"
155633,15209,58105,82214,2019-10-26 07:26:02,8,1.0,0.0949024815637349,0.0,0.00963689573148852,False,118,0,0.0,0.0,0.0,4.0,0.1694915254237288,"New route, no community evidence"
155658,66889,55183,79297,2019-10-26 10:47:59,17,2.0,-0.10608060244905249,-0.0,-0.010769355474013616,False,60,1,0.0,0.0,0.0,0.0,0.08333333333333333,"Lone dissent, no signal anywhere"
155775,44825,57158,48884,2019-10-26 19:54:48,18,1.0,-0.04463665495000399,-0.0,0.0070348508795242065,False,209,0,0.0,0.0,2.0,5.0,0.014354066985645933,"New route, no community evidence"
155785,86449,56425,82620,2019-10-26 22:44:55,13,-1.0,-0.04274546354896899,-0.0,-0.07427875310532533,True,130,2,0.0,0.0,0.0,5.0,0.13846153846153847,"Right direction, too cautious to show"
155860,17745,58101,82215,2019-10-27 00:00:00,19,-1.0,-0.03638356106562014,-0.0,0.025569240142511985,False,124,0,0.0,0.0,3.0,4.0,0.13709677419354838,"New route, no community evidence"
156073,17949,52019,37417,2019-10-27 20:56:58,21,1.0,0.07593943584946297,0.0,0.1416982429251811,True,256,4,0.0,1.0,1.0,2.0,0.171875,"Right direction, too cautious to show"
156128,90989,57667,85986,2019-10-28 00:00:00,18,-1.0,0.004950764951543181,0.0,-0.002980545933011691,False,179,0,0.0,0.0,1.0,9.0,0.0,"New route, no community evidence"
156129,90989,57665,85986,2019-10-28 00:00:00,13,-1.0,0.0572367138710019,0.0,-0.002980545933011691,False,179,0,0.0,0.0,0.0,16.0,0.0,"New route, no community evidence"
156173,115272,49590,106596,2019-10-28 05:00:00,13,1.0,-0.031248659912655595,-0.0,-0.033897190093765184,False,54,2,0.0,0.0,0.0,0.0,0.05555555555555555,"Lone dissent, no signal anywhere"
156227,37623,55800,70815,2019-10-28 09:23:40,10,-2.0,-0.8572623744509795,-1.0,-0.12988174727550605,True,162,2,-2.0,2.0,4.0,8.0,0.15432098765432098,"Right direction, too few steps"
156276,71943,58742,87145,2019-10-28 12:52:13,13,1.0,0.4769132606880622,0.0,0.5802233041227861,True,280,0,0.0,0.0,0.0,2.0,0.49642857142857144,"New route, no community evidence"
156282,128502,56085,104659,2019-10-28 13:40:37,14,1.0,0.03365192627167583,0.0,0.03317863248761238,False,92,7,0.0,0.0,0.0,4.0,0.08695652173913043,"Lone dissent, no signal anywhere"
156306,89319,40677,87537,2019-10-28 16:28:44,12,-2.0,-0.045920647073061725,-0.0,-0.054049691389550035,True,102,4,0.0,0.0,0.0,1.0,0.14705882352941177,"Right direction, too cautious to show"
156310,89319,53768,87724,2019-10-28 16:30:22,14,-1.0,-0.08040799957958004,-0.0,-0.06670992691557678,True,105,4,0.0,0.0,0.0,2.0,0.1523809523809524,"Right direction, too cautious to show"
156311,89319,53769,87534,2019-10-28 16:30:31,16,-1.0,-0.12250832059614855,-0.0,-0.07301306356593372,True,106,3,0.0,0.0,0.0,1.0,0.16037735849056603,"Right direction, too cautious to show"
156330,65164,57073,80416,2019-10-28 18:33:14,16,1.0,-0.022938633874666256,-0.0,-0.01744898821274958,False,124,0,0.0,0.0,1.0,2.0,0.056451612903225805,"New route, no community evidence"
156338,73306,56007,37417,2019-10-28 18:44:45,13,2.0,1.1449596233961352,1.0,0.04666155677924796,True,202,4,2.0,4.0,2.0,5.0,0.11386138613861387,"Right direction, too few steps"
156411,48795,55291,39996,2019-10-28 20:59:20,15,-1.0,-0.22746253297551297,-0.0,-0.0002908538794422853,False,73,2,-0.5,1.0,4.0,7.0,0.0136986301369863,"Right direction, too cautious to show"
156432,102134,56162,62913,2019-10-28 21:31:28,6,1.0,0.4003864837318168,0.0,-0.05287698209282743,True,262,2,1.0,2.0,6.0,7.0,0.10305343511450382,"Right direction, too cautious to show"
156459,53494,57158,48884,2019-10-28 22:22:23,18,1.0,0.22117409955257425,0.0,0.002553576804734759,False,305,1,1.0,1.0,1.0,4.0,0.019672131147540985,"Right direction, too cautious to show"
156511,53494,55804,35109,2019-10-28 23:19:29,14,1.0,0.13082610759847757,0.0,0.00487568771592299,False,307,4,0.25,1.0,1.0,4.0,0.02280130293159609,"Right direction, too cautious to show"
156518,44642,56874,86035,2019-10-29 00:00:00,17,1.0,-0.008722302131159446,-0.0,0.0013007818118873939,False,285,1,0.0,0.0,4.0,6.0,0.014035087719298246,"Early dissent, confirmed later"
156524,44642,57073,80416,2019-10-29 00:00:00,16,1.0,0.2544220458668171,0.0,0.0013007818118873939,False,285,1,1.0,1.0,0.0,1.0,0.014035087719298246,"Right direction, too cautious to show"
156574,82647,58034,82647,2019-10-29 00:00:00,19,-1.0,0.02016948541407,0.0,0.07395654658992104,True,148,0,0.0,0.0,4.0,4.0,0.033783783783783786,"New route, no community evidence"
156587,99470,57662,80416,2019-10-29 00:00:00,15,-2.0,-0.03844511599477418,-0.0,-0.052798696128741156,False,33,1,0.0,0.0,0.0,16.0,0.21212121212121213,"Right direction, too cautious to show"
156588,99470,57664,80416,2019-10-29 00:00:00,16,-2.0,-0.04626478629352028,-0.0,-0.052798696128741156,False,33,2,0.0,0.0,0.0,8.0,0.21212121212121213,"Right direction, too cautious to show"
156589,99470,57667,85986,2019-10-29 00:00:00,18,-2.0,-0.2982346190537032,-0.0,-0.052798696128741156,False,33,1,-1.0,1.0,0.0,8.0,0.21212121212121213,"Right direction, too cautious to show"
156625,52926,58265,66386,2019-10-29 00:00:00,14,1.0,0.03598738439547661,0.0,0.05573080940187417,True,247,0,0.0,0.0,1.0,3.0,0.10931174089068826,"New route, no community evidence"
156629,31724,58034,82647,2019-10-29 00:03:06,19,-1.0,-0.2697854969918013,-0.0,0.04002582302142726,False,98,1,-1.0,1.0,3.0,3.0,0.061224489795918366,"Right direction, too cautious to show"
156662,80138,56756,91567,2019-10-29 05:21:43,6,1.0,0.371910953776794,0.0,0.02448089363414451,False,208,1,1.0,1.0,1.0,1.0,0.11057692307692307,"Right direction, too cautious to show"
156669,80138,54116,91567,2019-10-29 05:22:47,6,1.0,0.4348623424002519,0.0,0.02612505968843269,False,215,7,0.5714285714285714,4.0,0.0,0.0,0.11162790697674418,"Right direction, too cautious to show"
156718,69079,57158,48884,2019-10-29 08:33:46,18,-1.0,0.4158061616408344,0.0,0.0370837970773263,False,29,2,1.0,0.0,0.0,3.0,0.034482758620689655,"Lone dissent, no signal anywhere"
157031,82211,58101,82215,2019-10-30 00:00:00,19,-1.0,-0.3835662008911303,-0.0,-0.07546113890832401,True,142,1,-1.0,1.0,2.0,3.0,0.14084507042253522,"Right direction, too cautious to show"
157076,94390,58082,143092,2019-10-30 05:00:00,16,-1.0,-0.049496558574083645,-0.0,-0.019913379451303694,False,605,0,0.0,0.0,0.0,16.0,0.12892561983471074,"New route, no community evidence"
157080,94390,58083,143092,2019-10-30 05:00:00,10,-2.0,0.013230884378880002,0.0,-0.019913379451303694,False,605,0,0.0,0.0,0.0,14.0,0.12892561983471074,"New route, no community evidence"
157130,131213,56007,37417,2019-10-30 09:03:42,13,2.0,1.2245986636885773,1.0,0.019343537427367486,False,43,5,2.0,5.0,1.0,4.0,0.06976744186046512,"Right direction, too few steps"
157195,142162,49694,104659,2019-10-30 15:15:06,16,1.0,0.01814574172276908,0.0,0.03261422676970402,False,66,10,0.0,0.0,0.0,1.0,0.09090909090909091,"Lone dissent, no signal anywhere"
157218,25021,54962,11941,2019-10-30 17:01:14,6,1.0,0.36909716271589665,0.0,-0.007509537183871304,False,66,3,0.6666666666666666,2.0,3.0,3.0,0.045454545454545456,"Right direction, too cautious to show"
157226,32723,55261,39995,2019-10-30 17:30:40,10,2.0,0.3129672776143043,0.0,0.0069629680587647465,False,43,4,0.5,1.0,0.0,9.0,0.046511627906976744,"Right direction, too cautious to show"
157239,113985,52538,42946,2019-10-30 18:29:32,6,1.0,0.28563742417440907,0.0,0.004164213130178578,False,128,2,0.5,1.0,0.0,2.0,0.0703125,"Right direction, too cautious to show"
157322,128272,52583,101187,2019-10-30 20:44:46,10,2.0,0.49861644949027883,0.0,0.10833007796681011,True,46,7,0.5714285714285714,2.0,1.0,7.0,0.1956521739130435,"Right direction, too cautious to show"
157365,80526,56046,8060,2019-10-30 22:47:47,15,-1.0,-0.06368274457328138,-0.0,-0.012579747622876796,False,130,0,0.0,0.0,1.0,1.0,0.015384615384615385,"New route, no community evidence"
157366,66754,37976,102915,2019-10-30 22:48:16,15,2.0,0.39319527049776637,0.0,0.019458953444639833,False,84,8,0.5,2.0,0.0,0.0,0.15476190476190477,"Right direction, too cautious to show"
157483,98192,58675,71304,2019-10-31 00:00:00,10,-2.0,0.06470502022193499,0.0,-0.013326963503273738,False,132,0,0.0,0.0,6.0,7.0,0.0,"New route, no community evidence"
157530,126154,58237,99961,2019-10-31 06:46:38,13,1.0,-0.005389350648926735,-0.0,0.006434644469787317,False,70,0,0.0,0.0,1.0,13.0,0.014285714285714285,"New route, no community evidence"
157535,108453,49575,81643,2019-10-31 07:02:11,12,-2.0,-1.1448410821132888,-1.0,-0.013651731340516391,False,69,4,-2.0,4.0,0.0,5.0,0.014492753623188406,"Right direction, too few steps"
157584,141355,55842,139551,2019-10-31 08:30:59,15,-2.0,-0.16091796271134504,-0.0,0.011364804398186384,False,29,0,0.0,0.0,5.0,5.0,0.0,"New route, no community evidence"
157585,141355,55841,139551,2019-10-31 08:31:05,8,-3.0,-0.12122078080478463,-0.0,-0.01490639701850884,False,30,0,0.0,0.0,5.0,5.0,0.03333333333333333,"New route, no community evidence"
157662,128333,58239,99961,2019-10-31 15:14:31,14,-2.0,-0.001170832697234482,-0.0,0.01978054693356659,False,56,0,0.0,0.0,0.0,14.0,0.0,"New route, no community evidence"
157686,88619,55540,45139,2019-10-31 18:33:42,8,2.0,-0.026951312337522064,-0.0,-0.057741360386425175,False,27,2,0.0,1.0,0.0,0.0,0.037037037037037035,Other
157688,88619,55126,45139,2019-10-31 18:34:49,8,-2.0,0.0252243714481748,0.0,-0.02763307754107576,False,29,1,0.0,0.0,1.0,1.0,0.13793103448275862,"Early dissent, confirmed later"
157712,102679,58303,103283,2019-10-31 20:10:10,12,-1.0,0.030901647232498036,0.0,-0.00841813164220778,False,101,0,0.0,0.0,0.0,8.0,0.0297029702970297,"New route, no community evidence"
157749,102134,55338,62911,2019-10-31 21:58:37,13,1.0,0.31766988127202556,0.0,-0.050746188898851304,True,268,3,0.6666666666666666,2.0,0.0,8.0,0.1044776119402985,"Right direction, too cautious to show"
157755,38072,46351,38028,2019-10-31 22:26:44,15,1.0,0.0555796621504783,0.0,0.057676117468167455,True,255,10,0.0,0.0,0.0,1.0,0.08235294117647059,"Lone dissent, no signal anywhere"
157926,117479,58265,66386,2019-11-01 02:28:10,14,1.0,0.2190814720412468,0.0,-0.00520516762777523,False,81,1,1.0,1.0,0.0,2.0,0.024691358024691357,"Right direction, too cautious to show"
157950,71943,57019,87145,2019-11-01 05:33:12,14,1.0,0.46624101720469263,0.0,0.5790530465185126,True,283,0,0.0,0.0,0.0,1.0,0.49469964664310956,"New route, no community evidence"
157962,77025,58174,59651,2019-11-01 07:11:54,12,-2.0,-0.12396406097164503,-0.0,-0.062457244169652634,True,76,0,0.0,0.0,0.0,2.0,0.14473684210526316,"New route, no community evidence"
157990,112478,58115,106704,2019-11-01 09:06:54,16,1.0,-0.024792641967393936,-0.0,0.02588862134576427,False,79,0,0.0,0.0,1.0,3.0,0.0759493670886076,"New route, no community evidence"
158016,89468,58310,87536,2019-11-01 10:43:51,13,-3.0,0.04011282518934467,0.0,0.0552966138083008,True,247,0,0.0,0.0,2.0,5.0,0.008097165991902834,"New route, no community evidence"
158018,3814,48340,25538,2019-11-01 10:44:40,6,1.0,0.4330768061364673,0.0,0.019941484617730893,False,85,7,0.5714285714285714,4.0,1.0,1.0,0.08235294117647059,"Right direction, too cautious to show"
158035,86839,58319,87535,2019-11-01 11:32:32,18,-1.0,-0.03299898738800261,-0.0,0.02826993564164762,False,233,0,0.0,0.0,0.0,0.0,0.030042918454935622,"New route, no community evidence"
158049,5789,56862,11941,2019-11-01 12:50:47,15,-1.0,-0.008030440226841887,-0.0,-0.006367080544456503,False,255,0,0.0,0.0,1.0,8.0,0.047058823529411764,"New route, no community evidence"
158093,25761,47324,84997,2019-11-01 14:56:16,13,2.0,0.8069981036503556,1.0,-0.01971524190502054,False,124,2,2.0,2.0,0.0,2.0,0.016129032258064516,"Right direction, too few steps"
158117,142162,51958,104659,2019-11-01 15:28:45,17,2.0,0.024549406997830273,0.0,0.03950220033101998,False,76,5,0.0,0.0,0.0,1.0,0.09210526315789473,"Lone dissent, no signal anywhere"
158147,88050,51057,80125,2019-11-01 16:57:11,19,-1.0,-0.05038262340952728,-0.0,-0.013773595059352607,False,626,3,0.0,0.0,0.0,2.0,0.027156549520766772,"Lone dissent, no signal anywhere"
158174,123392,58237,99961,2019-11-01 18:04:10,13,1.0,0.22164401325839136,0.0,-0.013971160592897991,False,88,1,1.0,1.0,0.0,12.0,0.0,"Right direction, too cautious to show"
158283,119190,56496,42946,2019-11-01 22:10:29,6,2.0,1.0561823512965263,1.0,-0.007823185725580651,False,27,3,2.0,3.0,7.0,7.0,0.1111111111111111,"Right direction, too few steps"
158304,47825,55283,106708,2019-11-01 22:18:03,15,-1.0,-0.024653566055251472,-0.0,-0.00856108678229272,False,158,4,0.0,0.0,0.0,1.0,0.06962025316455696,"Lone dissent, no signal anywhere"
158363,89319,54352,87535,2019-11-01 23:42:41,16,-1.0,-0.11466823961163614,-0.0,-0.07572725514999973,True,109,3,0.0,0.0,0.0,7.0,0.1651376146788991,"Right direction, too cautious to show"
158364,89319,54538,87534,2019-11-01 23:42:59,12,1.0,-0.11736886145630157,-0.0,-0.08165050456336186,True,110,4,0.0,0.0,1.0,4.0,0.06363636363636363,"Early dissent, confirmed later"
158390,44642,57973,81641,2019-11-02 00:00:00,21,-1.0,-0.07404394878845469,-0.0,0.001992152987815899,False,337,0,0.0,0.0,2.0,2.0,0.02373887240356083,"New route, no community evidence"
158470,114986,58213,108478,2019-11-02 05:00:00,20,-1.0,-0.0915070555882114,-0.0,-0.030971466379286123,False,44,0,0.0,0.0,0.0,0.0,0.11363636363636363,"New route, no community evidence"
158508,98864,57082,103283,2019-11-02 13:32:42,18,-2.0,-0.5199239752695686,-1.0,-0.0032037332477125157,False,146,3,-1.0,2.0,0.0,1.0,0.0273972602739726,"Right direction, too few steps"
158632,81768,39795,659,2019-11-02 15:58:47,12,1.0,0.31929494065860176,0.0,0.042588351714076725,True,315,4,0.5,2.0,0.0,0.0,0.10793650793650794,"Right direction, too cautious to show"
158674,66754,47676,63831,2019-11-02 17:07:40,15,1.0,0.31381159594240515,0.0,0.03372771421307965,False,85,1,1.0,1.0,0.0,0.0,0.16470588235294117,"Right direction, too cautious to show"
158743,114078,57973,81641,2019-11-02 21:19:18,21,-1.0,-0.33337082784535244,-0.0,-0.024740935438295673,False,95,1,-1.0,1.0,1.0,1.0,0.031578947368421054,"Right direction, too cautious to show"
158755,57634,55566,76970,2019-11-02 21:51:49,17,2.0,0.02172348702988231,0.0,0.042082252216541174,False,166,2,0.0,0.0,0.0,3.0,0.03614457831325301,"Lone dissent, no signal anywhere"
158756,57634,55568,76970,2019-11-02 21:52:11,15,1.0,0.06896068996390983,0.0,0.05163879585495912,True,167,3,0.0,0.0,0.0,3.0,0.041916167664670656,"Lone dissent, no signal anywhere"
158862,114078,56874,86035,2019-11-03 00:00:00,17,1.0,0.16551115696111898,0.0,-0.02753961101192677,False,98,2,0.5,1.0,3.0,5.0,0.01020408163265306,"Right direction, too cautious to show"
158867,62645,58678,71304,2019-11-03 00:00:00,12,-2.0,0.0908105192697991,0.0,0.03726934594308323,False,149,0,0.0,0.0,5.0,6.0,0.10738255033557047,"New route, no community evidence"
158887,43104,54176,9453,2019-11-03 01:05:50,13,1.0,0.15930609561145678,0.0,0.05360208303885701,True,272,7,0.14285714285714285,1.0,0.0,6.0,0.0625,"Right direction, too cautious to show"
158921,86449,55089,96985,2019-11-03 08:12:38,10,1.0,0.3871064435073169,0.0,-0.0783473274122926,True,131,4,0.75,3.0,2.0,4.0,0.08396946564885496,"Right direction, too cautious to show"
158943,59174,58675,71304,2019-11-03 11:30:03,10,-2.0,-0.38867755771759216,-0.0,0.051352026578719644,True,274,1,-2.0,1.0,5.0,6.0,0.08029197080291971,"Right direction, too cautious to show"
158951,15209,58101,82215,2019-11-03 12:37:46,19,-2.0,-0.41863627598177344,-0.0,0.014997914878607018,False,120,2,-1.0,2.0,1.0,2.0,0.11666666666666667,"Right direction, too cautious to show"
159029,62645,58675,71304,2019-11-03 15:11:29,10,-2.0,-0.7381325314134497,-1.0,0.025763484645359897,False,151,2,-2.0,2.0,4.0,5.0,0.11258278145695365,"Right direction, too few steps"
159031,62645,58676,71304,2019-11-03 15:11:50,13,-1.0,0.03324122319998175,0.0,0.017497110984150462,False,152,1,0.0,0.0,3.0,4.0,0.11842105263157894,"Early dissent, confirmed later"
159033,62645,58687,71304,2019-11-03 15:14:38,15,-2.0,0.030057850745380976,0.0,0.011688265664279966,False,154,0,0.0,0.0,1.0,3.0,0.12337662337662338,"New route, no community evidence"
159056,101361,45800,82622,2019-11-03 15:51:53,6,1.0,0.28423130498416715,0.0,0.054662043236582844,False,59,4,0.25,1.0,5.0,6.0,0.11864406779661017,"Right direction, too cautious to show"
159124,17949,58296,37417,2019-11-03 18:11:51,8,2.0,0.15023372226948387,0.0,0.14513591912146157,True,257,2,0.0,0.0,0.0,5.0,0.17509727626459143,"Right direction, too cautious to show"
159126,17949,55447,73668,2019-11-03 18:12:49,6,2.0,0.17566381126995184,0.0,0.1508725695211476,True,259,3,0.0,0.0,0.0,3.0,0.1776061776061776,"Right direction, too cautious to show"
159145,101458,49698,72930,2019-11-03 19:23:25,6,1.0,0.1712495556777315,0.0,-0.0037932975738064895,False,117,0,0.0,0.0,1.0,1.0,0.1282051282051282,"New route, no community evidence"
159159,88543,49698,72930,2019-11-03 19:41:06,6,1.0,0.4781859394327042,0.0,0.08543615686613688,True,75,1,1.0,1.0,0.0,0.0,0.28,"Right direction, too cautious to show"
159431,55737,56283,66603,2019-11-04 07:19:48,17,-1.0,-0.2513567038284102,-0.0,0.0031253263869304554,False,78,6,-0.3333333333333333,1.0,0.0,2.0,0.07692307692307693,"Right direction, too cautious to show"
159451,101956,58031,11059,2019-11-04 08:48:25,17,2.0,-0.014335743320592415,-0.0,0.003546327863979933,False,166,2,0.0,0.0,0.0,1.0,0.06626506024096386,"Lone dissent, no signal anywhere"
159456,137728,56098,129143,2019-11-04 09:00:00,12,-2.0,0.015746444313545487,0.0,0.02423209023251197,False,48,11,0.0,0.0,0.0,5.0,0.10416666666666667,Other
159457,137728,55030,130268,2019-11-04 09:00:00,20,1.0,-0.01744934401352003,-0.0,0.02423209023251197,False,48,1,0.0,0.0,0.0,0.0,0.08333333333333333,"Lone dissent, no signal anywhere"
159610,39980,33376,20124,2019-11-04 20:03:05,6,-2.0,-0.9554518109436412,-1.0,-0.012308517714833498,False,114,7,-1.4285714285714286,5.0,2.0,2.0,0.07894736842105263,"Right direction, too few steps"
159619,46608,53695,42946,2019-11-04 20:21:58,6,2.0,0.7610391297963717,1.0,0.0172524234305559,False,46,3,1.3333333333333333,3.0,1.0,3.0,0.06521739130434782,"Right direction, too few steps"
159644,105462,55445,37417,2019-11-04 20:53:57,13,1.0,0.07196925085532671,0.0,0.002201834074162943,False,79,7,0.14285714285714285,1.0,1.0,5.0,0.02531645569620253,"Right direction, too cautious to show"
159732,31126,57861,70815,2019-11-05 00:00:00,6,-2.0,0.007780668906356897,0.0,-0.09397877234382129,True,24,0,0.0,0.0,0.0,4.0,0.25,"New route, no community evidence"
159853,63544,58582,38878,2019-11-05 05:25:48,10,2.0,0.4632272925858556,0.0,-0.0006393266291248281,False,43,1,2.0,1.0,5.0,5.0,0.09302325581395349,"Right direction, too cautious to show"
159855,73358,56069,91522,2019-11-05 05:56:00,16,-3.0,-0.040521233201319715,-0.0,0.05036948442451264,True,140,0,0.0,0.0,1.0,1.0,0.04285714285714286,"New route, no community evidence"
159887,15209,58112,103283,2019-11-05 07:26:46,15,1.0,0.016471024929757938,0.0,0.006670269149548779,False,121,2,0.0,0.0,1.0,1.0,0.17355371900826447,"Early dissent, confirmed later"
159898,94912,56941,129969,2019-11-05 09:00:00,12,2.0,0.004084155796526552,0.0,0.02037823794794303,False,447,3,0.0,0.0,3.0,7.0,0.029082774049217,"Early dissent, confirmed later"
159899,56628,54906,67311,2019-11-05 09:06:06,16,-1.0,0.015190335749944286,0.0,-0.02510171003593192,False,118,0,0.0,0.0,0.0,0.0,0.025423728813559324,"New route, no community evidence"
159989,116783,50329,101187,2019-11-05 14:07:22,15,-1.0,-0.13322154407335426,-0.0,-0.07586406750143568,True,92,11,0.0,0.0,0.0,3.0,0.10869565217391304,"Right direction, too cautious to show"
159992,116783,50606,101187,2019-11-05 14:07:52,14,-1.0,-0.1395661506534384,-0.0,-0.07956077958050997,True,95,8,0.0,0.0,0.0,3.0,0.11578947368421053,"Right direction, too cautious to show"
160031,99973,56812,129197,2019-11-05 15:25:34,17,-1.0,0.007175125400930522,0.0,-0.005890295310035784,False,260,0,0.0,0.0,2.0,4.0,0.011538461538461539,"New route, no community evidence"
160142,94337,56745,89288,2019-11-05 19:23:15,21,-1.0,0.06133516162300803,0.0,0.09294066653632836,True,159,1,0.0,0.0,0.0,0.0,0.018867924528301886,"Lone dissent, no signal anywhere"
160258,11953,55800,70815,2019-11-05 22:33:52,10,-2.0,-1.010654762600134,-1.0,0.041853562271012286,True,194,4,-2.0,4.0,2.0,6.0,0.03608247422680412,"Right direction, too few steps"
160260,11953,57392,92074,2019-11-05 22:35:23,13,1.0,-0.052595827255758384,-0.0,0.037124267827224604,False,196,3,-0.3333333333333333,0.0,1.0,4.0,0.07653061224489796,"Early dissent, confirmed later"
160265,94782,45800,82622,2019-11-05 22:37:38,6,-1.0,0.19898438477419572,0.0,-0.12239749925184261,True,45,5,0.4,0.0,0.0,5.0,0.26666666666666666,Evidence pointed the other way
160283,77905,58188,13318,2019-11-05 22:52:20,14,1.0,-0.008036172778657313,-0.0,-0.0073667520945357445,False,373,7,0.0,0.0,0.0,9.0,0.06166219839142091,"Lone dissent, no signal anywhere"
160301,103384,58361,42946,2019-11-05 23:40:04,6,1.0,0.2193613026305599,0.0,0.07069681254824879,False,37,0,0.0,0.0,5.0,6.0,0.21621621621621623,"New route, no community evidence"
160405,80138,58789,71442,2019-11-06 00:43:56,14,2.0,0.04015611005567783,0.0,0.026581556825939885,False,235,1,0.0,0.0,0.0,1.0,0.10638297872340426,"Right direction, too cautious to show"
160414,13625,58809,81680,2019-11-06 01:36:47,18,-2.0,-0.14965603364918187,-0.0,-0.07965744902697357,True,184,0,0.0,0.0,1.0,4.0,0.14130434782608695,"New route, no community evidence"
160415,13625,58822,103219,2019-11-06 01:37:45,17,-1.0,-0.10606825504597267,-0.0,-0.08788119998853276,True,185,0,0.0,0.0,0.0,4.0,0.14594594594594595,"New route, no community evidence"
160416,13625,58824,103219,2019-11-06 01:38:14,14,-1.0,-0.09294048653826072,-0.0,-0.0918366861638364,True,186,2,0.0,0.0,4.0,10.0,0.15053763440860216,"Early dissent, confirmed later"
160418,13625,58823,106546,2019-11-06 01:39:13,12,-1.0,-0.04048553439028303,-0.0,-0.09534925595585082,True,188,0,0.0,0.0,1.0,8.0,0.15425531914893617,"New route, no community evidence"
160438,94475,58917,89289,2019-11-06 06:00:00,20,1.0,-0.04993447902330466,-0.0,0.006277123795343005,False,319,0,0.0,0.0,1.0,3.0,0.0,"New route, no community evidence"
160441,94390,58914,89286,2019-11-06 06:00:00,16,-1.0,-0.08701156429733461,-0.0,-0.02406834408771618,False,614,0,0.0,0.0,1.0,13.0,0.13029315960912052,"New route, no community evidence"
160474,143644,48344,131495,2019-11-06 07:54:44,14,-1.0,-0.18095177671461823,-0.0,0.09367865010341345,True,24,1,-1.0,1.0,0.0,1.0,0.08333333333333333,"Right direction, too cautious to show"
160520,59174,58695,71304,2019-11-06 11:32:50,6,-1.0,0.15545437096440803,0.0,0.05126755731500616,True,279,0,0.0,0.0,5.0,7.0,0.08243727598566308,"New route, no community evidence"
160523,59174,58988,71304,2019-11-06 11:35:22,8,-2.0,0.12976220598421684,0.0,0.04708060515160763,True,282,0,0.0,0.0,4.0,4.0,0.0851063829787234,"New route, no community evidence"
160525,59174,58984,71304,2019-11-06 11:37:09,6,-2.0,0.14240394044516685,0.0,0.040206171635783966,True,284,0,0.0,0.0,3.0,3.0,0.0880281690140845,"New route, no community evidence"
160556,130750,54596,32378,2019-11-06 16:07:53,6,1.0,0.22230597171747837,0.0,0.09841254808431332,True,31,0,0.0,0.0,2.0,2.0,0.45161290322580644,"New route, no community evidence"
160559,72089,58539,108170,2019-11-06 16:31:45,14,1.0,-0.07503492292979176,-0.0,0.034156527885493226,False,66,0,0.0,0.0,4.0,4.0,0.045454545454545456,"New route, no community evidence"
160602,63712,39117,62909,2019-11-06 18:06:26,6,1.0,0.1102533095346374,0.0,0.1046583368531728,True,45,4,0.0,2.0,1.0,1.0,0.24444444444444444,"Right direction, too cautious to show"
160649,73306,59016,37417,2019-11-06 19:08:34,12,-2.0,0.039217871847198445,0.0,0.04634793979575338,True,207,0,0.0,0.0,2.0,3.0,0.07729468599033816,"New route, no community evidence"
160792,68332,55221,39994,2019-11-06 22:43:46,13,-1.0,0.07461112141585047,0.0,0.06760740224968893,True,73,8,0.0,0.0,1.0,6.0,0.0136986301369863,Other
160801,120262,58582,38878,2019-11-06 22:52:42,10,2.0,0.9516546061262134,1.0,-0.03207085894689972,False,168,3,2.0,3.0,3.0,3.0,0.011904761904761904,"Right direction, too few steps"
160817,120262,46915,38885,2019-11-06 23:16:32,12,1.0,0.29964544842007274,0.0,-0.025881339143503997,False,173,7,0.42857142857142855,3.0,0.0,2.0,0.017341040462427744,"Right direction, too cautious to show"
160820,17949,46251,37417,2019-11-06 23:19:27,8,2.0,0.14571570352583746,0.0,0.1555761174680944,True,261,22,0.0,0.0,0.0,5.0,0.18007662835249041,"Right direction, too cautious to show"
160877,92131,58824,103219,2019-11-07 00:00:00,14,-2.0,-0.11220415515096395,-0.0,0.024432606212775033,False,94,4,-0.25,1.0,3.0,8.0,0.0425531914893617,"Right direction, too cautious to show"
160881,10961,59021,69446,2019-11-07 00:00:00,17,1.0,0.004946928102099776,0.0,0.09125233532840785,True,101,0,0.0,0.0,0.0,2.0,0.1782178217821782,"New route, no community evidence"
160909,67570,52191,66603,2019-11-07 00:00:00,10,2.0,0.10117065140067114,0.0,0.09277318216985206,True,159,6,0.0,0.0,0.0,4.0,0.11949685534591195,"Right direction, too cautious to show"
160943,53219,59016,37417,2019-11-07 00:00:00,12,-2.0,-0.46052292925369853,-0.0,0.056029931158095236,True,184,1,-2.0,1.0,1.0,2.0,0.021739130434782608,"Right direction, too cautious to show"
160947,105221,58794,82647,2019-11-07 00:00:00,17,1.0,-0.06729574819778673,-0.0,-0.031232272753970433,False,171,1,0.0,0.0,0.0,2.0,0.05847953216374269,"Lone dissent, no signal anywhere"
160952,115120,47887,127180,2019-11-07 00:00:00,13,2.0,0.953460400514475,1.0,0.1275799175919295,True,22,13,1.0,13.0,3.0,3.0,0.22727272727272727,"Right direction, too few steps"
160994,5789,57636,25544,2019-11-07 08:58:16,13,1.0,0.0018705849929151208,0.0,-0.007971869634226783,False,275,0,0.0,0.0,3.0,4.0,0.01818181818181818,"New route, no community evidence"
161021,71228,57633,436,2019-11-07 10:09:46,15,1.0,0.2612369431650802,0.0,-0.0032436538358033545,False,65,1,1.0,1.0,4.0,5.0,0.015384615384615385,"Right direction, too cautious to show"
161150,64479,58100,32378,2019-11-07 17:00:20,6,1.0,0.3438758482588691,0.0,0.02566007536647511,False,166,1,1.0,1.0,1.0,1.0,0.14457831325301204,"Right direction, too cautious to show"
161154,59485,58984,71304,2019-11-07 17:10:44,6,-2.0,-0.4587319351695589,-0.0,-0.016076492030657936,False,141,1,-2.0,1.0,2.0,2.0,0.0070921985815602835,"Right direction, too cautious to show"
161156,59485,58678,71304,2019-11-07 17:12:32,12,-2.0,-0.6876930299147601,-1.0,-0.024545404115080122,False,143,3,-1.3333333333333333,2.0,3.0,3.0,0.013986013986013986,"Right direction, too few steps"
161177,64479,54596,32378,2019-11-07 18:34:51,6,1.0,0.34741162880352494,0.0,0.028567106276084754,False,168,1,1.0,1.0,1.0,1.0,0.1488095238095238,"Right direction, too cautious to show"
161221,75821,55291,39996,2019-11-07 19:25:25,15,-1.0,-0.3588698987492337,-0.0,-0.003931757692057727,False,470,3,-0.6666666666666666,2.0,3.0,6.0,0.00851063829787234,"Right direction, too cautious to show"
161246,110018,36885,32534,2019-11-07 20:00:57,17,1.0,-0.029419094553843814,-0.0,0.012834910101475637,False,60,3,0.0,1.0,0.0,1.0,0.0,Other
161313,59576,38543,82623,2019-11-07 21:18:18,15,1.0,0.012312958696198188,0.0,0.14120168218852125,True,123,8,-0.125,0.0,0.0,0.0,0.22764227642276422,Evidence pointed the other way
161319,59576,48631,82622,2019-11-07 21:41:41,16,1.0,0.2924552559650581,0.0,0.14722202525825787,True,124,5,0.2,3.0,0.0,0.0,0.23387096774193547,"Right direction, too cautious to show"
161352,111110,49543,102621,2019-11-07 22:34:37,14,2.0,0.7737196780851218,1.0,0.6740675803148858,True,99,0,0.0,0.0,0.0,0.0,0.6868686868686869,"New route, no community evidence"
161353,71943,59114,70815,2019-11-07 22:40:39,6,2.0,0.6724587106447463,1.0,0.5825080622604202,True,285,0,0.0,0.0,0.0,5.0,0.49473684210526314,"New route, no community evidence"
161359,71943,56266,92074,2019-11-07 22:43:46,8,2.0,0.7014813800847974,1.0,0.5860116913070488,True,287,2,0.0,0.0,0.0,4.0,0.49477351916376305,"Right direction, too few steps"
161478,144889,57187,42391,2019-11-08 00:00:00,15,1.0,-0.06713923908504765,-0.0,0.034279917921319084,False,16,0,0.0,0.0,0.0,2.0,0.1875,"New route, no community evidence"
161481,144889,57372,143880,2019-11-08 00:00:00,15,1.0,0.025064445330263082,0.0,0.034279917921319084,False,16,0,0.0,0.0,1.0,4.0,0.1875,"New route, no community evidence"
161522,73358,58835,91522,2019-11-08 04:21:07,14,-1.0,-0.051432020234816196,-0.0,0.03891998249936385,False,144,0,0.0,0.0,2.0,2.0,0.04861111111111111,"New route, no community evidence"
161542,94390,58909,89289,2019-11-08 06:00:00,10,2.0,0.0015629412296655973,0.0,-0.025272803988924196,True,617,1,0.0,0.0,0.0,6.0,0.12641815235008103,"Right direction, too cautious to show"
161543,140036,58230,87827,2019-11-08 06:00:00,15,-2.0,0.0032078617057943633,0.0,-0.0023479360240193357,False,18,7,0.0,0.0,0.0,13.0,0.0,"Lone dissent, no signal anywhere"
161548,94475,54173,89288,2019-11-08 06:00:00,12,2.0,1.1612310791319542,1.0,0.008112080520535792,False,320,10,1.5,8.0,1.0,4.0,0.003125,"Right direction, too few steps"
161606,59174,58691,71304,2019-11-08 11:38:16,6,-1.0,-0.11669173049911086,-0.0,0.0436902476281399,True,286,1,-1.0,1.0,3.0,3.0,0.09090909090909091,"Right direction, too cautious to show"
161727,88729,57973,81641,2019-11-08 19:25:45,21,-1.0,-0.4091621260263857,-0.0,0.03525523848098752,False,122,2,-1.0,2.0,0.0,0.0,0.05737704918032787,"Right direction, too cautious to show"
161736,46799,58373,41691,2019-11-08 19:37:42,15,1.0,0.004393809515031547,0.0,0.01506286587673782,False,341,1,0.0,0.0,0.0,3.0,0.03519061583577713,"Lone dissent, no signal anywhere"
161849,87346,55092,82620,2019-11-08 23:02:58,16,-1.0,0.00013049216763480476,0.0,-0.012117139549279487,False,118,0,0.0,0.0,0.0,1.0,0.07627118644067797,"New route, no community evidence"
161863,117600,50664,97324,2019-11-08 23:43:14,13,2.0,0.20050150473636613,0.0,-0.004918474362377319,False,19,6,0.3333333333333333,1.0,0.0,0.0,0.21052631578947367,"Right direction, too cautious to show"
161874,82214,58112,103283,2019-11-09 00:00:00,15,1.0,0.24860644853750977,0.0,0.07320808585176984,True,88,3,0.3333333333333333,1.0,0.0,0.0,0.23863636363636365,"Right direction, too cautious to show"
161875,82214,58101,82215,2019-11-09 00:00:00,19,-2.0,-0.6288210420008342,-1.0,0.07320808585176984,True,88,3,-1.3333333333333333,3.0,0.0,1.0,0.10227272727272728,"Right direction, too few steps"
161876,82214,52201,82215,2019-11-09 00:00:00,18,-1.0,0.04903291958581208,0.0,0.07320808585176984,True,88,2,0.0,0.0,0.0,1.0,0.10227272727272728,Other
161881,21812,52957,7246,2019-11-09 00:00:00,15,-1.0,-0.42432489633757664,-0.0,0.01962723795656001,False,90,2,-1.0,2.0,0.0,2.0,0.05555555555555555,"Right direction, too cautious to show"
161947,61433,59106,59023,2019-11-09 00:00:00,17,-1.0,-0.445510853395872,-0.0,-0.2859089709459352,True,195,4,-0.25,1.0,0.0,6.0,0.2564102564102564,"Right direction, too cautious to show"
162016,94337,58917,89289,2019-11-09 07:37:58,20,1.0,0.2950957242208991,0.0,0.08686954233866709,True,166,1,1.0,1.0,0.0,2.0,0.08433734939759036,"Right direction, too cautious to show"
162079,5789,26091,11941,2019-11-09 13:12:16,20,1.0,0.39683552228422597,0.0,-0.005182402739543387,False,283,4,0.75,3.0,0.0,0.0,0.02120141342756184,"Right direction, too cautious to show"
162085,119958,58034,82647,2019-11-09 13:34:53,19,-1.0,-0.4249063300826483,-0.0,0.0309725925909818,False,53,2,-1.0,2.0,2.0,2.0,0.03773584905660377,"Right direction, too cautious to show"
162234,77384,58811,106546,2019-11-09 20:27:54,18,-2.0,-0.05402887333368636,-0.0,-0.06103647321763783,True,122,2,0.0,0.0,1.0,3.0,0.08196721311475409,"Early dissent, confirmed later"
162236,77384,58824,103219,2019-11-09 20:29:58,14,-2.0,-0.4047720095644158,-0.0,-0.07261721478227462,True,124,6,-0.5,2.0,2.0,6.0,0.08870967741935484,"Right direction, too cautious to show"
162252,39089,58582,38878,2019-11-09 21:14:43,10,2.0,1.082316806033892,1.0,-0.05370712958059977,False,36,4,2.0,4.0,2.0,2.0,0.0,"Right direction, too few steps"
162257,93285,58898,89292,2019-11-09 21:28:17,13,-3.0,-0.024751618625538,-0.0,-0.022035344928900212,False,181,1,0.0,0.0,0.0,1.0,0.011049723756906077,"Lone dissent, no signal anywhere"
162259,93285,57701,89292,2019-11-09 21:28:48,14,-2.0,-0.045723197717809326,-0.0,-0.03529977912893873,False,183,3,0.0,0.0,0.0,1.0,0.01639344262295082,"Lone dissent, no signal anywhere"
162265,39089,54686,38885,2019-11-09 22:15:30,12,1.0,0.27847795809272646,0.0,-0.04186986096430355,False,38,4,0.5,2.0,0.0,2.0,0.02631578947368421,"Right direction, too cautious to show"
162283,102331,56860,63415,2019-11-10 00:00:00,16,-1.0,-0.3321119890120732,-0.0,-0.04469220843061782,True,194,1,-1.0,1.0,0.0,0.0,0.05154639175257732,"Right direction, too cautious to show"
162349,1892,50216,92074,2019-11-10 00:00:00,10,-2.0,0.009492005580294026,0.0,-0.16274713028357135,True,143,7,0.2857142857142857,2.0,1.0,2.0,0.16083916083916083,Evidence pointed the other way
162389,17745,55952,81680,2019-11-10 00:00:00,18,1.0,-0.16297535581128483,-0.0,0.02737586463805873,False,126,3,-0.3333333333333333,0.0,0.0,1.0,0.1746031746031746,Evidence pointed the other way
162416,80526,44589,43248,2019-11-10 09:11:01,6,-2.0,-0.5201805550878708,-1.0,-0.01704148050708792,False,131,1,-2.0,1.0,1.0,1.0,0.022900763358778626,"Right direction, too few steps"
162418,80526,44594,31807,2019-11-10 09:11:48,8,2.0,1.0334043679873164,1.0,-0.025391693114876157,False,133,3,2.0,3.0,1.0,1.0,0.0,"Right direction, too few steps"
162419,80526,44597,31807,2019-11-10 09:12:00,12,-2.0,-1.222540988417817,-1.0,-0.019838248420999644,False,134,5,-2.0,5.0,0.0,0.0,0.029850746268656716,"Right direction, too few steps"
162421,80526,44600,31807,2019-11-10 09:12:40,8,2.0,1.2627553753973135,1.0,-0.024224312252495116,False,135,5,2.0,5.0,1.0,1.0,0.007407407407407408,"Right direction, too few steps"
162423,80526,44611,43248,2019-11-10 09:13:35,8,-3.0,-1.5493702672619383,-2.0,-0.021596126192084352,False,137,3,-3.0,3.0,2.0,2.0,0.0364963503649635,"Right direction, too few steps"
162542,68451,51932,62909,2019-11-10 14:28:55,9,1.0,0.04645586249627806,0.0,0.05275935414398476,False,107,12,0.0,0.0,0.0,4.0,0.24299065420560748,"Right direction, too cautious to show"
162647,100241,58705,71304,2019-11-10 18:33:30,6,-1.0,0.06879869260409917,0.0,-0.00940351024155036,False,104,0,0.0,0.0,1.0,1.0,0.08653846153846154,"New route, no community evidence"
162651,100241,58698,71304,2019-11-10 18:34:31,6,-1.0,-0.1796434209542711,-0.0,-0.01677490729863408,False,105,1,-1.0,1.0,1.0,1.0,0.09523809523809523,"Right direction, too cautious to show"
162652,100241,58695,71304,2019-11-10 18:35:00,6,-1.0,-0.36156578407935225,-0.0,-0.02239852761059015,False,106,2,-1.0,2.0,3.0,5.0,0.10377358490566038,"Right direction, too cautious to show"
162663,44410,52019,37417,2019-11-10 19:12:13,21,1.0,0.11494251788741507,0.0,0.06748424459270992,True,144,5,0.2,2.0,0.0,1.0,0.10416666666666667,"Right direction, too cautious to show"
162665,44410,58299,37428,2019-11-10 19:13:04,12,1.0,0.06164046573225678,0.0,0.07188640347646799,True,146,4,0.0,0.0,0.0,12.0,0.1095890410958904,"Right direction, too cautious to show"
162666,31782,46562,63831,2019-11-10 19:13:28,6,-2.0,0.1511061677437727,0.0,0.04640202083165735,False,67,1,0.0,0.0,0.0,0.0,0.13432835820895522,Other
162676,75279,55841,139551,2019-11-10 19:56:50,8,-3.0,-0.8775903424531971,-1.0,-0.021178420573290065,False,75,1,-3.0,1.0,4.0,4.0,0.04,"Right direction, too few steps"
162753,59174,58985,71304,2019-11-10 22:07:47,14,1.0,0.03604202229890512,0.0,0.041179801824893864,True,290,0,0.0,0.0,1.0,3.0,0.13448275862068965,"New route, no community evidence"
162844,88456,56874,86035,2019-11-11 00:00:00,17,1.0,0.33033820446275386,0.0,-0.002575039870507963,False,55,3,0.6666666666666666,2.0,2.0,4.0,0.01818181818181818,"Right direction, too cautious to show"
162850,99229,59016,37417,2019-11-11 00:00:00,12,-2.0,-0.6724756171487709,-1.0,0.15136936911155824,True,96,2,-2.0,2.0,0.0,1.0,0.03125,Evidence pointed the other way
162885,77578,56874,86035,2019-11-11 00:00:00,17,1.0,0.3668284982640693,0.0,0.03391525393080753,False,234,3,0.6666666666666666,2.0,2.0,4.0,0.05555555555555555,"Right direction, too cautious to show"
162902,73306,37922,62304,2019-11-11 00:00:00,13,-1.0,0.027521980317644246,0.0,0.040517938282869585,False,209,7,0.0,3.0,0.0,1.0,0.08133971291866028,Other
163003,122488,59662,37417,2019-11-11 10:46:38,13,-1.0,-0.03550606073177852,-0.0,-0.015470597622714145,False,32,0,0.0,0.0,5.0,12.0,0.03125,"New route, no community evidence"
163086,125050,58218,104659,2019-11-11 21:01:48,12,2.0,0.02889856668860952,0.0,0.02590197809696427,False,47,7,0.0,0.0,2.0,12.0,0.10638297872340426,"Right direction, too cautious to show"
163104,125050,54525,104659,2019-11-11 21:50:57,16,-2.0,0.03775520577753872,0.0,0.04830085757204396,False,48,11,0.0,0.0,0.0,2.0,0.0625,"Lone dissent, no signal anywhere"
163160,31963,58582,38878,2019-11-11 23:45:54,10,2.0,1.1714615007780171,1.0,-0.07902010077564417,True,125,5,2.0,5.0,1.0,1.0,0.064,"Right direction, too few steps"
163161,31963,58585,38885,2019-11-11 23:48:03,13,-1.0,-0.0569336204882786,-0.0,-0.07402809509167224,True,126,2,0.0,0.0,0.0,3.0,0.15079365079365079,"Right direction, too cautious to show"
163180,38884,39229,102621,2019-11-12 00:00:00,14,1.0,-0.10219114436549513,-0.0,-0.07873441315166085,True,48,5,0.0,0.0,0.0,1.0,0.10416666666666667,Other
163297,65503,58582,38878,2019-11-12 07:18:39,10,2.0,1.2869071597212187,1.0,-0.05656224860971667,False,49,6,2.0,6.0,0.0,0.0,0.02040816326530612,"Right direction, too few steps"
163308,115340,58056,107817,2019-11-12 08:32:29,14,-1.0,0.052148863106021015,0.0,0.029792377711816066,False,20,0,0.0,0.0,0.0,2.0,0.0,"New route, no community evidence"
163382,100053,59007,100053,2019-11-12 16:33:23,6,-1.0,-0.003390143940636331,-0.0,-0.047576528751108925,True,143,0,0.0,0.0,0.0,1.0,0.08391608391608392,"New route, no community evidence"
163383,100053,59013,100053,2019-11-12 16:33:29,16,-1.0,-0.1252191142658056,-0.0,-0.053069403833808385,True,144,0,0.0,0.0,0.0,0.0,0.09027777777777778,"New route, no community evidence"
163442,11913,54965,21,2019-11-12 18:43:24,6,1.0,0.28599592129752077,0.0,0.005860624627027258,False,166,5,0.4,2.0,1.0,1.0,0.03614457831325301,"Right direction, too cautious to show"
163445,11913,59470,11941,2019-11-12 18:45:03,15,-1.0,0.006785108155130108,0.0,0.009089952576899072,False,169,0,0.0,0.0,1.0,4.0,0.005917159763313609,"New route, no community evidence"
163457,60881,49554,659,2019-11-12 19:26:46,6,1.0,0.260584645185386,0.0,-0.0214395226118007,False,42,1,1.0,1.0,0.0,1.0,0.047619047619047616,"Right direction, too cautious to show"
163498,25761,59060,101187,2019-11-12 21:02:52,12,2.0,0.7783449367909281,1.0,-0.019024633210724538,False,137,2,2.0,2.0,1.0,2.0,0.021897810218978103,"Right direction, too few steps"
163548,119506,45800,82622,2019-11-12 21:56:28,6,1.0,0.33187628894618476,0.0,-0.004582443117222583,False,35,8,0.375,4.0,2.0,2.0,0.11428571428571428,"Right direction, too cautious to show"
163552,71943,59079,87145,2019-11-12 22:11:20,14,1.0,0.4801360522561487,0.0,0.5918580171310803,True,288,0,0.0,0.0,0.0,3.0,0.4965277777777778,"New route, no community evidence"
163659,89692,37757,59023,2019-11-13 00:00:00,12,1.0,0.04918339307500434,0.0,0.007189842117773008,False,34,24,0.041666666666666664,1.0,0.0,2.0,0.0,"Right direction, too cautious to show"
163661,113783,55056,108170,2019-11-13 00:00:00,12,-2.0,-0.806442244955498,-1.0,0.04701147024284883,False,28,8,-1.125,5.0,0.0,1.0,0.03571428571428571,"Right direction, too few steps"
163683,73358,55864,91522,2019-11-13 04:07:00,14,-2.0,-0.058865862936884256,-0.0,0.03250761832302429,False,148,0,0.0,0.0,0.0,0.0,0.05405405405405406,"New route, no community evidence"
163983,17949,59647,37417,2019-11-13 21:48:06,15,1.0,0.1361754683383181,0.0,0.16078796513542365,True,267,1,0.0,0.0,1.0,11.0,0.1797752808988764,"Right direction, too cautious to show"
163984,17949,59674,37417,2019-11-13 21:49:14,17,-2.0,0.08998505739279569,0.0,0.16359262961133442,True,268,2,0.0,0.0,1.0,9.0,0.026119402985074626,Evidence pointed the other way
164041,56320,54693,37417,2019-11-14 00:00:00,8,-2.0,-0.5210830456896036,-1.0,-0.03388135090924246,False,83,1,-2.0,1.0,2.0,2.0,0.03614457831325301,"Right direction, too few steps"
164096,90070,59826,69446,2019-11-14 00:00:00,16,-1.0,-0.04002619141305594,-0.0,0.02665609133828632,False,68,0,0.0,0.0,1.0,4.0,0.014705882352941176,"New route, no community evidence"
164151,102331,54463,65681,2019-11-14 00:00:00,16,2.0,0.7473234380309418,1.0,-0.04604586553592767,True,200,2,2.0,2.0,0.0,2.0,0.02,"Right direction, too few steps"
164152,102331,54979,66517,2019-11-14 00:00:00,20,1.0,-0.06443999418722218,-0.0,-0.04604586553592767,True,200,0,0.0,0.0,0.0,0.0,0.02,"New route, no community evidence"
164165,6749,46547,64627,2019-11-14 00:00:00,10,-2.0,-0.005162600614473378,-0.0,-0.02611666393831865,False,147,4,0.0,0.0,0.0,0.0,0.061224489795918366,"Lone dissent, no signal anywhere"
164168,6749,51503,64627,2019-11-14 00:00:00,10,-2.0,-0.003694927092392518,-0.0,-0.02611666393831865,False,147,3,0.0,0.0,0.0,2.0,0.061224489795918366,"Lone dissent, no signal anywhere"
164169,6749,49994,64627,2019-11-14 00:00:00,10,2.0,-0.018343404684961186,-0.0,-0.02611666393831865,False,147,5,0.0,0.0,0.0,2.0,0.013605442176870748,"Lone dissent, no signal anywhere"
164176,6749,59216,70048,2019-11-14 00:00:00,10,2.0,0.0028898942762019784,0.0,-0.02611666393831865,False,147,1,0.0,0.0,0.0,4.0,0.013605442176870748,"Lone dissent, no signal anywhere"
164203,68641,59018,139551,2019-11-14 00:13:24,15,1.0,-0.09286003304472107,-0.0,0.010280101353503376,False,82,3,0.0,0.0,0.0,3.0,0.07317073170731707,"Lone dissent, no signal anywhere"
164206,68641,53820,139551,2019-11-14 00:14:14,15,2.0,-0.2067423619004381,-0.0,0.019523744446933392,False,85,8,-0.25,0.0,0.0,4.0,0.08235294117647059,"Lone dissent, no signal anywhere"
164207,68641,52383,139551,2019-11-14 00:14:27,13,2.0,-0.03536532016294075,-0.0,0.03700258057923928,False,86,5,0.0,0.0,0.0,7.0,0.09302325581395349,"Lone dissent, no signal anywhere"
164208,68641,52876,139551,2019-11-14 00:14:46,16,1.0,-0.028521264576748605,-0.0,0.05304695764982192,False,87,4,0.0,0.0,0.0,3.0,0.10344827586206896,Other
164210,68641,52080,139551,2019-11-14 00:15:09,13,2.0,0.008515433136232374,0.0,0.06114843570897281,True,88,5,0.0,0.0,0.0,0.0,0.11363636363636363,"Right direction, too cautious to show"
164238,99030,58835,91522,2019-11-14 01:19:35,14,-1.0,-0.3512362336865701,-0.0,-0.016276139337449702,False,57,1,-1.0,1.0,1.0,1.0,0.05263157894736842,"Right direction, too cautious to show"
164250,94472,58908,89288,2019-11-14 06:00:00,19,1.0,0.010681632591883247,0.0,0.05903782298942884,True,230,4,0.0,0.0,0.0,1.0,0.05652173913043478,"Lone dissent, no signal anywhere"
164251,94472,55706,89286,2019-11-14 06:00:00,19,2.0,0.00041503378599465346,0.0,0.05903782298942884,True,230,2,0.0,0.0,0.0,1.0,0.05652173913043478,"Lone dissent, no signal anywhere"
164257,94390,59905,89289,2019-11-14 06:00:00,8,2.0,0.04829139552537977,0.0,-0.022288418569804267,False,618,0,0.0,0.0,0.0,9.0,0.127831715210356,"New route, no community evidence"
164258,94390,59906,89286,2019-11-14 06:00:00,13,-1.0,-0.05542329067676918,-0.0,-0.022288418569804267,False,618,0,0.0,0.0,1.0,14.0,0.13106796116504854,"New route, no community evidence"
164259,94390,59902,89286,2019-11-14 06:00:00,16,-1.0,-0.08609670568279898,-0.0,-0.022288418569804267,False,618,0,0.0,0.0,2.0,19.0,0.13106796116504854,"New route, no community evidence"
164267,94390,59537,89288,2019-11-14 06:00:00,14,-1.0,-0.0364257104355561,-0.0,-0.022288418569804267,False,618,2,0.0,0.0,0.0,1.0,0.13106796116504854,"Right direction, too cautious to show"
164378,38072,58977,13318,2019-11-14 14:29:05,16,1.0,0.1665480602773164,0.0,0.058693531300578666,True,272,4,0.25,1.0,0.0,5.0,0.08088235294117647,"Right direction, too cautious to show"
164381,119190,59825,42946,2019-11-14 14:49:14,6,1.0,0.15859341758246723,0.0,0.001675499811023448,False,28,0,0.0,0.0,7.0,7.0,0.14285714285714285,"New route, no community evidence"
164395,108172,59424,59023,2019-11-14 16:11:36,10,-1.0,0.023455944331648,0.0,0.021778353188117272,False,51,1,0.0,0.0,0.0,17.0,0.0196078431372549,"Lone dissent, no signal anywhere"
164425,60713,49147,121163,2019-11-14 19:04:53,13,-1.0,-0.3774221582531989,-0.0,-0.028389863454707023,False,53,9,-0.4444444444444444,5.0,3.0,3.0,0.018867924528301886,"Right direction, too cautious to show"
164469,68451,55744,62911,2019-11-14 19:58:01,12,1.0,0.11586694497159528,0.0,0.05683986320245145,True,111,3,0.0,0.0,0.0,5.0,0.24324324324324326,"Right direction, too cautious to show"
164487,37924,44611,43248,2019-11-14 20:17:57,8,-3.0,-1.75340780464806,-2.0,-0.020825680621448923,False,43,4,-3.0,4.0,1.0,1.0,0.09302325581395349,"Right direction, too few steps"
164504,79197,49293,106966,2019-11-14 20:23:58,13,-1.0,0.044768414737108665,0.0,0.002853740932438037,False,222,0,0.0,0.0,1.0,2.0,0.0,"New route, no community evidence"
164522,94782,55983,85027,2019-11-14 20:34:11,13,-1.0,-0.3052297887997168,-0.0,-0.13502167022465653,True,49,3,-0.3333333333333333,1.0,0.0,1.0,0.2653061224489796,"Right direction, too cautious to show"
164544,112478,59476,106704,2019-11-14 21:09:47,14,1.0,0.007856012020142782,0.0,0.031065613179473834,False,82,0,0.0,0.0,0.0,2.0,0.08536585365853659,"New route, no community evidence"
164569,54442,57690,44897,2019-11-14 22:13:50,10,-2.0,0.07738869685731956,0.0,0.020592976229551977,False,117,0,0.0,0.0,0.0,3.0,0.06837606837606838,"New route, no community evidence"
164623,43245,59689,59651,2019-11-14 23:28:49,14,1.0,-0.0823901600443762,-0.0,0.01689912643089897,False,142,0,0.0,0.0,0.0,1.0,0.06338028169014084,"New route, no community evidence"
164649,146855,57494,48834,2019-11-15 00:00:00,13,2.0,-0.02947963453285378,-0.0,0.0,False,0,1,0.0,0.0,0.0,6.0,0.0,"Lone dissent, no signal anywhere"
164664,44689,56472,35109,2019-11-15 00:00:00,15,1.0,0.04982339489624647,0.0,0.06914587719172938,True,346,4,0.0,0.0,0.0,1.0,0.08959537572254335,"Lone dissent, no signal anywhere"
164701,118170,59986,105446,2019-11-15 00:00:00,13,-1.0,-0.32419685138217924,-0.0,-0.004871368947572664,False,28,0,0.0,0.0,11.0,11.0,0.21428571428571427,"New route, no community evidence"
164770,43104,55711,89289,2019-11-15 05:55:52,16,-1.0,0.057816949890113926,0.0,0.055971136866485305,True,281,17,0.0,0.0,0.0,3.0,0.017793594306049824,"Lone dissent, no signal anywhere"
164812,77384,58823,106546,2019-11-15 08:10:17,12,-1.0,-0.20781681285692233,-0.0,-0.07587966962940071,True,130,3,-0.3333333333333333,1.0,0.0,5.0,0.09230769230769231,"Right direction, too cautious to show"
164813,25059,59729,71447,2019-11-15 08:11:26,10,-2.0,0.021751764591192074,0.0,0.0034207362449420703,False,164,1,0.0,0.0,0.0,2.0,0.024390243902439025,"Lone dissent, no signal anywhere"
164814,25059,59730,71447,2019-11-15 08:11:38,10,-2.0,0.0024109180435015233,0.0,-0.006471187933183531,False,165,0,0.0,0.0,0.0,4.0,0.030303030303030304,"New route, no community evidence"
164819,25059,59725,71447,2019-11-15 08:20:43,13,-1.0,-0.0530170728799465,-0.0,-0.01620790890952501,False,167,0,0.0,0.0,0.0,7.0,0.03592814371257485,"New route, no community evidence"
164821,25059,59739,68068,2019-11-15 08:30:20,14,-1.0,-0.052080836750596826,-0.0,-0.020556961352141755,False,169,1,0.0,0.0,1.0,5.0,0.04142011834319527,"Right direction, too cautious to show"
164846,25059,59717,66820,2019-11-15 09:51:15,13,-1.0,-0.034858664645371074,-0.0,-0.024615450823285125,False,174,1,0.0,0.0,0.0,6.0,0.04597701149425287,"Lone dissent, no signal anywhere"
164923,132050,56812,129197,2019-11-15 12:43:29,17,-1.0,-0.1547299136151973,-0.0,0.03521426362722583,False,51,2,-0.5,1.0,1.0,2.0,0.0,"Right direction, too cautious to show"
164927,132050,56630,129197,2019-11-15 12:46:10,15,1.0,0.025441942255917338,0.0,0.019882276699116505,False,55,0,0.0,0.0,0.0,2.0,0.10909090909090909,"New route, no community evidence"
164928,132050,56856,129197,2019-11-15 12:46:57,17,1.0,0.018581164783638436,0.0,0.03003978578427453,False,56,0,0.0,0.0,0.0,1.0,0.125,"New route, no community evidence"
164942,89468,59744,87536,2019-11-15 13:19:52,13,-1.0,0.017262760644746425,0.0,0.048817914578018776,True,251,0,0.0,0.0,0.0,4.0,0.01195219123505976,"New route, no community evidence"
164943,89468,59738,87536,2019-11-15 13:23:57,13,1.0,0.011707769470029048,0.0,0.045334138000468274,True,252,0,0.0,0.0,1.0,3.0,0.07142857142857142,"New route, no community evidence"
164970,121386,58218,104659,2019-11-15 15:02:13,12,2.0,0.23759649161255292,0.0,0.024057849539168667,False,105,11,0.2727272727272727,2.0,0.0,8.0,0.01904761904761905,"Right direction, too cautious to show"
165097,130212,51000,87036,2019-11-15 20:55:08,13,-1.0,-0.010128726810781833,-0.0,-0.014796407498464243,False,52,6,0.0,0.0,0.0,0.0,0.0,"Lone dissent, no signal anywhere"
165101,95270,59650,72763,2019-11-15 21:01:20,14,-1.0,0.06482088395723076,0.0,0.0711986178342065,True,158,0,0.0,0.0,2.0,9.0,0.012658227848101266,"New route, no community evidence"
165103,79586,57636,25544,2019-11-15 21:06:52,13,1.0,0.2538078505620873,0.0,-0.011127552789998415,False,90,1,1.0,1.0,2.0,3.0,0.022222222222222223,"Right direction, too cautious to show"
165120,71943,59766,92074,2019-11-15 21:41:15,8,-2.0,0.6664834250745687,1.0,0.5891555285028165,True,294,0,0.0,0.0,1.0,4.0,0.05102040816326531,"New route, no community evidence"
165156,56458,57519,107783,2019-11-15 22:31:40,14,1.0,0.13648617335468613,0.0,-0.033302340763295954,False,125,2,0.5,1.0,0.0,4.0,0.056,"Right direction, too cautious to show"
165190,123726,59825,42946,2019-11-15 23:22:20,6,1.0,0.3262116214003944,0.0,-0.0422930410432208,False,63,1,1.0,1.0,6.0,6.0,0.09523809523809523,"Right direction, too cautious to show"
165295,66381,55279,39996,2019-11-16 00:00:00,15,-1.0,-0.41288020396802805,-0.0,-0.005343312080530871,False,235,7,-0.5714285714285714,4.0,0.0,5.0,0.00425531914893617,"Right direction, too cautious to show"
165341,79478,49374,87535,2019-11-16 00:00:56,17,1.0,-0.19675315553610814,-0.0,-0.1727617087123161,True,23,2,0.0,0.0,0.0,0.0,0.043478260869565216,"Lone dissent, no signal anywhere"
165343,79478,59720,87535,2019-11-16 00:05:19,18,-1.0,-0.20608950256580533,-0.0,-0.1501806027065028,True,25,1,0.0,0.0,0.0,1.0,0.4,"Right direction, too cautious to show"
165403,69787,56414,107783,2019-11-16 09:52:26,18,-1.0,-0.00646745077570407,-0.0,0.019426240072171266,False,104,4,0.0,0.0,1.0,2.0,0.0,"Early dissent, confirmed later"
165605,108172,54231,105436,2019-11-16 20:18:12,8,2.0,0.025129303419211935,0.0,0.011722955325877802,False,54,7,0.0,0.0,0.0,0.0,0.037037037037037035,"Lone dissent, no signal anywhere"
165665,67570,58676,71304,2019-11-17 00:00:00,13,-1.0,-0.055212061351462983,-0.0,0.10127033292731302,True,170,3,-0.3333333333333333,1.0,2.0,2.0,0.023529411764705882,Evidence pointed the other way
165666,67570,58678,71304,2019-11-17 00:00:00,12,-2.0,-0.7392451701377379,-1.0,0.10127033292731302,True,170,4,-1.5,3.0,2.0,2.0,0.023529411764705882,Evidence pointed the other way
165668,67570,58675,71304,2019-11-17 00:00:00,10,-2.0,-1.017080478667181,-1.0,0.10127033292731302,True,170,4,-2.0,4.0,2.0,3.0,0.023529411764705882,Evidence pointed the other way
165695,101418,53668,92073,2019-11-17 00:00:00,15,-1.0,-0.09434657653518402,-0.0,-0.1295084046864268,True,122,2,0.0,0.0,0.0,2.0,0.09836065573770492,"Lone dissent, no signal anywhere"
165713,66381,55291,39996,2019-11-17 00:00:00,15,-1.0,-0.46794399853807095,-0.0,-0.008098563150325632,False,245,6,-0.6666666666666666,4.0,1.0,3.0,0.00816326530612245,"Right direction, too cautious to show"
165729,21363,58640,91522,2019-11-17 00:00:00,21,-2.0,-0.08892734809339399,-0.0,0.02663774477498949,False,44,2,0.0,0.0,0.0,1.0,0.045454545454545456,"Lone dissent, no signal anywhere"
165730,21363,58642,91522,2019-11-17 00:00:00,15,3.0,-0.09201895187723563,-0.0,0.02663774477498949,False,44,0,0.0,0.0,0.0,0.0,0.06818181818181818,"New route, no community evidence"
165731,21363,58835,91522,2019-11-17 00:00:00,14,-2.0,-0.43889275565053526,-0.0,0.02663774477498949,False,44,2,-1.0,2.0,0.0,0.0,0.045454545454545456,"Right direction, too cautious to show"
165823,115272,58949,109285,2019-11-17 06:00:00,16,-1.0,0.015516234865164173,0.0,-0.025683307482106173,False,55,0,0.0,0.0,1.0,2.0,0.07272727272727272,"New route, no community evidence"
165837,104580,47899,42946,2019-11-17 10:34:38,6,1.0,-0.07448467025006324,-0.0,0.019137618860308004,False,43,13,-0.15384615384615385,5.0,3.0,3.0,0.18604651162790697,Evidence pointed the other way
165943,127122,59256,113761,2019-11-17 15:00:10,13,1.0,0.02431213271283616,0.0,0.012030122334094829,False,24,1,0.0,0.0,2.0,4.0,0.041666666666666664,"Early dissent, confirmed later"
165960,86753,55742,79945,2019-11-17 16:03:32,13,1.0,-0.035691639293970415,-0.0,-0.024912135384827505,False,271,7,0.0,0.0,0.0,2.0,0.0959409594095941,"Lone dissent, no signal anywhere"
165962,86753,57694,113255,2019-11-17 16:04:14,12,1.0,-0.026006305978944252,-0.0,-0.021592610769767248,False,272,5,0.0,0.0,0.0,3.0,0.09926470588235294,"Lone dissent, no signal anywhere"
165964,86753,57696,11059,2019-11-17 16:04:46,17,1.0,-0.03437640889740804,-0.0,-0.01826634260065779,False,274,2,0.0,0.0,0.0,2.0,0.10218978102189781,Other
165972,110394,46917,108807,2019-11-17 16:26:07,18,1.0,0.017977743669850332,0.0,0.022017865281751817,False,46,3,0.0,0.0,0.0,0.0,0.10869565217391304,"Right direction, too cautious to show"
165980,87236,59738,87536,2019-11-17 16:46:31,13,1.0,0.21457516416766095,0.0,0.00039190908422327513,False,131,1,1.0,1.0,0.0,2.0,0.04580152671755725,"Right direction, too cautious to show"
165981,87236,58307,87536,2019-11-17 16:46:59,13,-1.0,-0.22229411539397526,-0.0,0.004958332624320676,False,132,2,-0.5,1.0,0.0,2.0,0.030303030303030304,"Right direction, too cautious to show"
166061,66825,59739,68068,2019-11-17 19:32:24,14,-1.0,-0.2181140320207438,-0.0,0.004486975488256176,False,219,2,-0.5,1.0,0.0,4.0,0.0091324200913242,"Right direction, too cautious to show"
166095,17949,59653,37417,2019-11-17 20:59:12,12,-2.0,0.12934549589263755,0.0,0.15532345474542555,True,274,2,0.0,0.0,0.0,12.0,0.029197080291970802,"Lone dissent, no signal anywhere"
166097,17949,59649,72763,2019-11-17 21:03:29,13,1.0,0.4008891239242902,0.0,0.14856205366438224,True,275,1,1.0,1.0,5.0,8.0,0.1781818181818182,"Right direction, too cautious to show"
166121,65949,59766,92074,2019-11-17 22:50:57,8,-3.0,-0.574697975067337,-1.0,0.028056467372088698,False,129,1,-2.0,1.0,0.0,3.0,0.12403100775193798,"Right direction, too few steps"
166124,65949,55800,70815,2019-11-17 22:51:25,10,-2.0,-1.2580169714531622,-1.0,0.012928603604746087,False,132,6,-2.0,6.0,0.0,4.0,0.12878787878787878,"Right direction, too few steps"
166150,10961,59829,81641,2019-11-18 00:00:00,14,1.0,0.08106509820339086,0.0,0.09573308642232911,True,104,1,0.0,0.0,1.0,5.0,0.18269230769230768,"Right direction, too cautious to show"
166161,20442,59470,11941,2019-11-18 00:00:00,15,-1.0,-0.2503093899491621,-0.0,0.0041409523139324615,False,140,1,-1.0,1.0,0.0,3.0,0.02142857142857143,"Right direction, too cautious to show"
166243,73358,55813,7246,2019-11-18 02:12:48,14,2.0,0.7991155209801375,1.0,0.023616989325785986,False,152,2,2.0,2.0,2.0,2.0,0.05263157894736842,"Right direction, too few steps"
166285,94390,59898,89288,2019-11-18 06:00:00,17,-1.0,-0.047907095788095475,-0.0,-0.023807542577534025,False,630,6,0.0,0.0,0.0,10.0,0.13333333333333333,"Right direction, too cautious to show"
166293,94390,59353,89286,2019-11-18 06:00:00,14,-1.0,-0.020919412569505382,-0.0,-0.023807542577534025,False,630,6,0.0,0.0,0.0,6.0,0.13333333333333333,"Right direction, too cautious to show"
166324,105689,53250,59023,2019-11-18 08:31:19,14,-2.0,-0.12855107110282762,-0.0,-0.03550411525695782,False,59,27,-0.1111111111111111,2.0,0.0,2.0,0.05084745762711865,"Right direction, too cautious to show"
166336,77025,59690,59651,2019-11-18 09:14:35,12,-2.0,-0.14118619569512417,-0.0,-0.07462969279899712,True,80,0,0.0,0.0,0.0,3.0,0.15,"New route, no community evidence"
166338,77025,59687,59651,2019-11-18 09:17:34,8,-2.0,-0.13851191725368805,-0.0,-0.0907268325756638,True,82,0,0.0,0.0,0.0,3.0,0.15853658536585366,"New route, no community evidence"
166345,122488,59649,72763,2019-11-18 10:41:02,13,1.0,0.34896468486204146,0.0,-0.024004499066020268,False,34,2,1.0,2.0,4.0,7.0,0.0,"Right direction, too cautious to show"
166351,744,38928,2588,2019-11-18 11:26:55,6,1.0,0.2656818877261223,0.0,0.004126077072302399,False,130,2,0.5,1.0,0.0,0.0,0.08461538461538462,"Right direction, too cautious to show"
166362,145273,58988,71304,2019-11-18 11:40:32,8,-2.0,-0.5668176577908288,-1.0,-0.09491688270926826,True,21,1,-2.0,1.0,3.0,3.0,0.2857142857142857,"Right direction, too few steps"
166364,145273,58984,71304,2019-11-18 11:41:10,6,-2.0,-0.8780368537293367,-1.0,-0.11661328358630303,True,23,2,-2.0,2.0,1.0,1.0,0.30434782608695654,"Right direction, too few steps"
166372,88637,60048,82215,2019-11-18 12:13:38,16,-1.0,-0.0663475127539658,-0.0,-0.036461172402531924,False,144,1,0.0,0.0,0.0,2.0,0.08333333333333333,"Lone dissent, no signal anywhere"
166395,145084,59853,132130,2019-11-18 14:34:17,13,1.0,0.07161678735211556,0.0,0.004660821098726319,False,49,1,0.0,0.0,0.0,9.0,0.04081632653061224,"Lone dissent, no signal anywhere"
166397,145545,59857,129197,2019-11-18 14:46:44,12,1.0,0.06736453578488817,0.0,0.0338964126207664,False,32,1,0.0,0.0,0.0,13.0,0.15625,"Right direction, too cautious to show"
166402,145084,59854,132130,2019-11-18 15:14:03,13,1.0,0.04088658612232534,0.0,0.014142106903518734,False,52,8,0.0,0.0,1.0,9.0,0.057692307692307696,"Right direction, too cautious to show"
166404,128272,54111,31273,2019-11-18 15:32:15,14,1.0,0.08899057934638083,0.0,0.1260185207706691,True,47,5,0.0,0.0,0.0,5.0,0.2127659574468085,"Right direction, too cautious to show"
166406,128272,49139,121163,2019-11-18 15:34:52,13,1.0,0.20452397903293934,0.0,0.13497714480007572,True,49,10,0.1,1.0,0.0,1.0,0.22448979591836735,"Right direction, too cautious to show"
166422,72308,54684,59023,2019-11-18 15:45:25,19,-1.0,-0.027835486240189534,-0.0,-0.030514857909605262,False,137,5,0.0,0.0,0.0,1.0,0.072992700729927,"Lone dissent, no signal anywhere"
166476,127536,59256,113761,2019-11-18 19:00:20,13,1.0,0.1809277864262119,0.0,-0.02650870154471852,False,136,2,0.5,1.0,1.0,3.0,0.08823529411764706,"Right direction, too cautious to show"
166483,127536,59064,116188,2019-11-18 19:02:41,15,-2.0,-0.04446075352111445,-0.0,-0.021737971789074457,False,141,4,0.0,0.0,0.0,3.0,0.07801418439716312,"Lone dissent, no signal anywhere"
166509,43234,47879,76970,2019-11-18 20:02:35,8,2.0,0.5403447001772044,1.0,-0.04129480442753189,False,69,4,1.0,2.0,0.0,0.0,0.014492753623188406,"Right direction, too few steps"
166538,41144,60100,107783,2019-11-18 20:52:46,13,-1.0,0.013725958749857294,0.0,0.00912423150296932,False,63,0,0.0,0.0,3.0,6.0,0.0,"New route, no community evidence"
166553,82211,60132,82212,2019-11-18 21:16:23,11,1.0,-0.04291708972206837,-0.0,-0.0732248261103839,True,149,0,0.0,0.0,2.0,5.0,0.08053691275167785,"New route, no community evidence"
166554,82211,60130,81680,2019-11-18 21:16:42,15,-1.0,-0.11230552982036679,-0.0,-0.06773578879605723,True,150,0,0.0,0.0,4.0,6.0,0.14,"New route, no community evidence"
166556,15209,60130,81680,2019-11-18 21:19:55,15,-1.0,-0.25398173480217195,-0.0,0.013203758031148666,False,123,1,-1.0,1.0,3.0,5.0,0.12195121951219512,"Right direction, too cautious to show"
166687,17745,60130,81680,2019-11-19 00:00:00,15,-1.0,-0.3857830820454716,-0.0,0.03325361670600066,False,128,2,-1.0,2.0,2.0,4.0,0.140625,"Right direction, too cautious to show"
166690,4417,58304,103283,2019-11-19 00:00:00,11,-2.0,0.08754011121532543,0.0,0.055422871767000816,False,33,3,0.0,0.0,0.0,2.0,0.030303030303030304,"Lone dissent, no signal anywhere"
166707,77578,60295,80418,2019-11-19 00:00:00,15,-2.0,0.01898067609203829,0.0,0.0356241649724841,False,237,0,0.0,0.0,0.0,6.0,0.016877637130801686,"New route, no community evidence"
166722,52926,60307,66386,2019-11-19 00:00:00,10,2.0,0.06853756110256173,0.0,0.05576340928960212,True,263,1,0.0,0.0,2.0,6.0,0.10646387832699619,"Early dissent, confirmed later"
166728,53219,60307,66386,2019-11-19 00:00:00,10,2.0,0.06302895580705602,0.0,0.0502548039940964,True,189,1,0.0,0.0,2.0,6.0,0.07407407407407407,"Early dissent, confirmed later"
166755,119466,54538,87534,2019-11-19 01:00:00,12,1.0,0.09270127180966203,0.0,0.002126955267044024,False,76,6,0.16666666666666666,1.0,0.0,2.0,0.02631578947368421,"Right direction, too cautious to show"
166756,109828,60119,107783,2019-11-19 02:20:12,17,-1.0,-0.01642628806713074,-0.0,0.017572471646070238,False,34,1,0.0,0.0,1.0,5.0,0.0,"Right direction, too cautious to show"
166757,109828,60120,89839,2019-11-19 02:20:43,14,-1.0,0.004115134769815424,0.0,0.004458155362993204,False,35,1,0.0,0.0,1.0,5.0,0.02857142857142857,Other
166782,93089,58989,71304,2019-11-19 06:01:37,14,-1.0,-0.053542482800442104,-0.0,-0.03319599403175589,False,63,1,0.0,0.0,2.0,4.0,0.07936507936507936,"Early dissent, confirmed later"
166791,44892,59656,72763,2019-11-19 07:09:10,13,-1.0,-0.04311743794040758,-0.0,-0.01393530133821712,False,286,3,0.0,0.0,2.0,12.0,0.03496503496503497,"Right direction, too cautious to show"
166800,106244,46686,103987,2019-11-19 07:29:50,15,-1.0,-0.059705733391254054,-0.0,-0.03603992859146616,False,21,12,0.0,0.0,0.0,0.0,0.14285714285714285,"Right direction, too cautious to show"
166844,130366,59647,37417,2019-11-19 13:02:40,15,-1.0,0.09513439365617249,0.0,-0.0021299467247869325,False,110,4,0.25,0.0,0.0,8.0,0.01818181818181818,"Lone dissent, no signal anywhere"
166851,138209,58252,129143,2019-11-19 13:13:30,16,-1.0,-0.1446216035923522,-0.0,-0.005606150513660033,False,23,7,-0.14285714285714285,1.0,0.0,3.0,0.08695652173913043,"Right direction, too cautious to show"
166879,71943,60281,43248,2019-11-19 16:21:11,12,1.0,0.47981038820547217,0.0,0.5810870724770004,True,300,0,0.0,0.0,1.0,3.0,0.49333333333333335,"New route, no community evidence"
166908,108697,58539,108170,2019-11-19 18:21:39,14,1.0,0.37873005291229545,0.0,0.04438856440228283,False,81,2,1.0,2.0,2.0,2.0,0.06172839506172839,"Right direction, too cautious to show"
166909,59485,58691,71304,2019-11-19 18:28:33,6,-1.0,-0.36478205893655913,-0.0,-0.022455408988115447,False,148,2,-1.0,2.0,2.0,2.0,0.02027027027027027,"Right direction, too cautious to show"
166912,101001,58304,103283,2019-11-19 18:30:39,11,1.0,-0.16911646344574877,-0.0,0.10100855178796689,True,90,4,-0.5,0.0,0.0,1.0,0.24444444444444444,Evidence pointed the other way
166940,62645,58693,71304,2019-11-19 19:05:25,12,-2.0,-0.3641240870946719,-0.0,0.015155099853456158,False,161,2,-1.0,1.0,2.0,2.0,0.12422360248447205,"Right direction, too cautious to show"
166948,96851,56272,97324,2019-11-19 19:53:13,15,-3.0,-0.7322282148828703,-1.0,0.00869771203251409,False,105,1,-3.0,1.0,0.0,2.0,0.009523809523809525,"Right direction, too few steps"
166957,100253,50092,41691,2019-11-19 20:01:10,6,1.0,0.38846356663379167,0.0,0.0013011372855106517,False,171,18,0.4444444444444444,8.0,4.0,5.0,0.017543859649122806,"Right direction, too cautious to show"
167000,106491,60307,66386,2019-11-19 21:33:40,10,2.0,0.6572241137260555,1.0,-0.009141186070625662,False,47,3,1.3333333333333333,2.0,0.0,4.0,0.02127659574468085,"Right direction, too few steps"
167004,119466,40669,76774,2019-11-19 21:47:35,8,-1.0,-0.35218863879334594,-0.0,0.009467755431322479,False,80,2,-1.0,2.0,0.0,0.0,0.0625,"Right direction, too cautious to show"
167069,119466,40226,76774,2019-11-19 23:03:44,10,2.0,0.022729189078353862,0.0,0.003806074610166998,False,82,2,0.0,0.0,0.0,0.0,0.036585365853658534,"Lone dissent, no signal anywhere"
167075,100053,56046,8060,2019-11-19 23:14:23,15,-1.0,-0.3391218605158911,-0.0,-0.05766068578079135,True,146,1,-1.0,1.0,0.0,0.0,0.0958904109589041,"Right direction, too cautious to show"
167076,100053,56047,8060,2019-11-19 23:14:31,10,-2.0,-0.07169128762583815,-0.0,-0.06119479353833725,True,147,3,0.0,1.0,0.0,0.0,0.10204081632653061,"Right direction, too cautious to show"
167096,86839,59722,87535,2019-11-19 23:50:34,13,1.0,0.011497119616768485,0.0,0.028842879183089618,False,235,0,0.0,0.0,0.0,5.0,0.02127659574468085,"New route, no community evidence"
167176,57739,50216,92074,2019-11-20 00:00:00,10,-2.0,-0.1243159478218406,-0.0,-0.11573787270648896,True,186,9,0.0,3.0,0.0,0.0,0.15053763440860216,"Right direction, too cautious to show"
167237,146763,57530,48834,2019-11-20 00:00:00,13,-1.0,0.01319667851642505,0.0,0.017103831199143646,False,15,2,0.0,0.0,0.0,6.0,0.06666666666666667,"Lone dissent, no signal anywhere"
167269,45019,46377,82299,2019-11-20 00:00:00,15,2.0,-0.3048323578239476,-0.0,0.03211190884519112,False,130,3,-0.6666666666666666,0.0,0.0,0.0,0.03076923076923077,"Lone dissent, no signal anywhere"
167323,118392,58949,109285,2019-11-20 06:00:00,16,-1.0,-0.2172546870401793,-0.0,-0.0015342009619079115,False,92,1,-1.0,1.0,0.0,1.0,0.0,"Right direction, too cautious to show"
167342,94390,60217,89289,2019-11-20 06:00:00,14,1.0,-0.015917741271567698,-0.0,-0.0262500945120834,True,634,0,0.0,0.0,0.0,12.0,0.12618296529968454,"New route, no community evidence"
167391,60459,60569,115317,2019-11-20 08:45:52,18,1.0,-0.011271614627302272,-0.0,0.03553157173079605,False,21,0,0.0,0.0,0.0,5.0,0.047619047619047616,"New route, no community evidence"
167415,56458,60120,89839,2019-11-20 09:56:04,14,-1.0,-0.23059526630165686,-0.0,-0.02672035767902161,False,129,2,-0.5,1.0,0.0,4.0,0.09302325581395349,"Right direction, too cautious to show"
167437,128116,48463,123676,2019-11-20 11:14:07,18,-2.0,-0.1063453827924137,-0.0,0.01312410703571851,False,113,0,0.0,0.0,0.0,4.0,0.05309734513274336,"New route, no community evidence"
167451,121371,59764,104659,2019-11-20 11:28:28,10,2.0,0.06819801504029434,0.0,0.04440613928769922,False,102,1,0.0,0.0,0.0,3.0,0.12745098039215685,"Right direction, too cautious to show"
167455,121371,51789,73528,2019-11-20 12:16:08,17,-1.0,0.051032108659979675,0.0,0.0579705787480354,True,104,12,0.0,0.0,0.0,0.0,0.04807692307692308,"Lone dissent, no signal anywhere"
167467,47825,59475,106704,2019-11-20 13:57:10,12,1.0,-0.022373983136086274,-0.0,-0.015187345345837586,False,187,3,0.0,0.0,0.0,3.0,0.03208556149732621,"Lone dissent, no signal anywhere"
167560,90344,52336,100394,2019-11-20 17:51:20,13,-1.0,-0.11880994752757063,-0.0,-0.12135518048237091,True,147,15,0.0,0.0,0.0,4.0,0.14965986394557823,"Right direction, too cautious to show"
167606,87533,45800,82622,2019-11-20 19:31:21,6,1.0,0.41450096711979056,0.0,0.02275666420392114,False,85,9,0.4444444444444444,5.0,1.0,1.0,0.11764705882352941,"Right direction, too cautious to show"
167648,77384,60403,103219,2019-11-20 20:39:02,12,-2.0,-0.06710363967137363,-0.0,-0.07970869887763786,True,131,1,0.0,0.0,0.0,4.0,0.09923664122137404,"Lone dissent, no signal anywhere"
167650,61246,60600,62910,2019-11-20 20:50:15,8,-1.0,0.01613831600499139,0.0,-0.05173202238150577,False,68,1,0.0,0.0,1.0,4.0,0.07352941176470588,"Early dissent, confirmed later"
167658,102361,60603,62910,2019-11-20 21:04:22,12,-1.0,-0.19651017683615724,-0.0,-0.00035422862441286375,False,147,1,-1.0,1.0,2.0,2.0,0.05442176870748299,"Right direction, too cautious to show"
167663,93132,50238,119952,2019-11-20 21:10:35,13,-1.0,0.010883948507390936,0.0,-0.012261313550211626,False,28,0,0.0,0.0,2.0,2.0,0.10714285714285714,"New route, no community evidence"
167670,121711,54245,436,2019-11-20 21:18:18,14,-2.0,-0.008458800408228504,-0.0,-0.004583347942328262,False,93,9,0.0,0.0,0.0,5.0,0.010752688172043012,"Lone dissent, no signal anywhere"
167680,102134,60603,62910,2019-11-20 21:28:09,12,-1.0,-0.40786979030441767,-0.0,-0.049428790124120284,True,282,2,-1.0,2.0,1.0,1.0,0.0851063829787234,"Right direction, too cautious to show"
167681,102134,60600,62910,2019-11-20 21:28:43,8,-1.0,-0.19122435206877988,-0.0,-0.05259470171964379,True,283,2,-0.5,1.0,0.0,3.0,0.08833922261484099,"Right direction, too cautious to show"
167684,102134,60602,62910,2019-11-20 21:28:54,13,-2.0,-0.012447039369314416,-0.0,-0.05565691982641593,True,285,1,0.0,0.0,0.0,3.0,0.0912280701754386,"Lone dissent, no signal anywhere"
167801,21363,60687,91522,2019-11-21 00:00:00,22,-3.0,-0.17374054864262667,-0.0,0.011418314727234013,False,52,0,0.0,0.0,4.0,4.0,0.09615384615384616,"New route, no community evidence"
167802,21363,60686,7246,2019-11-21 00:00:00,14,-2.0,-0.009791018092462142,-0.0,0.011418314727234013,False,52,0,0.0,0.0,0.0,3.0,0.09615384615384616,"New route, no community evidence"
167803,21363,52957,7246,2019-11-21 00:00:00,15,1.0,-0.5226184617887893,-1.0,0.011418314727234013,False,52,3,-1.0,0.0,1.0,1.0,0.07692307692307693,"Early dissent, confirmed later"
167829,19390,39894,100870,2019-11-21 00:00:00,17,-1.0,-0.023682567249085608,-0.0,-0.017403428597148902,False,23,13,0.0,0.0,0.0,0.0,0.043478260869565216,"Lone dissent, no signal anywhere"
167846,93146,60806,43301,2019-11-21 00:00:00,17,-2.0,-0.005456156063344618,-0.0,-0.0029091209547372236,False,304,0,0.0,0.0,1.0,14.0,0.039473684210526314,"New route, no community evidence"
167852,67570,58685,66603,2019-11-21 00:00:00,6,-1.0,0.1308041682661052,0.0,0.08637373533776552,True,177,3,0.0,0.0,0.0,3.0,0.03954802259887006,"Lone dissent, no signal anywhere"
167857,67570,58985,71304,2019-11-21 00:00:00,14,-1.0,0.3127052132940905,0.0,0.08637373533776552,True,177,1,1.0,0.0,1.0,2.0,0.03954802259887006,"Early dissent, confirmed later"
167876,85918,40713,82622,2019-11-21 00:00:00,9,2.0,1.0212510992139794,1.0,-0.002601651655111471,False,65,13,1.2307692307692308,11.0,0.0,2.0,0.09230769230769231,"Right direction, too few steps"
167919,17745,60652,82212,2019-11-21 00:00:00,19,-1.0,-0.017329298868998838,-0.0,0.03047076799699336,False,130,0,0.0,0.0,2.0,3.0,0.14615384615384616,"New route, no community evidence"
167920,17745,60649,82212,2019-11-21 00:00:00,12,1.0,0.05059095544188725,0.0,0.03047076799699336,False,130,1,0.0,0.0,0.0,6.0,0.17692307692307693,"Right direction, too cautious to show"
167921,82211,60050,103139,2019-11-21 00:00:00,21,-1.0,-0.12416795647039114,-0.0,-0.07050965725095112,True,152,0,0.0,0.0,0.0,1.0,0.14473684210526316,"New route, no community evidence"
167922,43245,59688,59651,2019-11-21 00:00:00,15,1.0,-0.11202408026074623,-0.0,0.022770830919047125,False,145,0,0.0,0.0,0.0,0.0,0.06896551724137931,"New route, no community evidence"
167923,111110,33361,102621,2019-11-21 00:00:00,15,2.0,0.727474852635482,1.0,0.6816999155101614,True,100,4,0.0,0.0,0.0,0.0,0.69,"Right direction, too few steps"
167949,89319,40211,87535,2019-11-21 00:58:39,14,-2.0,-0.09430393137457993,-0.0,-0.07590742725647918,True,111,5,0.0,0.0,0.0,0.0,0.17117117117117117,"Right direction, too cautious to show"
167979,88637,60132,82212,2019-11-21 07:33:18,11,1.0,0.15429858489176218,0.0,-0.04103049142187177,False,145,3,0.3333333333333333,1.0,1.0,2.0,0.05517241379310345,"Right direction, too cautious to show"
168124,77905,60816,43301,2019-11-21 17:55:09,14,-1.0,0.009815190319685202,0.0,-0.00490300728016185,False,381,2,0.0,0.0,0.0,18.0,0.05511811023622047,"Lone dissent, no signal anywhere"
168163,56033,60579,115317,2019-11-21 20:32:15,14,1.0,0.0161280924155561,0.0,0.02888244204238731,False,150,1,0.0,0.0,0.0,7.0,0.12,"Right direction, too cautious to show"
168209,56458,60119,107783,2019-11-21 21:19:25,17,-1.0,-0.26114115796965925,-0.0,-0.030761560607963992,False,131,2,-0.5,1.0,0.0,4.0,0.09923664122137404,"Right direction, too cautious to show"
168210,56458,59277,107783,2019-11-21 21:21:08,12,-2.0,-0.038370095326935354,-0.0,-0.035057251642612815,False,132,3,0.0,0.0,0.0,3.0,0.10606060606060606,"Right direction, too cautious to show"
168221,28263,59060,101187,2019-11-21 21:38:25,12,2.0,1.0519031977889988,1.0,0.1913661253738667,True,117,4,1.5,3.0,0.0,0.0,0.23076923076923078,"Right direction, too few steps"
168222,28263,53232,121163,2019-11-21 21:39:50,15,2.0,0.11471216050103734,0.0,0.19735814905851823,True,118,11,-0.09090909090909091,0.0,0.0,0.0,0.23728813559322035,Evidence pointed the other way
168253,38072,52478,43301,2019-11-21 22:26:07,16,1.0,0.043601538964195996,0.0,0.060166848466331586,True,277,8,0.0,0.0,0.0,1.0,0.08303249097472924,"Lone dissent, no signal anywhere"
168255,35017,61005,71304,2019-11-21 22:28:17,13,-1.0,0.111522014349227,0.0,0.11730927345417393,True,187,0,0.0,0.0,2.0,6.0,0.0374331550802139,"New route, no community evidence"
168278,66825,44786,106966,2019-11-21 23:00:40,17,1.0,0.0011673316574315057,0.0,0.0014662197295514684,False,226,1,0.0,0.0,0.0,0.0,0.01327433628318584,"Lone dissent, no signal anywhere"
168283,105221,46683,82647,2019-11-21 23:18:40,15,1.0,0.09302086056221695,0.0,-0.0261736293988429,False,184,12,0.16666666666666666,1.0,0.0,3.0,0.059782608695652176,"Right direction, too cautious to show"
168351,109645,58989,71304,2019-11-22 00:00:00,14,-1.0,-0.2406134658961237,-0.0,-0.026919155411552622,False,240,2,-0.5,1.0,1.0,3.0,0.029166666666666667,"Right direction, too cautious to show"
168406,19965,58539,108170,2019-11-22 00:00:00,14,1.0,0.4410205183357738,0.0,0.0029230107564072218,False,23,3,1.0,3.0,1.0,1.0,0.043478260869565216,"Right direction, too cautious to show"
168437,109645,58985,71304,2019-11-22 00:00:00,14,-1.0,-0.06400231975277398,-0.0,-0.026919155411552622,False,240,2,0.0,1.0,0.0,1.0,0.029166666666666667,"Right direction, too cautious to show"
168438,109645,58687,71304,2019-11-22 00:00:00,15,-1.0,-0.45652859619572733,-0.0,-0.026919155411552622,False,240,2,-1.0,1.0,0.0,1.0,0.029166666666666667,"Right direction, too cautious to show"
168490,94390,60218,143092,2019-11-22 06:00:00,15,1.0,-0.054242564808863816,-0.0,-0.024953398781543557,True,636,1,0.0,0.0,2.0,4.0,0.12735849056603774,"Early dissent, confirmed later"
168492,94390,61025,89286,2019-11-22 06:00:00,12,-2.0,-0.033311483301238454,-0.0,-0.024953398781543557,True,636,1,0.0,0.0,0.0,13.0,0.13522012578616352,"Right direction, too cautious to show"
168493,94390,60378,89289,2019-11-22 06:00:00,16,-1.0,-0.021775336433486496,-0.0,-0.024953398781543557,True,636,2,0.0,0.0,0.0,10.0,0.13522012578616352,"Right direction, too cautious to show"
168617,71943,60879,92074,2019-11-22 12:33:13,10,3.0,0.6121640651814977,1.0,0.5796779998491461,True,302,1,0.0,0.0,0.0,4.0,0.49337748344370863,"Right direction, too few steps"
168622,73715,60880,70815,2019-11-22 13:09:56,6,-1.0,-0.07591446525427377,-0.0,-0.15979431283227236,True,69,0,0.0,0.0,5.0,6.0,0.18840579710144928,"New route, no community evidence"
168625,49332,60292,16618,2019-11-22 13:14:06,14,-1.0,-0.0089320425422858,-0.0,-0.007696144261092526,False,53,0,0.0,0.0,1.0,5.0,0.018867924528301886,"New route, no community evidence"
168652,130366,59650,72763,2019-11-22 14:25:42,14,-1.0,-0.3796940359020485,-0.0,-0.008625639290388927,False,114,3,-0.6666666666666666,2.0,0.0,6.0,0.02631578947368421,"Right direction, too cautious to show"
168693,130366,59656,72763,2019-11-22 16:08:47,13,-1.0,-0.26339370407124185,-0.0,-0.012624508595738269,False,115,6,-0.3333333333333333,2.0,0.0,9.0,0.034782608695652174,"Right direction, too cautious to show"
168707,77025,61013,59651,2019-11-22 16:30:36,10,2.0,-0.16950694304368305,-0.0,-0.09675785314206438,True,84,0,0.0,0.0,1.0,2.0,0.047619047619047616,"New route, no community evidence"
168708,77025,61009,59651,2019-11-22 16:32:16,15,-2.0,-0.18012198572232405,-0.0,-0.07940179759771492,True,85,0,0.0,0.0,0.0,1.0,0.16470588235294117,"New route, no community evidence"
168751,121716,36546,59023,2019-11-22 18:56:03,13,1.0,0.025572944738656508,0.0,-0.022840867999640087,False,16,23,0.043478260869565216,1.0,0.0,1.0,0.0,"Right direction, too cautious to show"
168759,119466,46164,87537,2019-11-22 19:25:41,12,2.0,0.029228656984965563,0.0,0.020056968940976676,False,85,4,0.0,0.0,0.0,1.0,0.047058823529411764,"Lone dissent, no signal anywhere"
168833,127249,60182,123688,2019-11-22 21:51:06,14,1.0,-0.021291294253235882,-0.0,-0.026617838757120513,False,35,4,0.0,0.0,0.0,6.0,0.08571428571428572,"Lone dissent, no signal anywhere"
168836,119466,59744,87536,2019-11-22 21:56:41,13,2.0,-0.1607612468322578,-0.0,0.035467587311842665,False,87,3,-0.3333333333333333,0.0,0.0,1.0,0.05747126436781609,"Lone dissent, no signal anywhere"
168869,111110,57383,102621,2019-11-22 23:00:58,16,2.0,0.7725500357066382,1.0,0.6918700245535814,True,102,0,0.0,0.0,1.0,2.0,0.696078431372549,"New route, no community evidence"
168875,11953,31672,57680,2019-11-22 23:11:20,10,2.0,0.21057941884294892,0.0,0.04519037052849639,True,206,5,0.4,1.0,0.0,2.0,0.07766990291262135,"Right direction, too cautious to show"
168945,82214,60132,82212,2019-11-23 00:00:00,11,1.0,0.3802260612744569,0.0,0.06195734411655549,True,93,4,0.5,2.0,0.0,1.0,0.23655913978494625,"Right direction, too cautious to show"
168971,57739,52491,43248,2019-11-23 00:00:00,18,1.0,-0.2743686685193948,-0.0,-0.1248604989066252,True,189,0,0.0,0.0,0.0,0.0,0.047619047619047616,"New route, no community evidence"
169079,117613,60385,89286,2019-11-23 06:00:00,14,-2.0,-0.002798379058394312,-0.0,0.013016390032407803,False,65,2,0.0,0.0,2.0,12.0,0.015384615384615385,"Right direction, too cautious to show"
169098,21774,59662,37417,2019-11-23 08:21:01,13,-1.0,-0.14487277352653768,-0.0,-0.008321258999139708,False,149,6,-0.16666666666666666,1.0,4.0,6.0,0.026845637583892617,"Right direction, too cautious to show"
169104,92604,60100,107783,2019-11-23 09:29:45,13,-1.0,-0.214373287637688,-0.0,-0.00847253925518475,False,190,2,-0.5,1.0,2.0,4.0,0.031578947368421054,"Right direction, too cautious to show"
169120,112478,61064,98418,2019-11-23 12:29:15,13,-1.0,0.00842071846504418,0.0,0.03591165182279787,False,87,0,0.0,0.0,0.0,4.0,0.08045977011494253,"New route, no community evidence"
169152,101956,60330,86753,2019-11-23 14:26:45,22,2.0,-0.053155861078428054,-0.0,0.012964659619744974,False,169,0,0.0,0.0,0.0,0.0,0.07100591715976332,"New route, no community evidence"
169167,77905,60814,38040,2019-11-23 14:59:54,12,1.0,0.006870107128441435,0.0,-0.00680670819400903,False,383,2,0.0,0.0,1.0,22.0,0.06266318537859007,"Right direction, too cautious to show"
169241,81780,60807,38040,2019-11-23 17:39:13,14,1.0,0.16278637665460072,0.0,0.15974117359085677,True,131,3,0.0,0.0,1.0,22.0,0.17557251908396945,"Right direction, too cautious to show"
169244,81780,60837,38040,2019-11-23 17:39:45,12,2.0,0.17257104763370568,0.0,0.16461774156177836,True,132,6,0.0,0.0,2.0,12.0,0.18181818181818182,"Right direction, too cautious to show"
169246,81780,61108,13318,2019-11-23 17:40:21,14,1.0,0.1712385076861261,0.0,0.17517889227383016,True,133,1,0.0,0.0,0.0,17.0,0.18796992481203006,"Right direction, too cautious to show"
169251,128952,60807,38040,2019-11-23 17:40:52,14,1.0,0.1517485307865549,0.0,0.02756030806666991,False,51,4,0.25,1.0,0.0,21.0,0.058823529411764705,"Right direction, too cautious to show"
169322,89319,53490,87535,2019-11-23 22:17:25,14,1.0,-0.045978187963375015,-0.0,-0.08744200550739716,True,112,13,0.07692307692307693,1.0,0.0,1.0,0.07142857142857142,Other
169328,89319,47178,87535,2019-11-23 22:22:16,13,-1.0,-0.09384197481043638,-0.0,-0.07802144439588626,True,115,10,0.0,0.0,0.0,0.0,0.17391304347826086,"Right direction, too cautious to show"
169329,89319,49370,87535,2019-11-23 22:22:38,15,-1.0,-0.10579877568909846,-0.0,-0.08380776038643237,True,116,10,0.0,0.0,0.0,1.0,0.1810344827586207,"Right direction, too cautious to show"
169330,77384,60971,103219,2019-11-23 22:58:52,6,1.0,-0.005848934946671033,-0.0,-0.08806853546578894,True,135,0,0.0,0.0,1.0,1.0,0.044444444444444446,"New route, no community evidence"
169359,67570,58691,71304,2019-11-24 00:00:00,6,-1.0,-0.3772758110371496,-0.0,0.07858441728125194,True,181,3,-1.0,3.0,1.0,1.0,0.049723756906077346,"Right direction, too cautious to show"
169360,67570,58988,71304,2019-11-24 00:00:00,8,-2.0,-0.6856424649791582,-1.0,0.07858441728125194,True,181,2,-2.0,2.0,2.0,2.0,0.049723756906077346,"Right direction, too few steps"
169362,67570,58693,71304,2019-11-24 00:00:00,12,-2.0,-0.5800635034634822,-1.0,0.07858441728125194,True,181,3,-1.3333333333333333,2.0,1.0,1.0,0.049723756906077346,"Right direction, too few steps"
169422,44689,59674,37417,2019-11-24 00:00:00,17,-1.0,-0.1424307843742644,-0.0,0.07421747371901959,True,360,9,-0.2222222222222222,1.0,0.0,2.0,0.027777777777777776,"Right direction, too cautious to show"
169425,21363,55813,7246,2019-11-24 00:00:00,14,2.0,0.9613410649370069,1.0,-0.015118890046604194,False,55,3,2.0,3.0,1.0,1.0,0.09090909090909091,"Right direction, too few steps"
169469,46806,55563,76970,2019-11-24 00:00:00,6,-2.0,-0.2874030377219808,-0.0,-0.011398064853192589,False,147,3,-0.6666666666666666,1.0,0.0,4.0,0.034013605442176874,"Right direction, too cautious to show"
169491,41062,60809,38040,2019-11-24 00:00:00,15,1.0,-0.04275452234741821,-0.0,-0.009459686600288125,False,157,3,0.0,0.0,0.0,14.0,0.01910828025477707,"Lone dissent, no signal anywhere"
169518,95078,61026,89286,2019-11-24 06:00:00,17,-2.0,-0.3549716182874671,-0.0,-0.1106849468808231,True,108,2,-0.5,1.0,1.0,11.0,0.16666666666666666,"Right direction, too cautious to show"
169519,95078,61028,89289,2019-11-24 06:00:00,10,2.0,-0.06608290630762359,-0.0,-0.1106849468808231,True,108,1,0.0,0.0,1.0,10.0,0.07407407407407407,Evidence pointed the other way
169520,95078,61029,89289,2019-11-24 06:00:00,19,-2.0,-0.13399628524130994,-0.0,-0.1106849468808231,True,108,2,0.0,0.0,1.0,9.0,0.16666666666666666,"Right direction, too cautious to show"
169521,95078,60385,89286,2019-11-24 06:00:00,14,-1.0,-0.458363338786854,-0.0,-0.1106849468808231,True,108,3,-0.6666666666666666,1.0,1.0,11.0,0.16666666666666666,"Right direction, too cautious to show"
169523,95078,60379,89289,2019-11-24 06:00:00,20,-2.0,-0.16587925984317214,-0.0,-0.1106849468808231,True,108,1,0.0,0.0,0.0,5.0,0.16666666666666666,"Right direction, too cautious to show"
169545,115272,60161,109105,2019-11-24 06:00:00,14,-1.0,-0.027597065886409134,-0.0,-0.031767627765810234,False,60,1,0.0,0.0,0.0,0.0,0.08333333333333333,"Lone dissent, no signal anywhere"
169582,110137,51971,108807,2019-11-24 09:28:22,10,-1.0,0.29098800274830783,0.0,0.1502070847195025,True,24,5,0.2,0.0,0.0,1.0,0.08333333333333333,"Lone dissent, no signal anywhere"
169598,15209,60648,82212,2019-11-24 12:32:18,14,1.0,0.000629004451988012,0.0,0.006998588795806741,False,126,2,0.0,0.0,1.0,4.0,0.1746031746031746,"Early dissent, confirmed later"
169600,110052,52286,98418,2019-11-24 12:38:08,14,-1.0,0.02470594062096409,0.0,0.03888078002111668,False,58,6,0.0,0.0,0.0,0.0,0.1896551724137931,Other
169603,110052,59502,106708,2019-11-24 12:44:38,13,1.0,0.0006384454514160095,0.0,0.027602494922454722,False,61,1,0.0,0.0,0.0,0.0,0.19672131147540983,"Right direction, too cautious to show"
169605,110052,58862,106708,2019-11-24 12:45:33,15,-2.0,0.01589833262161421,0.0,0.037400157322570855,False,62,3,0.0,0.0,0.0,0.0,0.1935483870967742,Other
169614,60479,61558,56344,2019-11-24 13:34:14,14,-2.0,-0.003999099796018479,-0.0,0.0009916496585236961,False,98,0,0.0,0.0,0.0,11.0,0.12244897959183673,"New route, no community evidence"
169677,81768,60651,108344,2019-11-24 16:46:16,6,2.0,0.09822222909003844,0.0,0.04571838399721931,True,328,0,0.0,0.0,1.0,3.0,0.10975609756097561,"New route, no community evidence"
169683,89319,53494,87535,2019-11-24 16:58:57,12,1.0,-0.10859937281457399,-0.0,-0.08935282132251993,True,117,10,0.0,0.0,0.0,2.0,0.07692307692307693,"Lone dissent, no signal anywhere"
169697,121307,60528,87536,2019-11-24 17:19:35,6,1.0,0.04070277184707119,0.0,0.012220649858359644,False,99,1,0.0,0.0,1.0,1.0,0.0,"Early dissent, confirmed later"
169698,121307,60529,87536,2019-11-24 17:19:47,12,1.0,0.00374975964879291,0.0,0.01907244813610341,False,100,1,0.0,0.0,0.0,0.0,0.01,"Lone dissent, no signal anywhere"
169731,111110,61658,102621,2019-11-24 19:21:24,12,2.0,0.8217907095387401,1.0,0.6983858136234996,True,103,0,0.0,0.0,0.0,0.0,0.6990291262135923,"New route, no community evidence"
169732,78954,45739,105820,2019-11-24 19:22:56,6,-1.0,0.6986407933560108,1.0,0.030812263979447578,False,55,14,0.7857142857142857,0.0,0.0,0.0,0.05454545454545454,"Lone dissent, no signal anywhere"
169737,111110,47827,102621,2019-11-24 19:39:37,8,2.0,1.0479520583549242,1.0,0.7065678225850361,True,104,4,0.5,1.0,0.0,0.0,0.7019230769230769,"Right direction, too few steps"
169738,111110,33364,102621,2019-11-24 19:42:53,12,2.0,0.9445173416667396,1.0,0.7131417078813024,True,105,3,0.3333333333333333,1.0,0.0,0.0,0.7047619047619048,"Right direction, too few steps"
169739,111110,29251,102621,2019-11-24 19:43:41,12,2.0,0.8421122628784169,1.0,0.7203855224293658,True,106,7,0.14285714285714285,1.0,0.0,0.0,0.7075471698113207,"Right direction, too few steps"
169741,111110,29258,102621,2019-11-24 19:44:24,12,2.0,0.8190970756517372,1.0,0.7282838797053889,True,107,3,0.0,0.0,0.0,0.0,0.7102803738317757,"Right direction, too few steps"
169799,31373,60100,107783,2019-11-24 21:37:38,13,1.0,-0.24804011129144526,-0.0,0.09158022547299978,True,145,3,-0.6666666666666666,0.0,0.0,3.0,0.08275862068965517,"Lone dissent, no signal anywhere"
169827,55657,49164,43301,2019-11-25 00:00:00,15,1.0,0.09774933136785977,0.0,-0.017272021306069668,False,189,15,0.13333333333333333,2.0,0.0,2.0,0.026455026455026454,"Right direction, too cautious to show"
169828,10961,61132,80125,2019-11-25 00:00:00,15,1.0,0.07525129021797995,0.0,0.10194225411587328,True,106,1,0.0,0.0,0.0,2.0,0.18867924528301888,"Right direction, too cautious to show"
169829,10961,61131,69446,2019-11-25 00:00:00,13,1.0,0.06274335366011086,0.0,0.10194225411587328,True,106,1,0.0,0.0,0.0,7.0,0.18867924528301888,"Right direction, too cautious to show"
169846,31126,60879,92074,2019-11-25 00:00:00,10,-2.0,0.3355001478974002,0.0,-0.1238071564366205,True,30,3,1.0,0.0,0.0,2.0,0.26666666666666666,Evidence pointed the other way
169894,93146,61108,13318,2019-11-25 00:00:00,14,-1.0,0.10975565524261928,0.0,-0.0070232794197601246,False,307,4,0.25,0.0,0.0,14.0,0.04234527687296417,"Lone dissent, no signal anywhere"
169914,17745,61289,82214,2019-11-25 00:00:00,16,-1.0,0.035713722573892645,0.0,0.03060702990237675,False,132,0,0.0,0.0,1.0,5.0,0.15151515151515152,"New route, no community evidence"
169947,94390,60385,89286,2019-11-25 06:00:00,14,-1.0,-0.4501903808607137,-0.0,-0.026748705990980486,True,641,4,-0.75,2.0,0.0,10.0,0.1372854914196568,"Right direction, too cautious to show"
169967,147800,59669,106966,2019-11-25 06:56:30,19,-1.0,-0.19933970850736665,-0.0,-0.1746412183360475,True,46,2,0.0,0.0,0.0,1.0,0.21739130434782608,"Right direction, too cautious to show"
169975,32923,60292,16618,2019-11-25 08:13:46,14,1.0,-0.2199630266636483,-0.0,0.030888502017698466,False,61,1,-1.0,0.0,2.0,4.0,0.06557377049180328,"Early dissent, confirmed later"
170036,89246,61117,37417,2019-11-25 16:57:44,18,-1.0,-0.06485539717981145,-0.0,0.011145246179965311,False,220,0,0.0,0.0,0.0,1.0,0.05909090909090909,"New route, no community evidence"
170053,54442,61410,44897,2019-11-25 17:52:13,15,2.0,0.38724404245899385,0.0,0.002551487989696075,False,122,2,1.0,1.0,4.0,6.0,0.09016393442622951,"Right direction, too cautious to show"
170057,127536,61254,113761,2019-11-25 18:12:50,15,1.0,-0.04068007645589308,-0.0,-0.030655294074512934,False,151,0,0.0,0.0,2.0,10.0,0.08609271523178808,"New route, no community evidence"
170062,90013,61019,37719,2019-11-25 18:19:12,6,2.0,0.06577454324130938,0.0,0.049630076679484415,False,25,0,0.0,0.0,1.0,1.0,0.04,"New route, no community evidence"
170067,92963,59654,80418,2019-11-25 18:50:27,15,-1.0,-0.03625118133555706,-0.0,-0.023961906941905524,False,249,2,0.0,0.0,0.0,1.0,0.04819277108433735,"Lone dissent, no signal anywhere"
170109,54050,58985,71304,2019-11-25 21:00:29,14,1.0,0.15325909925978673,0.0,0.3475158289027204,True,203,3,-0.3333333333333333,1.0,0.0,0.0,0.31527093596059114,Evidence pointed the other way
170111,54050,58984,71304,2019-11-25 21:00:49,6,-2.0,-0.6062396463100577,-1.0,0.35168919507080115,True,205,3,-2.0,3.0,0.0,0.0,0.03414634146341464,Evidence pointed the other way
170113,140657,55708,89288,2019-11-25 21:12:33,21,2.0,0.026121579755454205,0.0,0.09544096298653217,True,63,2,0.0,0.0,1.0,1.0,0.07936507936507936,"Early dissent, confirmed later"
170117,28263,59616,128128,2019-11-25 21:22:26,14,1.0,0.19513865011408815,0.0,0.20763876775010406,True,119,3,0.0,0.0,0.0,0.0,0.24369747899159663,"Right direction, too cautious to show"
170120,28263,54154,128128,2019-11-25 21:22:50,18,1.0,0.1764844383663577,0.0,0.21266886436168853,True,120,1,0.0,0.0,1.0,2.0,0.25,"Early dissent, confirmed later"
170158,114060,56639,132130,2019-11-25 21:51:37,15,2.0,0.09624059315387032,0.0,0.029100815754057374,False,88,1,0.0,0.0,0.0,0.0,0.14772727272727273,"Right direction, too cautious to show"
170159,114060,56806,129197,2019-11-25 21:52:05,13,2.0,0.14567188636747863,0.0,0.04386126665853539,False,89,9,0.1111111111111111,1.0,0.0,2.0,0.15730337078651685,"Right direction, too cautious to show"
170161,36208,61276,127180,2019-11-25 22:02:05,15,2.0,0.12538123064734358,0.0,0.04375177138732527,False,61,0,0.0,0.0,3.0,4.0,0.09836065573770492,"New route, no community evidence"
170166,54442,61276,127180,2019-11-25 22:16:14,15,2.0,0.5806992545052322,1.0,0.01522614118614348,False,125,1,2.0,1.0,2.0,3.0,0.096,"Right direction, too few steps"
170177,71943,51033,87145,2019-11-25 22:25:56,6,2.0,0.6133661766968745,1.0,0.5861547919567818,True,305,6,0.0,0.0,0.0,2.0,0.4918032786885246,"Right direction, too few steps"
170180,71943,52275,92074,2019-11-25 22:27:11,8,2.0,0.6719968156963052,1.0,0.5888892721754349,True,307,3,0.0,0.0,0.0,2.0,0.49185667752442996,"Right direction, too few steps"
170211,77905,60837,38040,2019-11-25 22:53:01,12,1.0,0.139830684104726,0.0,-0.0064527137084468625,False,389,10,0.2,1.0,1.0,8.0,0.06426735218508997,"Right direction, too cautious to show"
170238,76368,43101,115645,2019-11-25 23:34:04,14,-2.0,-1.0510252761997843,-1.0,0.016108779678709377,False,93,3,-2.0,3.0,0.0,1.0,0.053763440860215055,"Right direction, too few steps"
170240,53494,49954,37430,2019-11-25 23:55:06,15,-2.0,-1.0114004827771985,-1.0,0.007271239891144799,False,329,5,-1.6,4.0,0.0,0.0,0.03343465045592705,"Right direction, too few steps"
170245,71818,60292,16618,2019-11-26 00:00:00,14,-1.0,-0.012363807672084778,-0.0,-0.0070777759976566774,False,33,2,0.0,1.0,0.0,3.0,0.0,"Right direction, too cautious to show"
170305,71818,61475,26668,2019-11-26 00:00:00,13,-1.0,0.0227927465490355,0.0,-0.0070777759976566774,False,33,0,0.0,0.0,1.0,3.0,0.0,"New route, no community evidence"
170361,146780,60974,37430,2019-11-26 00:00:00,15,-1.0,-0.029922913087200638,-0.0,0.013083854526826854,False,59,0,0.0,0.0,3.0,7.0,0.0,"New route, no community evidence"
170376,37989,47319,84997,2019-11-26 00:00:00,8,2.0,0.16939838225181425,0.0,0.08179698756756808,True,145,3,0.0,0.0,0.0,3.0,0.09655172413793103,"Lone dissent, no signal anywhere"
170456,48855,60528,87536,2019-11-26 01:00:00,6,1.0,0.23631029034679193,0.0,0.012356471197414854,False,209,2,0.5,1.0,0.0,0.0,0.023923444976076555,"Right direction, too cautious to show"
170467,4019,61475,26668,2019-11-26 04:56:17,13,-1.0,-0.2528896723637393,-0.0,-0.01761029328745492,False,74,1,-1.0,1.0,0.0,2.0,0.04054054054054054,"Right direction, too cautious to show"
170470,75821,61231,65777,2019-11-26 05:24:01,18,2.0,-0.06699622893630391,-0.0,-0.00432461897592842,False,483,0,0.0,0.0,0.0,1.0,0.002070393374741201,"New route, no community evidence"
170501,142220,56943,129969,2019-11-26 06:10:56,10,-2.0,-0.07667708604486938,-0.0,0.03087254873672324,False,17,15,-0.13333333333333333,1.0,0.0,1.0,0.0,"Right direction, too cautious to show"
170516,111302,61237,62910,2019-11-26 06:50:14,15,-1.0,0.07036475074078186,0.0,0.04304737209065913,False,94,0,0.0,0.0,3.0,3.0,0.031914893617021274,"New route, no community evidence"
170524,70963,61279,127180,2019-11-26 07:50:50,13,1.0,0.33142743622137266,0.0,0.045099564251348104,False,43,2,0.5,1.0,0.0,4.0,0.09302325581395349,"Right direction, too cautious to show"
170525,70963,61276,127180,2019-11-26 07:51:45,15,2.0,0.9223476146629841,1.0,0.0553602213685376,False,44,2,2.0,2.0,1.0,2.0,0.11363636363636363,"Right direction, too few steps"
170552,102469,57636,25544,2019-11-26 11:02:56,13,1.0,0.4171141048689665,0.0,0.0011670605739786766,False,28,2,1.0,2.0,1.0,2.0,0.03571428571428571,"Right direction, too cautious to show"
170569,60479,61550,56344,2019-11-26 13:33:08,14,-1.0,-0.020264097073833233,-0.0,-0.01000817396181334,False,99,0,0.0,0.0,0.0,10.0,0.13131313131313133,"New route, no community evidence"
170571,137884,58248,130268,2019-11-26 13:33:30,15,-1.0,-0.0933643601210539,-0.0,0.019491673826083123,False,19,7,-0.14285714285714285,1.0,0.0,7.0,0.05263157894736842,"Right direction, too cautious to show"
170602,88050,61087,85986,2019-11-26 17:10:42,13,-1.0,0.025842910185513938,0.0,-0.014736854844730867,False,665,1,0.0,0.0,0.0,1.0,0.02706766917293233,"Lone dissent, no signal anywhere"
170626,86753,58562,79945,2019-11-26 18:29:00,10,-2.0,-0.012250835501650858,-0.0,-0.01571577827149821,False,277,5,0.0,0.0,0.0,2.0,0.09386281588447654,"Lone dissent, no signal anywhere"
170627,86753,58563,11059,2019-11-26 18:29:22,15,1.0,-0.023624011871872817,-0.0,-0.02196653558886699,False,278,4,0.0,0.0,0.0,0.0,0.10431654676258993,Other
170629,86753,58972,79945,2019-11-26 18:29:55,15,1.0,-0.03815450521180505,-0.0,-0.018758169463812042,False,279,4,0.0,0.0,0.0,1.0,0.10752688172043011,Other
170631,86753,58973,113255,2019-11-26 18:30:22,16,1.0,-0.027766370828555657,-0.0,-0.01552136763200021,False,280,4,0.0,0.0,0.0,1.0,0.11071428571428571,Other
170642,6526,57308,6526,2019-11-26 18:42:12,21,1.0,-0.10272437540424574,-0.0,-0.01952675239348844,False,128,0,0.0,0.0,0.0,0.0,0.015625,"New route, no community evidence"
170668,116783,61412,121163,2019-11-26 20:00:30,14,1.0,-0.11970572828667445,-0.0,-0.087223785071201,True,107,3,0.0,0.0,0.0,3.0,0.037383177570093455,"Lone dissent, no signal anywhere"
170670,102134,61237,62910,2019-11-26 20:04:54,15,-1.0,-0.3006055986856239,-0.0,-0.0595812549633531,True,289,1,-1.0,1.0,2.0,2.0,0.09342560553633218,"Right direction, too cautious to show"
170674,66062,60100,107783,2019-11-26 20:15:06,13,-1.0,-0.12215233263112149,-0.0,0.035351558946916134,False,167,4,-0.25,2.0,1.0,2.0,0.029940119760479042,"Right direction, too cautious to show"
170795,140555,58695,71304,2019-11-26 23:11:42,6,-1.0,-0.3604978391816275,-0.0,0.007684074531064028,False,21,5,-0.6,3.0,2.0,2.0,0.0,"Right direction, too cautious to show"
170829,17006,61560,56344,2019-11-27 00:00:00,17,-1.0,-0.06830269402901676,-0.0,-0.039596543296220726,False,79,1,0.0,0.0,0.0,7.0,0.08860759493670886,"Lone dissent, no signal anywhere"
170846,43923,57152,13318,2019-11-27 00:00:00,13,1.0,0.00019194373839313307,0.0,-0.0008848482309865776,False,312,6,0.0,0.0,0.0,2.0,0.01282051282051282,"Lone dissent, no signal anywhere"
170855,57739,60280,70815,2019-11-27 00:00:00,12,-2.0,-0.6141257787878374,-1.0,-0.11946450577825031,True,190,2,-1.0,1.0,0.0,0.0,0.15263157894736842,"Right direction, too few steps"
170866,57739,61245,87145,2019-11-27 00:00:00,12,-2.0,-0.3345355808931409,-0.0,-0.11946450577825031,True,190,1,0.0,0.0,0.0,2.0,0.15263157894736842,"Right direction, too cautious to show"
170879,82214,60130,81680,2019-11-27 00:00:00,15,-1.0,-0.38817471723287156,-0.0,0.06148884922478834,True,97,6,-0.6666666666666666,4.0,0.0,0.0,0.1134020618556701,"Right direction, too cautious to show"
170906,59174,61000,71304,2019-11-27 00:00:00,14,-1.0,-0.2094648572644999,-0.0,0.054225578579263606,True,291,1,-1.0,1.0,4.0,5.0,0.09278350515463918,"Right direction, too cautious to show"
170908,106553,61633,103219,2019-11-27 00:00:00,15,-1.0,-0.011720415300193956,-0.0,-0.00650942052926584,False,102,0,0.0,0.0,1.0,1.0,0.049019607843137254,"New route, no community evidence"
170909,108832,54954,103139,2019-11-27 00:00:00,13,1.0,0.04685366811164951,0.0,0.0400373775613067,False,86,11,0.0,0.0,0.0,1.0,0.06976744186046512,"Lone dissent, no signal anywhere"
170917,41174,61725,43301,2019-11-27 00:00:00,16,1.0,0.012632605662328975,0.0,0.007513315368712765,False,65,0,0.0,0.0,0.0,11.0,0.0,"New route, no community evidence"
170931,143970,60984,139551,2019-11-27 01:00:00,14,-2.0,-0.4899860903003996,-0.0,-0.23102779461012424,True,52,0,0.0,0.0,12.0,13.0,0.4807692307692308,"New route, no community evidence"
170944,73358,61507,91522,2019-11-27 04:14:15,15,-1.0,-0.10253040584892924,-0.0,0.030840406450525458,False,158,0,0.0,0.0,0.0,1.0,0.056962025316455694,"New route, no community evidence"
170979,94390,61028,89289,2019-11-27 06:00:00,10,2.0,0.26562014551587904,0.0,-0.027658334942256554,True,645,5,0.4,1.0,0.0,6.0,0.12713178294573643,"Right direction, too cautious to show"
171023,42644,61272,120279,2019-11-27 10:31:45,13,1.0,-0.022672360384098894,-0.0,-0.014091960121482141,False,75,0,0.0,0.0,0.0,4.0,0.013333333333333334,"New route, no community evidence"
171026,88050,61486,86753,2019-11-27 10:39:02,12,-2.0,0.007180523017495248,0.0,-0.016009520098142858,False,672,3,0.0,0.0,0.0,9.0,0.028273809523809524,"Lone dissent, no signal anywhere"
171052,63415,53551,65681,2019-11-27 13:21:55,19,1.0,0.07109035648739359,0.0,0.09969318045129348,True,45,2,0.0,0.0,0.0,1.0,0.13333333333333333,"Right direction, too cautious to show"
171054,63415,53564,65681,2019-11-27 13:23:23,21,1.0,0.07125355623289174,0.0,0.10993305810576935,True,47,2,0.0,0.0,0.0,0.0,0.14893617021276595,"Right direction, too cautious to show"
171128,72308,61270,59023,2019-11-27 17:55:44,17,1.0,-0.023026173718315106,-0.0,-0.03476496927524949,False,142,3,0.0,0.0,0.0,4.0,0.035211267605633804,"Lone dissent, no signal anywhere"
171137,4019,60292,16618,2019-11-27 18:11:15,14,1.0,-0.19109999590725313,-0.0,-0.02195391000015771,False,77,3,-0.3333333333333333,1.0,1.0,2.0,0.025974025974025976,Evidence pointed the other way
171159,125042,61554,73528,2019-11-27 19:12:01,16,-1.0,-0.02651085153281593,-0.0,-0.01702853155947371,False,19,1,0.0,0.0,0.0,7.0,0.05263157894736842,"Lone dissent, no signal anywhere"
171163,143970,60979,139551,2019-11-27 19:25:30,14,-2.0,-0.5101965199002365,-1.0,-0.24726450331657157,True,53,0,0.0,0.0,11.0,11.0,0.49056603773584906,"New route, no community evidence"
171165,101958,61537,659,2019-11-27 19:27:40,13,-1.0,0.03694784337300752,0.0,0.06643487429018427,False,52,0,0.0,0.0,1.0,3.0,0.019230769230769232,"New route, no community evidence"
171184,116783,61276,127180,2019-11-27 20:02:09,15,2.0,0.8185917761390092,1.0,-0.07958349837863868,True,109,4,1.5,3.0,0.0,0.0,0.045871559633027525,"Right direction, too few steps"
171185,116783,57107,101187,2019-11-27 20:03:20,15,-1.0,0.2893339516669554,0.0,-0.07172174828526409,True,110,5,0.6,1.0,0.0,3.0,0.10909090909090909,Evidence pointed the other way
171198,105867,61537,659,2019-11-27 20:26:14,13,-1.0,-0.29410636835496706,-0.0,-0.003866264672327331,False,102,1,-1.0,1.0,0.0,2.0,0.0392156862745098,"Right direction, too cautious to show"
171282,87346,59941,85027,2019-11-27 22:30:57,15,-1.0,-0.049585054730790806,-0.0,-0.018642545084750144,False,129,0,0.0,0.0,0.0,2.0,0.07751937984496124,"New route, no community evidence"
171283,87346,45801,82622,2019-11-27 22:31:11,19,-1.0,-0.035576452311407394,-0.0,-0.02422631510579229,False,130,1,0.0,0.0,0.0,0.0,0.08461538461538462,"Lone dissent, no signal anywhere"
171289,108832,61495,103988,2019-11-27 22:56:12,14,2.0,0.06021134528211324,0.0,0.04534074512314545,False,89,0,0.0,0.0,0.0,5.0,0.07865168539325842,"New route, no community evidence"
171377,44897,61410,44897,2019-11-28 00:00:00,15,2.0,0.5663774563104607,1.0,-0.036810209771970005,False,20,5,1.0,3.0,2.0,3.0,0.05,"Right direction, too few steps"
171385,117169,44589,43248,2019-11-28 00:00:00,6,-2.0,-0.812400579778044,-1.0,-0.017301399460609573,False,22,2,-2.0,2.0,0.0,0.0,0.09090909090909091,"Right direction, too few steps"
171410,111719,61671,102621,2019-11-28 00:00:00,12,2.0,0.43808736161458894,0.0,0.31044401297593227,True,89,0,0.0,0.0,1.0,2.0,0.4157303370786517,"New route, no community evidence"
171443,17745,60648,82212,2019-11-28 00:00:00,14,1.0,0.17497885681137781,0.0,0.02542184615534251,False,133,4,0.25,1.0,0.0,2.0,0.18045112781954886,"Right direction, too cautious to show"
171451,109645,61000,71304,2019-11-28 00:00:00,14,-1.0,-0.45450771030471043,-0.0,-0.03232575082926783,False,280,2,-1.0,2.0,3.0,4.0,0.04285714285714286,"Right direction, too cautious to show"
171510,54442,61277,127180,2019-11-28 06:44:44,19,2.0,0.11294597189328742,0.0,0.020920774504908042,False,127,0,0.0,0.0,0.0,1.0,0.10236220472440945,"New route, no community evidence"
171667,139759,60988,70297,2019-11-28 16:58:07,16,-2.0,-1.0343684310242707,-1.0,-0.20217881372500518,True,62,2,-2.0,2.0,7.0,7.0,0.3870967741935484,"Right direction, too few steps"
171668,139759,60989,139551,2019-11-28 16:58:11,17,-2.0,-1.127988098117033,-1.0,-0.2117043332138883,True,63,2,-2.0,2.0,8.0,8.0,0.3968253968253968,"Right direction, too few steps"
171675,90344,53692,86035,2019-11-28 17:36:37,13,1.0,0.1294814800388355,0.0,-0.12395632248831946,True,150,5,0.4,1.0,0.0,2.0,0.07333333333333333,Evidence pointed the other way
171676,90344,52338,100394,2019-11-28 17:55:59,15,1.0,-0.12044161986484836,-0.0,-0.11939863411615334,True,151,9,0.0,0.0,0.0,0.0,0.07947019867549669,"Lone dissent, no signal anywhere"
171713,59576,55107,85027,2019-11-28 19:32:23,12,2.0,0.14318745961166443,0.0,0.1516100389571023,True,126,0,0.0,0.0,1.0,5.0,0.23809523809523808,"New route, no community evidence"
171733,59576,55110,96985,2019-11-28 20:15:06,14,1.0,0.21372311368695798,0.0,0.1627286769234995,True,127,2,0.0,0.0,0.0,1.0,0.2440944881889764,"Right direction, too cautious to show"
171755,111110,54908,102621,2019-11-28 21:03:37,15,2.0,0.8202515281514063,1.0,0.7319701150407928,True,108,2,0.0,0.0,0.0,0.0,0.7129629629629629,"Right direction, too few steps"
171757,111110,61671,102621,2019-11-28 21:10:32,12,2.0,1.260280732489853,1.0,0.7398953062321699,True,109,1,2.0,1.0,0.0,1.0,0.7155963302752294,"Right direction, too few steps"
171781,62645,62165,66603,2019-11-28 21:35:20,8,-2.0,0.05894491815122509,0.0,0.010516594765064242,False,168,0,0.0,0.0,0.0,6.0,0.125,"New route, no community evidence"
171799,120993,61272,120279,2019-11-28 22:02:39,13,-1.0,0.2635107678156526,0.0,0.012692139549263803,False,58,1,1.0,0.0,3.0,3.0,0.0,"Early dissent, confirmed later"
171834,127452,61254,113761,2019-11-28 23:00:00,15,1.0,0.11629479605047364,0.0,-0.024272971293578357,False,25,4,0.25,1.0,1.0,6.0,0.0,"Right direction, too cautious to show"
171838,36208,52582,101187,2019-11-28 23:03:28,10,2.0,0.45477859762696937,0.0,0.045360329476769184,False,67,9,0.5555555555555556,2.0,0.0,3.0,0.1044776119402985,"Right direction, too cautious to show"
171846,136606,61045,125563,2019-11-28 23:32:42,6,1.0,0.1894941542054404,0.0,0.11266826217506609,True,21,0,0.0,0.0,1.0,2.0,0.5238095238095238,"New route, no community evidence"
171883,127288,61410,44897,2019-11-29 00:00:00,15,2.0,0.7410754459929269,1.0,-0.019865220725588297,False,41,6,1.1666666666666667,4.0,1.0,2.0,0.0975609756097561,"Right direction, too few steps"
171887,99691,55835,80125,2019-11-29 00:00:00,17,-2.0,-0.10005359329357652,-0.0,-0.0780607352852613,True,79,5,0.0,0.0,0.0,0.0,0.1518987341772152,"Right direction, too cautious to show"
171888,99691,56072,80125,2019-11-29 00:00:00,15,-1.0,-0.09000225829005684,-0.0,-0.0780607352852613,True,79,5,0.0,0.0,0.0,0.0,0.1518987341772152,"Right direction, too cautious to show"
171889,99691,53939,81643,2019-11-29 00:00:00,17,1.0,-0.37395833653895494,-0.0,-0.0780607352852613,True,79,8,-0.375,1.0,0.0,0.0,0.06329113924050633,Evidence pointed the other way
171894,88456,59826,69446,2019-11-29 00:00:00,16,-1.0,-0.26431589370252595,-0.0,0.0011404856338284352,False,62,2,-0.5,1.0,0.0,2.0,0.016129032258064516,"Right direction, too cautious to show"
171899,67821,58678,71304,2019-11-29 00:00:00,12,-2.0,-0.9074728420658738,-1.0,0.09411860245425423,True,87,5,-1.6,4.0,1.0,1.0,0.022988505747126436,"Right direction, too few steps"
171900,67821,58683,66603,2019-11-29 00:00:00,8,2.0,0.10390146010486348,0.0,0.09411860245425423,True,87,5,0.0,0.0,0.0,1.0,0.12643678160919541,"Right direction, too cautious to show"
171901,67821,58689,66603,2019-11-29 00:00:00,13,1.0,0.09548545748165284,0.0,0.09411860245425423,True,87,3,0.0,0.0,2.0,2.0,0.12643678160919541,"Early dissent, confirmed later"
171902,67821,58699,66603,2019-11-29 00:00:00,8,2.0,0.13256846227397748,0.0,0.09411860245425423,True,87,2,0.0,0.0,0.0,1.0,0.12643678160919541,"Right direction, too cautious to show"
171903,67821,58696,66603,2019-11-29 00:00:00,8,2.0,0.13014411233479023,0.0,0.09411860245425423,True,87,3,0.0,0.0,0.0,1.0,0.12643678160919541,"Right direction, too cautious to show"
171904,67821,51111,71304,2019-11-29 00:00:00,14,1.0,0.33543608545623227,0.0,0.09411860245425423,True,87,7,0.42857142857142855,2.0,0.0,0.0,0.12643678160919541,"Right direction, too cautious to show"
171905,67821,59803,71304,2019-11-29 00:00:00,14,1.0,0.1342118683910684,0.0,0.09411860245425423,True,87,7,0.14285714285714285,1.0,1.0,5.0,0.12643678160919541,"Right direction, too cautious to show"
171927,44689,62091,37428,2019-11-29 00:00:00,17,1.0,0.035657215581558814,0.0,0.07334594708275764,True,369,0,0.0,0.0,0.0,4.0,0.08943089430894309,"New route, no community evidence"
172003,21774,62085,32984,2019-11-29 08:46:38,15,-1.0,-0.00198764411801133,-0.0,-0.010422707285878642,False,152,0,0.0,0.0,5.0,8.0,0.03289473684210526,"New route, no community evidence"
172063,60479,61568,82299,2019-11-29 11:06:53,14,-1.0,-0.03438735422266535,-0.0,-0.017015795314936216,False,104,3,0.0,0.0,0.0,5.0,0.1346153846153846,"Right direction, too cautious to show"
172128,93521,46508,62911,2019-11-29 16:00:06,9,2.0,0.24571963209835254,0.0,0.0015299463421877795,False,191,11,0.2727272727272727,2.0,0.0,0.0,0.14136125654450263,"Right direction, too cautious to show"
172148,126988,61640,122121,2019-11-29 16:37:33,8,-3.0,0.0015146497880776308,0.0,-0.01665458504715937,False,83,0,0.0,0.0,1.0,1.0,0.04819277108433735,"New route, no community evidence"
172162,137660,60059,123411,2019-11-29 17:30:18,6,1.0,0.0924386484774043,0.0,0.023841216419342347,False,20,0,0.0,0.0,1.0,2.0,0.1,"New route, no community evidence"
172220,136606,61828,123411,2019-11-29 21:22:22,6,1.0,0.19635970797042474,0.0,0.12209001736936742,True,22,0,0.0,0.0,3.0,5.0,0.5454545454545454,"New route, no community evidence"
172229,82211,60652,82212,2019-11-29 21:40:48,19,-1.0,-0.36505953864241114,-0.0,-0.07529219137918479,True,157,1,-1.0,1.0,1.0,2.0,0.1464968152866242,"Right direction, too cautious to show"
172261,143970,60983,70297,2019-11-29 22:34:35,22,-2.0,-1.3332082657544448,-1.0,-0.2326030867610765,True,54,3,-2.0,3.0,2.0,2.0,0.5,"Right direction, too few steps"
172267,78954,59345,106546,2019-11-29 22:47:02,9,-1.0,0.06267578081448191,0.0,0.014230162903281407,False,58,1,0.0,0.0,0.0,0.0,0.06896551724137931,"Lone dissent, no signal anywhere"
172269,78954,58809,81680,2019-11-29 22:47:55,18,-2.0,-0.5384534670018627,-1.0,0.003496153352371544,False,59,1,-2.0,1.0,0.0,3.0,0.0847457627118644,"Right direction, too few steps"
172287,35042,61272,120279,2019-11-29 23:14:57,13,-1.0,0.0025709031570661234,0.0,0.00733812645895843,False,91,2,0.0,1.0,2.0,2.0,0.01098901098901099,Other
172356,49747,60974,37430,2019-11-30 00:00:00,15,-1.0,-0.33846979933744287,-0.0,-0.053484282605678286,True,109,1,-1.0,1.0,2.0,6.0,0.08256880733944955,"Right direction, too cautious to show"
172463,15209,61289,82214,2019-11-30 11:49:08,16,-1.0,-0.14347472698932007,-0.0,0.01248673743370808,False,130,3,-0.3333333333333333,1.0,0.0,2.0,0.12307692307692308,"Right direction, too cautious to show"
172492,64983,54069,59023,2019-11-30 13:09:53,17,-1.0,-0.40648348661251893,-0.0,-0.0058393754128655126,False,214,19,-0.47368421052631576,6.0,2.0,2.0,0.03271028037383177,"Right direction, too cautious to show"
172526,111110,54910,102621,2019-11-30 14:33:03,15,2.0,0.8376582384311335,1.0,0.7386592926633845,True,111,0,0.0,0.0,0.0,1.0,0.7117117117117117,"New route, no community evidence"
172529,65842,51750,37417,2019-11-30 14:34:33,15,1.0,-0.012829188797069978,-0.0,0.00908812849631329,False,88,4,0.0,0.0,0.0,1.0,0.07954545454545454,"Lone dissent, no signal anywhere"
172530,65842,59010,37417,2019-11-30 14:35:06,12,1.0,-0.0034537875561101543,-0.0,0.016934176965307027,False,89,3,0.0,0.0,0.0,2.0,0.0898876404494382,"Lone dissent, no signal anywhere"
172533,59485,58989,71304,2019-11-30 14:59:43,14,-1.0,-0.3689167091612138,-0.0,-0.026159379464002833,False,150,3,-0.6666666666666666,2.0,0.0,2.0,0.02666666666666667,"Right direction, too cautious to show"
172541,59485,58988,71304,2019-11-30 15:58:44,8,-2.0,-1.0124570770129817,-1.0,-0.02857219998154616,False,152,3,-2.0,3.0,1.0,1.0,0.03289473684210526,"Right direction, too few steps"
172543,59485,58695,71304,2019-11-30 16:00:12,6,-1.0,-0.47217635616622633,-0.0,-0.033634361610242934,False,154,6,-0.6666666666666666,4.0,1.0,1.0,0.03896103896103896,"Right direction, too cautious to show"
172552,99383,62086,73668,2019-11-30 16:20:19,14,3.0,-0.0049992435133121935,-0.0,-0.009506372626505366,False,18,0,0.0,0.0,5.0,8.0,0.0,"New route, no community evidence"
172638,54256,60974,37430,2019-11-30 21:41:25,15,-1.0,-0.42225335267662656,-0.0,-0.004757538893610611,False,232,2,-1.0,2.0,1.0,5.0,0.03017241379310345,"Right direction, too cautious to show"
172644,54050,60996,71304,2019-11-30 21:44:38,8,2.0,0.36392283610879617,0.0,0.3452736966886602,True,206,2,0.0,0.0,1.0,5.0,0.3155339805825243,"Right direction, too cautious to show"
172646,54050,61005,71304,2019-11-30 21:45:14,13,-1.0,0.10753319935009291,0.0,0.3505988161478152,True,208,2,-0.5,1.0,1.0,4.0,0.038461538461538464,Evidence pointed the other way
172651,54050,58675,71304,2019-11-30 21:54:39,10,2.0,-0.9854926786283318,-1.0,0.339432303072825,True,213,6,-2.0,0.0,0.0,1.0,0.30985915492957744,Evidence pointed the other way
172652,54050,58676,71304,2019-11-30 21:54:49,13,-1.0,-0.026171735681829136,-0.0,0.35117956380763815,True,214,5,-0.6,3.0,0.0,0.0,0.04205607476635514,Evidence pointed the other way
172654,54050,58678,71304,2019-11-30 21:55:00,12,-2.0,-0.7811437466594686,-1.0,0.34588420310860085,True,216,6,-1.6666666666666667,5.0,0.0,0.0,0.046296296296296294,Evidence pointed the other way
172656,54050,58689,66603,2019-11-30 22:21:20,13,2.0,0.46491954549349074,0.0,0.33897353201101893,True,218,4,0.25,1.0,1.0,1.0,0.3073394495412844,"Right direction, too cautious to show"
172658,54050,58988,71304,2019-11-30 22:21:41,8,-2.0,-0.7826472761987255,-1.0,0.34362690511686983,True,220,4,-2.0,4.0,0.0,0.0,0.05,Evidence pointed the other way
172661,54050,58691,71304,2019-11-30 22:22:01,6,-1.0,-0.20982115119977487,-0.0,0.3370584162092854,True,223,4,-1.0,4.0,0.0,0.0,0.053811659192825115,Evidence pointed the other way
172662,54050,58693,71304,2019-11-30 22:22:06,12,-2.0,-0.5291006754378557,-1.0,0.3340570370487094,True,224,4,-1.5,3.0,0.0,0.0,0.05803571428571429,Evidence pointed the other way
172663,54050,58695,71304,2019-11-30 22:22:19,6,-1.0,-0.16604330478408025,-0.0,0.328496554481856,True,225,7,-0.7142857142857143,5.0,0.0,0.0,0.06222222222222222,Evidence pointed the other way
172665,54050,58698,71304,2019-11-30 22:22:31,6,-1.0,-0.021571485062670245,-0.0,0.3228053324744003,True,227,2,-1.0,2.0,0.0,0.0,0.06607929515418502,Evidence pointed the other way
172667,54050,58705,71304,2019-11-30 22:23:09,6,-1.0,0.10867183996035543,0.0,0.31666837482772403,True,229,1,-1.0,1.0,0.0,0.0,0.06986899563318777,Evidence pointed the other way
172673,56628,61932,31269,2019-11-30 22:58:17,9,1.0,0.05697643515552694,0.0,-0.026352228335028465,False,121,1,0.0,0.0,1.0,3.0,0.05785123966942149,"Early dissent, confirmed later"
172688,17364,52210,17283,2019-12-01 00:00:00,16,-1.0,0.002869290512735427,0.0,0.024574805351545694,False,23,2,0.0,0.0,0.0,0.0,0.043478260869565216,"Lone dissent, no signal anywhere"
172692,67570,60996,71304,2019-12-01 00:00:00,8,2.0,0.36225706465466917,0.0,0.0678675519821453,True,191,3,0.6666666666666666,1.0,0.0,4.0,0.10471204188481675,"Right direction, too cautious to show"
172693,67570,60999,66603,2019-12-01 00:00:00,10,2.0,0.31714176636825453,0.0,0.0678675519821453,True,191,4,0.5,1.0,1.0,5.0,0.10471204188481675,"Right direction, too cautious to show"
172694,67570,61003,71304,2019-12-01 00:00:00,10,2.0,0.009794551435341685,0.0,0.0678675519821453,True,191,4,0.0,0.0,0.0,5.0,0.10471204188481675,"Right direction, too cautious to show"
172701,63308,59824,32378,2019-12-01 00:00:00,9,1.0,0.3159467512187728,0.0,-0.015245195276950623,False,19,1,1.0,1.0,0.0,1.0,0.05263157894736842,"Right direction, too cautious to show"
172747,82214,60129,82212,2019-12-01 00:00:00,18,-1.0,0.05342785639070754,0.0,0.05654195036038891,True,99,4,0.0,0.0,0.0,1.0,0.12121212121212122,Other
172764,117169,44600,31807,2019-12-01 00:00:00,8,2.0,1.3390317005913737,1.0,-0.03334747574317918,False,23,6,2.0,6.0,0.0,0.0,0.08695652173913043,"Right direction, too few steps"
172788,120784,61272,120279,2019-12-01 00:00:00,13,-1.0,-0.16987245213133048,-0.0,0.004253314230796803,False,35,3,-0.3333333333333333,2.0,1.0,1.0,0.0,"Right direction, too cautious to show"
172791,67821,48575,66603,2019-12-01 00:00:00,10,2.0,0.3052906140760318,0.0,0.1420807709192404,True,94,11,0.18181818181818182,1.0,0.0,2.0,0.18085106382978725,"Right direction, too cautious to show"
172796,93146,61726,43301,2019-12-01 00:00:00,18,-1.0,-0.15765012355297855,-0.0,-0.010780829646219686,False,317,4,-0.25,1.0,0.0,8.0,0.04416403785488959,"Right direction, too cautious to show"
172797,93146,61111,43301,2019-12-01 00:00:00,16,1.0,-0.03162031767679237,-0.0,-0.010780829646219686,False,317,7,0.0,0.0,0.0,4.0,0.0473186119873817,"Lone dissent, no signal anywhere"
172873,104339,58914,89286,2019-12-01 07:53:48,16,-1.0,-0.09849648938701655,-0.0,0.00027466398973314735,False,144,12,-0.08333333333333333,1.0,0.0,1.0,0.013888888888888888,"Right direction, too cautious to show"
172944,126324,61753,42946,2019-12-01 12:49:12,6,1.0,0.1971186397219893,0.0,0.03181482592089481,False,25,0,0.0,0.0,5.0,5.0,0.28,"New route, no community evidence"
172960,87388,59955,120160,2019-12-01 14:09:26,17,1.0,-0.043123706313740934,-0.0,-0.0018965177976411783,False,46,0,0.0,0.0,1.0,1.0,0.0,"New route, no community evidence"
172976,113813,61753,42946,2019-12-01 14:32:42,6,1.0,0.4111822875783846,0.0,0.043019653746808245,False,19,1,1.0,1.0,4.0,4.0,0.3157894736842105,"Right direction, too cautious to show"
173002,88060,59829,81641,2019-12-01 15:46:22,14,1.0,0.10053907601986276,0.0,-0.006916655487367883,False,57,5,0.2,1.0,0.0,1.0,0.017543859649122806,"Right direction, too cautious to show"
173046,113901,55107,85027,2019-12-01 17:16:24,12,1.0,0.4058816484075394,0.0,0.019690178707325305,False,47,2,1.0,1.0,0.0,3.0,0.14893617021276595,"Right direction, too cautious to show"
173047,113901,61177,96985,2019-12-01 17:16:43,12,1.0,0.0890382359466933,0.0,0.026441523791373277,False,48,2,0.0,0.0,1.0,6.0,0.16666666666666666,"Right direction, too cautious to show"
173053,92443,62020,76973,2019-12-01 17:20:47,14,1.0,-0.1547850346584821,-0.0,-0.045026404210637624,False,108,0,0.0,0.0,2.0,5.0,0.037037037037037035,"New route, no community evidence"
173055,92443,62030,20124,2019-12-01 17:22:05,13,1.0,-0.04035681100132392,-0.0,-0.03692818595995324,False,110,0,0.0,0.0,1.0,2.0,0.045454545454545456,"New route, no community evidence"
173056,92443,62029,20124,2019-12-01 17:22:18,10,2.0,0.010814067191281345,0.0,-0.030033004530619457,False,111,0,0.0,0.0,1.0,4.0,0.05405405405405406,"New route, no community evidence"
173057,92443,62026,76973,2019-12-01 17:23:14,8,2.0,-0.06145482287404882,-0.0,-0.0168488328514833,False,112,0,0.0,0.0,1.0,5.0,0.0625,"New route, no community evidence"
173064,88729,61717,69446,2019-12-01 17:28:29,16,1.0,-0.043555730383118385,-0.0,0.02790645680985813,False,129,0,0.0,0.0,0.0,1.0,0.05426356589147287,"New route, no community evidence"
173111,28263,39987,95025,2019-12-01 18:45:14,12,1.0,0.1783121136268579,0.0,0.21236790274849643,True,125,7,0.0,0.0,0.0,2.0,0.248,"Right direction, too cautious to show"
173114,28263,58532,128128,2019-12-01 18:45:42,21,1.0,0.17033618686527702,0.0,0.21608638290866813,True,127,1,0.0,0.0,0.0,1.0,0.25196850393700787,"Right direction, too cautious to show"
173118,28263,41320,95025,2019-12-01 18:47:50,13,1.0,0.16444870554414193,0.0,0.22102798151488956,True,128,6,0.0,0.0,0.0,2.0,0.2578125,"Right direction, too cautious to show"
173139,56033,60565,115317,2019-12-01 20:10:07,18,-1.0,0.009654700516125748,0.0,0.03391707947876797,False,166,3,0.0,0.0,0.0,6.0,0.09036144578313253,"Lone dissent, no signal anywhere"
173182,127466,56414,107783,2019-12-01 21:34:47,18,-1.0,-0.15633884229996423,-0.0,-0.010528368781844204,False,20,6,-0.16666666666666666,1.0,0.0,0.0,0.05,"Right direction, too cautious to show"
173193,71109,61089,59023,2019-12-01 22:11:26,15,-1.0,0.03465239255675304,0.0,-0.00913839911437362,False,79,4,0.0,0.0,0.0,4.0,0.0379746835443038,"Lone dissent, no signal anywhere"
173202,71109,54069,59023,2019-12-01 22:15:05,17,-1.0,-0.4414512965200259,-0.0,-0.014839370177399952,False,85,20,-0.5,7.0,1.0,1.0,0.047058823529411764,"Right direction, too cautious to show"
173233,21812,52963,7246,2019-12-02 00:00:00,21,-1.0,-0.05094575000194089,-0.0,0.019231259437439523,False,100,2,0.0,1.0,0.0,0.0,0.07,"Right direction, too cautious to show"
173236,70623,56875,86034,2019-12-02 00:00:00,21,-1.0,0.0949722994965003,0.0,0.13271714043640387,True,64,1,0.0,0.0,0.0,0.0,0.125,Evidence pointed the other way
173246,70623,55636,70623,2019-12-02 00:00:00,21,-1.0,0.026660792177680415,0.0,0.13271714043640387,True,64,1,0.0,0.0,0.0,0.0,0.125,Evidence pointed the other way
173261,78209,62018,20124,2019-12-02 00:00:00,10,-2.0,0.020034793639421632,0.0,-0.04637812266794482,False,25,0,0.0,0.0,0.0,5.0,0.16,"New route, no community evidence"
173265,78209,62024,76973,2019-12-02 00:00:00,6,2.0,-0.05325527823693291,-0.0,-0.04637812266794482,False,25,0,0.0,0.0,0.0,6.0,0.04,"New route, no community evidence"
173266,78209,62025,76973,2019-12-02 00:00:00,16,1.0,-0.15447631418213423,-0.0,-0.04637812266794482,False,25,0,0.0,0.0,2.0,5.0,0.04,"New route, no community evidence"
173349,38884,62115,105160,2019-12-02 00:00:00,19,-1.0,-0.10866246608476424,-0.0,-0.07818579366575848,True,55,1,0.0,0.0,0.0,0.0,0.2,"Right direction, too cautious to show"
173361,44199,59662,37417,2019-12-02 00:00:00,13,-1.0,-0.207248906528367,-0.0,0.0013433969954220954,False,38,8,-0.25,2.0,3.0,4.0,0.02631578947368421,"Right direction, too cautious to show"
173373,29967,52264,128128,2019-12-02 00:00:00,12,1.0,-0.0027061402548163964,-0.0,0.010950589234932043,False,38,1,0.0,0.0,0.0,4.0,0.07894736842105263,"Lone dissent, no signal anywhere"
173398,109252,59033,143880,2019-12-02 00:00:00,15,2.0,0.7664133004379711,1.0,0.029406480191978987,False,108,5,1.2,3.0,0.0,3.0,0.009259259259259259,"Right direction, too few steps"
173424,46806,62025,76973,2019-12-02 00:00:00,16,1.0,-0.12491388736079087,-0.0,-0.01681569584660148,False,150,0,0.0,0.0,2.0,5.0,0.006666666666666667,"New route, no community evidence"
173431,102361,61237,62910,2019-12-02 00:00:00,15,-1.0,-0.3859228551071018,-0.0,-0.0038349026902403517,False,159,2,-1.0,2.0,1.0,1.0,0.05660377358490566,"Right direction, too cautious to show"
173461,112071,59902,89286,2019-12-02 06:00:00,16,-1.0,-0.19793764163594663,-0.0,-0.11980058499312844,True,93,13,-0.07692307692307693,1.0,1.0,6.0,0.07526881720430108,"Right direction, too cautious to show"
173466,94390,61029,89289,2019-12-02 06:00:00,19,-1.0,-0.2120344399736594,-0.0,-0.025320915122186757,True,646,8,-0.25,1.0,0.0,3.0,0.13777089783281735,"Right direction, too cautious to show"
173549,103728,61042,125563,2019-12-02 12:38:19,6,1.0,0.09749137147516351,0.0,0.04189699827447633,True,510,1,0.0,0.0,3.0,3.0,0.08235294117647059,"Early dissent, confirmed later"
173558,103728,61828,123411,2019-12-02 12:39:21,6,1.0,0.22022365290814633,0.0,0.04282714239017939,True,519,3,0.3333333333333333,1.0,2.0,2.0,0.08285163776493257,"Right direction, too cautious to show"
173565,103728,62006,91567,2019-12-02 12:40:03,6,1.0,0.14251882852497327,0.0,0.04386158692598209,True,526,1,0.0,0.0,2.0,2.0,0.08365019011406843,"Early dissent, confirmed later"
173573,103728,59867,123411,2019-12-02 12:40:58,6,1.0,0.0999289077302358,0.0,0.04451816124037178,True,534,1,0.0,0.0,3.0,3.0,0.08426966292134831,"Early dissent, confirmed later"
173604,91110,52322,59023,2019-12-02 15:43:03,18,2.0,0.0353271426597285,0.0,0.018601490622372437,False,61,5,0.0,0.0,0.0,0.0,0.0,"Lone dissent, no signal anywhere"
173606,91110,58751,59023,2019-12-02 15:43:42,18,1.0,0.06296930722736309,0.0,0.0406300308329933,False,63,8,0.0,0.0,0.0,0.0,0.015873015873015872,"Lone dissent, no signal anywhere"
173634,135623,60225,112776,2019-12-02 16:00:00,12,-2.0,0.03133062453476418,0.0,0.021376278149177454,False,27,4,0.0,0.0,0.0,0.0,0.0,"Lone dissent, no signal anywhere"
173647,39980,62029,20124,2019-12-02 16:11:02,10,2.0,0.5193431558942478,1.0,-0.009775712625086414,False,125,1,2.0,1.0,0.0,3.0,0.08,"Right direction, too few steps"
173648,39980,62030,20124,2019-12-02 16:11:10,13,1.0,0.27341174179647604,0.0,-0.0010015216972594488,False,126,1,1.0,1.0,0.0,1.0,0.0873015873015873,"Right direction, too cautious to show"
173649,39980,62026,76973,2019-12-02 16:11:26,8,2.0,0.422882011075163,0.0,0.0033129467828550423,False,127,2,1.0,1.0,0.0,3.0,0.09448818897637795,"Right direction, too cautious to show"
173651,39980,62020,76973,2019-12-02 16:11:48,14,1.0,0.40093993565727876,0.0,0.012113959172163583,False,129,2,1.0,2.0,0.0,3.0,0.10077519379844961,"Right direction, too cautious to show"
173656,15209,62242,82215,2019-12-02 16:37:30,14,1.0,-0.03934787497698747,-0.0,0.00798096187932338,False,131,0,0.0,0.0,1.0,4.0,0.17557251908396945,"New route, no community evidence"
173662,93521,61824,62911,2019-12-02 17:20:08,10,2.0,0.12618616938081723,0.0,0.008419100973801148,False,198,0,0.0,0.0,0.0,3.0,0.1414141414141414,"New route, no community evidence"
173663,93521,61237,62910,2019-12-02 17:20:26,15,-1.0,-0.4684352954994466,-0.0,0.016256089592761504,False,199,3,-1.0,3.0,0.0,0.0,0.06030150753768844,"Right direction, too cautious to show"
173694,90013,61659,37719,2019-12-02 18:14:54,11,-1.0,0.05078396288707816,0.0,0.07059104344481595,False,27,0,0.0,0.0,2.0,2.0,0.0,"New route, no community evidence"
173720,72813,61918,69404,2019-12-02 18:39:15,15,-1.0,-0.2409930085946872,-0.0,0.015376546088205066,False,128,1,-1.0,1.0,3.0,5.0,0.0078125,"Right direction, too cautious to show"
173729,72813,61922,69404,2019-12-02 18:41:13,16,-2.0,-0.028653207672613753,-0.0,0.013484111388709424,False,136,0,0.0,0.0,0.0,0.0,0.014705882352941176,"New route, no community evidence"
173734,584,54965,21,2019-12-02 18:56:00,6,1.0,0.3723844421947517,0.0,0.011943901071740802,False,103,6,0.5,3.0,0.0,0.0,0.009708737864077669,"Right direction, too cautious to show"
173755,40591,45402,59651,2019-12-02 19:27:23,8,2.0,-0.025763921168437648,-0.0,-0.0386320577365175,False,34,2,0.0,0.0,0.0,0.0,0.029411764705882353,"Lone dissent, no signal anywhere"
173756,40591,61013,59651,2019-12-02 19:28:04,10,2.0,0.5101942657317725,1.0,-0.011411909701825287,False,35,1,2.0,1.0,0.0,1.0,0.05714285714285714,"Right direction, too few steps"
173835,130479,49147,121163,2019-12-02 21:16:11,13,-1.0,-0.42566219416603024,-0.0,-0.028788406492723517,False,59,10,-0.5,6.0,2.0,2.0,0.05084745762711865,"Right direction, too cautious to show"
173838,121774,62006,91567,2019-12-02 21:18:58,6,1.0,0.3730315407899746,0.0,0.10088696312848121,True,55,2,0.5,1.0,1.0,1.0,0.38181818181818183,"Right direction, too cautious to show"
173839,121774,61828,123411,2019-12-02 21:19:22,6,1.0,0.40650243010959114,0.0,0.10922075486728931,True,56,4,0.5,2.0,1.0,1.0,0.39285714285714285,"Right direction, too cautious to show"
173841,121774,61042,125563,2019-12-02 21:20:53,6,1.0,0.3583890441502938,0.0,0.11617802430106385,True,57,2,0.5,1.0,2.0,2.0,0.40350877192982454,"Right direction, too cautious to show"
173875,93285,61337,89292,2019-12-02 21:58:11,16,2.0,-0.08019458043179606,-0.0,-0.03982424036294326,False,203,0,0.0,0.0,0.0,1.0,0.0,"New route, no community evidence"
173876,54442,62058,101187,2019-12-02 22:00:00,21,1.0,-0.07493886275137754,-0.0,0.022081900397717007,False,130,0,0.0,0.0,0.0,0.0,0.1076923076923077,"New route, no community evidence"
173881,128952,60829,38040,2019-12-02 22:06:14,15,1.0,0.017573610157125705,0.0,0.035723040287715085,False,54,7,0.0,0.0,0.0,8.0,0.07407407407407407,"Lone dissent, no signal anywhere"
173937,128952,60837,38040,2019-12-02 23:05:04,12,2.0,0.21694325767023018,0.0,0.046062729422450564,False,55,14,0.21428571428571427,2.0,0.0,4.0,0.09090909090909091,"Right direction, too cautious to show"
173951,122791,62086,73668,2019-12-03 00:00:00,14,3.0,0.7498516458029575,1.0,-0.0037155275953808077,False,21,1,3.0,1.0,4.0,7.0,0.0,"Right direction, too few steps"
173967,57739,62175,70815,2019-12-03 00:00:00,8,-2.0,-0.07715889720542621,-0.0,-0.12428644806880437,True,200,0,0.0,0.0,1.0,3.0,0.155,"New route, no community evidence"
173972,39646,60292,16618,2019-12-03 00:00:00,14,1.0,-0.005002423399814847,-0.0,-0.00672326517552635,False,63,4,0.0,2.0,0.0,1.0,0.015873015873015872,Other
173977,101418,60880,70815,2019-12-03 00:00:00,6,-1.0,-0.3739782923798285,-0.0,-0.12886972352912085,True,129,2,-0.5,1.0,4.0,4.0,0.10077519379844961,"Right direction, too cautious to show"
174028,54050,62173,66603,2019-12-03 00:00:00,22,1.0,0.21699419272638004,0.0,0.3079501053939391,True,234,0,0.0,0.0,0.0,2.0,0.2905982905982906,"New route, no community evidence"
174063,82214,60652,82212,2019-12-03 00:00:00,19,-1.0,-0.36841144347292615,-0.0,0.05108607380183736,False,101,2,-1.0,2.0,0.0,1.0,0.12871287128712872,"Right direction, too cautious to show"
174095,122516,54137,82299,2019-12-03 00:00:00,12,1.0,-0.061688620547796925,-0.0,-0.06743116167639784,False,16,10,0.0,0.0,0.0,0.0,0.0,"Lone dissent, no signal anywhere"
174113,90298,45800,82622,2019-12-03 00:46:11,6,1.0,0.4707251546521845,0.0,0.03618577797687148,False,26,10,0.5,6.0,0.0,0.0,0.19230769230769232,"Right direction, too cautious to show"
174239,94370,62141,143092,2019-12-03 09:17:49,12,1.0,0.11091950931780671,0.0,0.10600426962743847,True,87,1,0.0,0.0,2.0,14.0,0.10344827586206896,"Right direction, too cautious to show"
174248,56628,61931,31271,2019-12-03 10:26:19,6,1.0,0.32717020903261995,0.0,-0.02241240044827833,False,125,1,1.0,1.0,3.0,5.0,0.064,"Right direction, too cautious to show"
174318,101001,62093,109218,2019-12-03 12:42:13,8,-3.0,0.205857067387781,0.0,0.10460867807484749,True,99,0,0.0,0.0,0.0,4.0,0.050505050505050504,"New route, no community evidence"
174322,60479,62407,1543,2019-12-03 13:26:32,10,-1.0,-0.013246643578614239,-0.0,-0.023457888603129463,False,106,0,0.0,0.0,0.0,4.0,0.14150943396226415,"New route, no community evidence"
174365,35017,62180,66603,2019-12-03 17:40:33,17,-1.0,0.07085001387311074,0.0,0.11075087642309042,True,193,0,0.0,0.0,2.0,8.0,0.04145077720207254,"New route, no community evidence"
174367,35017,62171,71304,2019-12-03 17:41:38,14,1.0,0.06944898554535595,0.0,0.1061756655767038,True,194,1,0.0,0.0,3.0,7.0,0.15979381443298968,"Early dissent, confirmed later"
174386,77905,62222,43301,2019-12-03 18:03:54,15,1.0,0.011945819166765001,0.0,-0.00509341535158967,False,404,0,0.0,0.0,1.0,13.0,0.06435643564356436,"New route, no community evidence"
174400,54050,62171,71304,2019-12-03 18:22:32,14,2.0,0.45770738884173084,0.0,0.30871275669050424,True,237,2,0.5,1.0,2.0,6.0,0.2911392405063291,"Right direction, too cautious to show"
174429,64983,61746,105436,2019-12-03 19:10:06,16,1.0,-0.01938566936407058,-0.0,-0.007174636801715385,False,220,1,0.0,0.0,0.0,2.0,0.022727272727272728,"Lone dissent, no signal anywhere"
174446,15222,60483,20278,2019-12-03 19:36:18,16,-1.0,-0.4311834041886019,-0.0,-0.07429322627499171,True,51,8,-0.5,2.0,2.0,11.0,0.27450980392156865,"Right direction, too cautious to show"
174447,15222,60729,136590,2019-12-03 19:37:52,14,-2.0,-0.31378082399158513,-0.0,-0.08047799781545548,True,52,2,-0.5,1.0,1.0,9.0,0.28846153846153844,"Right direction, too cautious to show"
174448,15222,61955,136590,2019-12-03 19:40:29,15,-1.0,-0.1889047117338021,-0.0,-0.0985957486516296,True,53,1,0.0,0.0,1.0,6.0,0.3018867924528302,"Right direction, too cautious to show"
174449,15222,60438,136590,2019-12-03 19:42:16,14,-1.0,-0.19347939793438296,-0.0,-0.10726820064996745,True,54,1,0.0,0.0,0.0,6.0,0.3148148148148148,"Right direction, too cautious to show"
174451,15222,60157,20278,2019-12-03 19:44:17,10,2.0,-0.11227683620350122,-0.0,-0.11364341266256851,True,56,3,0.0,0.0,0.0,8.0,0.17857142857142858,Evidence pointed the other way
174454,35473,61932,31269,2019-12-03 19:52:16,9,1.0,0.2609811663139637,0.0,-0.012958833154341784,False,52,2,0.5,1.0,0.0,2.0,0.07692307692307693,"Right direction, too cautious to show"
174460,110018,54215,16618,2019-12-03 20:08:46,18,-2.0,-0.5271056116866446,-1.0,0.01221670889310208,False,68,1,-2.0,1.0,0.0,0.0,0.014705882352941176,"Right direction, too few steps"
174486,122516,50876,1543,2019-12-03 21:10:55,10,2.0,0.10166081707045012,0.0,-0.048805044728156166,False,17,12,0.16666666666666666,1.0,0.0,4.0,0.058823529411764705,"Right direction, too cautious to show"
174491,28263,61714,44897,2019-12-03 21:30:44,12,-2.0,0.27432783523952503,0.0,0.22361030641672738,True,129,0,0.0,0.0,0.0,4.0,0.06976744186046512,"New route, no community evidence"
174497,28263,57107,101187,2019-12-03 21:31:50,15,1.0,0.41691126150287844,0.0,0.20077329939975536,True,134,6,0.3333333333333333,4.0,2.0,2.0,0.2537313432835821,"Right direction, too cautious to show"
174501,28263,55248,101187,2019-12-03 21:32:23,19,-1.0,0.1562266360178839,0.0,0.20211038674129114,True,137,4,0.0,0.0,0.0,1.0,0.072992700729927,"Lone dissent, no signal anywhere"
174504,62645,62171,71304,2019-12-03 21:34:04,14,1.0,0.40686764605362996,0.0,6.522241521419923e-05,False,170,3,1.0,2.0,1.0,5.0,0.11764705882352941,"Right direction, too cautious to show"
174506,62645,62164,66603,2019-12-03 21:35:37,6,-1.0,-0.01402295037196992,-0.0,0.004903433507494502,False,172,3,0.0,0.0,0.0,2.0,0.12790697674418605,"Right direction, too cautious to show"
174508,62645,58689,66603,2019-12-03 21:38:17,13,1.0,0.3203476342284436,0.0,-8.328603856010643e-06,False,173,5,0.6,2.0,0.0,0.0,0.12138728323699421,"Right direction, too cautious to show"
174516,105221,62200,82647,2019-12-03 22:08:55,20,-2.0,-0.09127929271461775,-0.0,-0.021672066523571835,False,187,0,0.0,0.0,1.0,1.0,0.06951871657754011,"New route, no community evidence"
174519,105689,54069,59023,2019-12-03 22:14:29,17,-2.0,-0.5088275538811153,-1.0,-0.05971081126996611,False,64,21,-0.5238095238095238,8.0,0.0,0.0,0.0625,"Right direction, too few steps"
174521,71943,62059,87145,2019-12-03 22:16:58,10,2.0,0.5222153676949447,1.0,0.5922495278188759,True,313,0,0.0,0.0,0.0,3.0,0.49201277955271566,"New route, no community evidence"
174542,55705,49147,121163,2019-12-03 22:46:36,13,-1.0,-0.31035299741559375,-0.0,0.12781633946436063,True,61,11,-0.5454545454545454,7.0,1.0,1.0,0.0,Evidence pointed the other way
174560,55705,57107,101187,2019-12-03 23:42:46,15,1.0,0.38937673364980246,0.0,0.11931841616602165,True,65,7,0.42857142857142855,5.0,1.0,1.0,0.13846153846153847,"Right direction, too cautious to show"
174565,120992,59955,120160,2019-12-04 00:00:00,17,1.0,0.21312473836724005,0.0,-0.010093216781909524,False,104,1,1.0,1.0,0.0,0.0,0.009615384615384616,"Right direction, too cautious to show"
174569,47070,59058,101187,2019-12-04 00:00:00,14,-1.0,-0.11122391961505089,-0.0,-0.06090450134846415,False,65,9,0.0,1.0,0.0,1.0,0.046153846153846156,"Right direction, too cautious to show"
174577,127288,52583,101187,2019-12-04 00:00:00,10,2.0,0.40073027321611404,0.0,0.02350889279028786,False,46,12,0.5,3.0,0.0,2.0,0.15217391304347827,"Right direction, too cautious to show"
174578,127288,52454,44897,2019-12-04 00:00:00,14,1.0,0.08048417749203553,0.0,0.02350889279028786,False,46,10,0.1,1.0,0.0,1.0,0.15217391304347827,"Right direction, too cautious to show"
174624,120992,61272,120279,2019-12-04 00:00:00,13,-1.0,-0.30328929396708726,-0.0,-0.010093216781909524,False,104,4,-0.5,3.0,0.0,0.0,0.019230769230769232,"Right direction, too cautious to show"
174688,71818,62344,26668,2019-12-04 00:00:00,13,-3.0,-0.019441979227975657,-0.0,-0.027176738493493106,False,39,0,0.0,0.0,1.0,3.0,0.05128205128205128,"New route, no community evidence"
174709,44689,62085,32984,2019-12-04 00:00:00,15,-1.0,-0.3707620195031002,-0.0,0.07419322781725232,True,379,2,-1.0,2.0,3.0,6.0,0.029023746701846966,"Right direction, too cautious to show"
174734,105688,61527,42946,2019-12-04 00:00:00,15,-1.0,0.05150492948798323,0.0,-0.014778476618983382,False,28,1,0.0,0.0,1.0,4.0,0.10714285714285714,"Early dissent, confirmed later"
174755,73358,33554,7246,2019-12-04 01:42:21,14,-2.0,-1.2625054334673576,-1.0,0.028170822894162822,False,169,11,-1.6363636363636365,9.0,0.0,0.0,0.0650887573964497,"Right direction, too few steps"
174766,95104,59902,89286,2019-12-04 05:58:25,16,-1.0,-0.14998422755883042,-0.0,-0.02485847551243435,False,69,14,-0.14285714285714285,2.0,0.0,5.0,0.07246376811594203,"Right direction, too cautious to show"
174805,26546,61005,71304,2019-12-04 06:15:13,13,-1.0,-0.4386227913006456,-0.0,-0.017493653639454963,False,251,3,-0.6666666666666666,2.0,0.0,3.0,0.01593625498007968,"Right direction, too cautious to show"
174842,139929,62086,73668,2019-12-04 09:39:58,14,3.0,1.18224630895622,1.0,-0.02024257730024779,False,106,2,3.0,2.0,3.0,6.0,0.0,"Right direction, too few steps"
174897,133117,62317,101190,2019-12-04 14:28:32,12,1.0,-0.04999060422833493,-0.0,-0.025736766615374187,False,71,0,0.0,0.0,0.0,4.0,0.0,"New route, no community evidence"
174923,93521,57428,62909,2019-12-04 17:05:58,14,1.0,-0.0015886591931212179,-0.0,0.013435405176867773,False,202,5,0.0,0.0,0.0,1.0,0.14356435643564355,Other
174925,81768,61534,659,2019-12-04 17:09:17,13,1.0,0.016084776005496074,0.0,0.048818794135930724,True,333,0,0.0,0.0,1.0,1.0,0.1111111111111111,"New route, no community evidence"
174951,49679,62320,54483,2019-12-04 19:20:09,14,-2.0,-0.0787114713770253,-0.0,-0.014451680705466784,False,259,0,0.0,0.0,0.0,5.0,0.03088803088803089,"New route, no community evidence"
174953,110137,62092,108807,2019-12-04 19:27:27,10,1.0,0.15508416124931035,0.0,0.1399032997290671,True,27,3,0.0,0.0,0.0,1.0,0.2962962962962963,"Right direction, too cautious to show"
174957,88405,50092,41691,2019-12-04 19:39:12,6,1.0,0.40662303003848377,0.0,0.010630000928262892,False,127,20,0.45,9.0,3.0,3.0,0.05511811023622047,"Right direction, too cautious to show"
175007,113901,55090,96985,2019-12-04 20:33:37,8,1.0,0.1250880473038752,0.0,0.033055984892671454,False,50,1,0.0,0.0,0.0,4.0,0.18,"Right direction, too cautious to show"
175034,72877,61918,69404,2019-12-04 21:32:16,15,-1.0,-0.46048575535616304,-0.0,-0.05041870575957331,True,143,2,-1.0,2.0,2.0,4.0,0.04895104895104895,"Right direction, too cautious to show"
175107,22783,61934,31269,2019-12-04 22:53:10,19,1.0,0.004947263624124468,0.0,0.004554640624713466,False,96,0,0.0,0.0,1.0,1.0,0.0625,"New route, no community evidence"
175124,31373,50454,79690,2019-12-04 23:10:58,13,2.0,0.06740137662158369,0.0,0.09642393296982366,True,154,2,0.0,0.0,0.0,1.0,0.08441558441558442,"Lone dissent, no signal anywhere"
175179,31126,62388,92071,2019-12-05 00:00:00,18,-1.0,-0.16742551561268865,-0.0,-0.15260208723815377,True,31,0,0.0,0.0,0.0,1.0,0.2903225806451613,"New route, no community evidence"
175197,103218,55347,42946,2019-12-05 00:00:00,16,1.0,0.037206653091605243,0.0,0.006420100926620336,False,38,4,0.0,0.0,0.0,2.0,0.13157894736842105,"Right direction, too cautious to show"
175202,103218,57063,17283,2019-12-05 00:00:00,16,1.0,0.21490375664747025,0.0,0.006420100926620336,False,38,1,1.0,1.0,0.0,0.0,0.13157894736842105,"Right direction, too cautious to show"
175211,18725,62576,42946,2019-12-05 00:00:00,12,-2.0,0.1847306590307261,0.0,0.07818511423090607,True,44,0,0.0,0.0,0.0,5.0,0.09090909090909091,"New route, no community evidence"
175235,111719,57383,102621,2019-12-05 00:00:00,16,2.0,0.6996876139855901,1.0,0.31787367416111284,True,91,1,2.0,1.0,0.0,1.0,0.4175824175824176,"Right direction, too few steps"
175263,86839,62376,87534,2019-12-05 00:06:18,18,1.0,-0.07311803320061677,-0.0,0.03144523341057278,False,244,0,0.0,0.0,0.0,0.0,0.02459016393442623,"New route, no community evidence"
175291,18725,61527,42946,2019-12-05 06:00:01,15,-1.0,-0.09716778198760401,-0.0,0.051514157285214496,False,46,2,-0.5,1.0,0.0,3.0,0.10869565217391304,"Right direction, too cautious to show"
175299,44866,59662,37417,2019-12-05 07:57:06,13,-1.0,-0.0887554858660018,-0.0,0.18631907815221466,True,82,9,-0.3333333333333333,3.0,2.0,3.0,0.06097560975609756,Evidence pointed the other way
175331,133514,56298,77857,2019-12-05 09:58:26,8,1.0,1.7888226407763417,2.0,0.032143552709822595,False,20,4,3.0,4.0,1.0,1.0,0.1,Other
175344,121371,61548,73528,2019-12-05 12:10:46,10,1.0,0.05893607143457277,0.0,0.047994961871933445,False,109,10,0.0,0.0,0.0,7.0,0.12844036697247707,"Right direction, too cautious to show"
175392,102361,62630,62910,2019-12-05 14:46:49,17,1.0,-0.00532228126729211,-0.0,-0.005633556948238789,False,162,0,0.0,0.0,2.0,2.0,0.13580246913580246,"New route, no community evidence"
175414,83113,62541,116826,2019-12-05 17:00:49,19,-2.0,-0.04399887341632537,-0.0,-0.0007486649736598969,False,30,0,0.0,0.0,6.0,6.0,0.0,"New route, no community evidence"
175446,81780,62225,43301,2019-12-05 18:46:55,14,2.0,0.18168825168163033,0.0,0.1630151092280263,True,152,1,0.0,0.0,0.0,7.0,0.17105263157894737,"Right direction, too cautious to show"
175447,81780,62222,43301,2019-12-05 18:47:08,15,1.0,0.3521693687365359,0.0,0.17243610988413025,True,153,3,0.3333333333333333,1.0,0.0,10.0,0.17647058823529413,"Right direction, too cautious to show"
175484,18725,54356,17283,2019-12-05 19:58:16,19,2.0,0.007494986276483616,0.0,0.04153757861094876,False,48,1,0.0,0.0,0.0,0.0,0.20833333333333334,"Right direction, too cautious to show"
175499,86757,62549,11059,2019-12-05 20:34:19,16,-1.0,-0.027128018848523117,-0.0,-0.011164730994785186,False,176,0,0.0,0.0,0.0,2.0,0.011363636363636364,"New route, no community evidence"
175537,114060,56625,129197,2019-12-05 22:11:44,11,-1.0,0.07275186925593208,0.0,0.05593568337658528,True,93,6,0.0,0.0,0.0,4.0,0.06451612903225806,"Lone dissent, no signal anywhere"
175538,114060,56629,129197,2019-12-05 22:11:52,10,1.0,0.062145851388629145,0.0,0.047926002195792766,False,94,8,0.0,0.0,0.0,2.0,0.1595744680851064,"Right direction, too cautious to show"
175547,68641,52745,123761,2019-12-05 22:20:57,13,1.0,0.095893832823079,0.0,0.08539774528634905,True,90,3,0.0,0.0,0.0,2.0,0.12222222222222222,"Right direction, too cautious to show"
175549,94782,55110,96985,2019-12-05 22:23:43,14,-1.0,0.042809617573760894,0.0,-0.14590573307637875,True,51,3,0.3333333333333333,0.0,0.0,0.0,0.27450980392156865,Evidence pointed the other way
175550,94782,61177,96985,2019-12-05 22:25:36,12,1.0,0.0005830802403344899,0.0,-0.15724062001899683,True,52,5,0.2,1.0,0.0,3.0,0.11538461538461539,Evidence pointed the other way
175575,54442,55245,101187,2019-12-05 22:52:24,13,-3.0,-0.12881480055467776,-0.0,0.029166506334406424,False,135,12,-0.16666666666666666,2.0,0.0,0.0,0.06666666666666667,"Right direction, too cautious to show"
175581,130723,59256,113761,2019-12-05 23:00:00,13,1.0,0.33696333587819816,0.0,-0.009726541305201395,False,61,3,0.6666666666666666,2.0,0.0,2.0,0.06557377049180328,"Right direction, too cautious to show"
175598,93146,62227,43301,2019-12-06 00:00:00,17,-1.0,-0.036254282527008214,-0.0,-0.010496005406642797,False,329,3,0.0,0.0,0.0,12.0,0.04559270516717325,"Lone dissent, no signal anywhere"
175611,44689,62086,73668,2019-12-06 00:00:00,14,1.0,1.5790283410229673,2.0,0.07280853124707722,True,385,3,3.0,3.0,2.0,5.0,0.08831168831168831,Other
175621,57739,62390,92071,2019-12-06 00:00:00,10,-2.0,-0.07428851070682677,-0.0,-0.13432554070154232,True,202,0,0.0,0.0,1.0,4.0,0.15841584158415842,"New route, no community evidence"
175663,23606,59650,72763,2019-12-06 00:00:00,14,1.0,-0.217371936192134,-0.0,0.20546776759868288,True,121,5,-0.6,0.0,0.0,4.0,0.23140495867768596,Evidence pointed the other way
175664,23606,59662,37417,2019-12-06 00:00:00,13,-1.0,-0.13931768677443962,-0.0,0.20546776759868288,True,121,10,-0.4,4.0,1.0,2.0,0.03305785123966942,Evidence pointed the other way
175665,35831,62627,66603,2019-12-06 00:00:00,19,2.0,-0.08381629044330563,-0.0,-0.022298678275910203,False,80,0,0.0,0.0,2.0,5.0,0.075,"New route, no community evidence"
175666,23606,59647,37417,2019-12-06 00:00:00,15,1.0,0.163442101912522,0.0,0.20546776759868288,True,121,10,0.0,1.0,0.0,2.0,0.23140495867768596,"Right direction, too cautious to show"
175667,23606,59652,72763,2019-12-06 00:00:00,17,1.0,0.15671879383260878,0.0,0.20546776759868288,True,121,5,0.0,0.0,1.0,1.0,0.23140495867768596,"Early dissent, confirmed later"
175680,23606,60544,37417,2019-12-06 00:00:00,17,1.0,0.13778447291196688,0.0,0.20546776759868288,True,121,4,0.0,0.0,0.0,3.0,0.23140495867768596,"Right direction, too cautious to show"
175745,60479,49029,56344,2019-12-06 00:00:00,14,1.0,-0.032079536998714624,-0.0,-0.029763000930426428,False,110,3,0.0,0.0,0.0,0.0,0.12727272727272726,Other
175780,98504,62612,89289,2019-12-06 06:00:00,21,-1.0,-0.06255315708926945,-0.0,-0.00014757016062911878,False,710,0,0.0,0.0,0.0,1.0,0.0028169014084507044,"New route, no community evidence"
175789,94390,62254,89289,2019-12-06 06:00:00,8,2.0,0.04319710440636819,0.0,-0.026006373175544453,True,651,0,0.0,0.0,1.0,4.0,0.12749615975422426,"New route, no community evidence"
175791,94390,62141,143092,2019-12-06 06:00:00,12,1.0,0.06727073587935715,0.0,-0.026006373175544453,True,651,7,0.14285714285714285,1.0,1.0,8.0,0.12749615975422426,"Right direction, too cautious to show"
175792,94390,62255,89289,2019-12-06 06:00:00,13,1.0,-0.014823442938438338,-0.0,-0.026006373175544453,True,651,1,0.0,0.0,0.0,5.0,0.12749615975422426,Other
175793,94390,62614,89288,2019-12-06 06:00:00,18,-1.0,-0.079222350915582,-0.0,-0.026006373175544453,True,651,0,0.0,0.0,0.0,7.0,0.1382488479262673,"New route, no community evidence"
175808,59537,61045,125563,2019-12-06 07:48:56,6,1.0,0.27208425081698784,0.0,0.044007526076074166,False,30,2,0.5,1.0,0.0,0.0,0.16666666666666666,"Right direction, too cautious to show"
175848,126971,54926,116806,2019-12-06 12:11:23,18,-2.0,0.03344412281680103,0.0,0.032588687729767696,False,34,10,0.0,0.0,0.0,1.0,0.029411764705882353,"Lone dissent, no signal anywhere"
175850,93521,62203,62911,2019-12-06 12:53:06,11,1.0,0.1300441932865993,0.0,0.01752299061321748,False,205,0,0.0,0.0,0.0,7.0,0.14634146341463414,"New route, no community evidence"
175855,93521,62204,62911,2019-12-06 13:04:09,15,1.0,0.07850731252725932,0.0,0.021059396331564634,False,206,2,0.0,0.0,0.0,4.0,0.15048543689320387,"Right direction, too cautious to show"
175889,102134,62630,62910,2019-12-06 15:36:13,17,1.0,0.19122588932949647,0.0,-0.06175094030094817,True,297,1,1.0,1.0,1.0,1.0,0.09764309764309764,"Right direction, too cautious to show"
175890,102134,62631,62910,2019-12-06 15:36:28,15,1.0,-0.03511034272013768,-0.0,-0.05935811744443541,True,298,0,0.0,0.0,2.0,3.0,0.10067114093959731,"New route, no community evidence"
175917,76265,62698,139551,2019-12-06 17:07:59,10,1.0,-0.47012259338670365,-0.0,-0.19823079207864522,True,34,0,0.0,0.0,1.0,13.0,0.058823529411764705,"New route, no community evidence"
175946,102361,62184,62912,2019-12-06 19:06:06,18,1.0,0.0026557432188841837,0.0,-0.0022086091905460428,False,164,0,0.0,0.0,0.0,0.0,0.1402439024390244,"New route, no community evidence"
175951,79197,62661,67124,2019-12-06 19:27:09,15,-1.0,-0.0056939373066475195,-0.0,0.002038595553270372,False,231,0,0.0,0.0,1.0,1.0,0.004329004329004329,"New route, no community evidence"
175953,92994,50092,41691,2019-12-06 19:44:54,6,1.0,0.42750950302019686,0.0,0.0067086356219637055,False,110,21,0.47619047619047616,10.0,2.0,2.0,0.05454545454545454,"Right direction, too cautious to show"
175976,35473,62154,67311,2019-12-06 20:16:34,11,1.0,0.07143894515102103,0.0,-0.007808171128236834,False,53,0,0.0,0.0,0.0,2.0,0.09433962264150944,"New route, no community evidence"
175991,56033,47972,115317,2019-12-06 21:03:42,18,-1.0,0.013833592577492317,0.0,0.028503555727646148,False,172,4,0.0,0.0,0.0,2.0,0.09302325581395349,"Lone dissent, no signal anywhere"
176000,73410,60603,62910,2019-12-06 21:13:54,12,-1.0,-0.47243749542097546,-0.0,-0.008746581556239677,False,128,3,-1.0,3.0,0.0,0.0,0.03125,"Right direction, too cautious to show"
176016,59174,62626,66603,2019-12-06 22:07:42,8,2.0,0.10041456710694038,0.0,0.049558197396131064,True,305,0,0.0,0.0,7.0,8.0,0.13114754098360656,"New route, no community evidence"
176069,43923,60647,13318,2019-12-07 00:00:00,14,1.0,-0.0012471022242605961,-0.0,0.0014993277433741855,False,317,10,0.0,0.0,0.0,2.0,0.015772870662460567,"Lone dissent, no signal anywhere"
176082,101001,54300,103283,2019-12-07 00:00:00,15,1.0,-0.03488496107077215,-0.0,0.08100393760086975,True,102,6,-0.16666666666666666,0.0,0.0,0.0,0.22549019607843138,Evidence pointed the other way
176115,94276,62142,143092,2019-12-07 00:10:54,17,1.0,0.017748988437281524,0.0,0.017218387874026887,False,230,3,0.0,0.0,0.0,3.0,0.021739130434782608,"Lone dissent, no signal anywhere"
176116,94276,62143,89288,2019-12-07 00:11:05,18,-1.0,0.014089335085297056,0.0,0.020842930289653356,False,231,2,0.0,0.0,1.0,8.0,0.012987012987012988,Other
176117,94276,62260,89288,2019-12-07 00:13:03,18,1.0,-0.037337116313889834,-0.0,0.01711466056863951,False,232,0,0.0,0.0,0.0,3.0,0.02586206896551724,"New route, no community evidence"
176130,35042,49089,118936,2019-12-07 01:58:40,10,-2.0,-0.45489609998463154,-0.0,0.0029149862636275994,False,94,10,-0.6,3.0,0.0,0.0,0.02127659574468085,"Right direction, too cautious to show"
176138,139975,62284,129969,2019-12-07 02:42:54,17,1.0,0.00934292004658259,0.0,0.060024941255672065,True,95,1,0.0,0.0,0.0,2.0,0.12631578947368421,"Right direction, too cautious to show"
176139,139975,62465,129143,2019-12-07 02:44:18,18,1.0,-0.004914411833878397,-0.0,0.06730918438682323,True,96,0,0.0,0.0,0.0,3.0,0.13541666666666666,"New route, no community evidence"
176191,66825,62661,67124,2019-12-07 11:43:13,15,-1.0,-0.2519610241128981,-0.0,0.008036349934466704,False,240,1,-1.0,1.0,0.0,0.0,0.0125,"Right direction, too cautious to show"
176192,66825,62657,67124,2019-12-07 11:43:23,14,1.0,-6.982709842687056e-05,-0.0,0.005374533361046514,False,241,0,0.0,0.0,1.0,1.0,0.016597510373443983,"New route, no community evidence"
176199,39980,62025,76973,2019-12-07 12:03:05,16,1.0,0.3733515420581706,0.0,0.008568933283446229,False,132,2,1.0,2.0,0.0,3.0,0.10606060606060606,"Right direction, too cautious to show"
176251,101958,54904,659,2019-12-07 14:47:00,13,1.0,0.03200592808629967,0.0,0.05639411627151447,False,55,2,0.0,0.0,0.0,1.0,0.12727272727272726,"Right direction, too cautious to show"
176268,35017,62627,66603,2019-12-07 15:52:31,19,2.0,0.567825680104613,1.0,0.10837328169040193,True,197,1,2.0,1.0,1.0,4.0,0.16243654822335024,"Right direction, too few steps"
176275,15222,57206,20278,2019-12-07 16:10:16,14,1.0,-0.09555061864424079,-0.0,-0.08972717848583206,True,59,3,0.0,0.0,0.0,4.0,0.1864406779661017,Other
176284,35017,61006,66603,2019-12-07 16:51:08,14,1.0,0.11952438852048228,0.0,0.11439082077285251,True,198,2,0.0,0.0,0.0,2.0,0.16666666666666666,"Right direction, too cautious to show"
176356,136271,61836,120741,2019-12-07 20:50:04,12,-1.0,-0.0007294144370371368,-0.0,0.01395537777756476,False,17,3,0.0,0.0,0.0,0.0,0.058823529411764705,"Lone dissent, no signal anywhere"
176400,82214,54336,82212,2019-12-08 00:00:00,13,1.0,0.0509661863456872,0.0,0.045501085103467724,False,103,6,0.0,0.0,0.0,0.0,0.22330097087378642,"Right direction, too cautious to show"
176425,82214,55593,82212,2019-12-08 00:00:00,8,1.0,0.08444975926259458,0.0,0.045501085103467724,False,103,5,0.0,0.0,0.0,1.0,0.22330097087378642,"Right direction, too cautious to show"
176447,17745,62370,82212,2019-12-08 00:00:00,20,1.0,-0.026831619679513682,-0.0,0.032699203066513166,False,136,0,0.0,0.0,0.0,0.0,0.18382352941176472,"New route, no community evidence"
176460,52926,62766,37417,2019-12-08 00:00:00,16,2.0,0.004328950271268825,0.0,0.06005454343117426,True,266,0,0.0,0.0,2.0,2.0,0.10902255639097744,"New route, no community evidence"
176464,142987,61371,136590,2019-12-08 00:00:00,18,1.0,-0.23499247368557458,-0.0,-0.11170649311007885,True,49,7,-0.14285714285714285,0.0,0.0,6.0,0.0,"Lone dissent, no signal anywhere"
176515,100944,45802,82638,2019-12-08 00:00:00,14,-1.0,0.08755278122522078,0.0,-0.012193615256417926,False,25,8,0.125,1.0,0.0,1.0,0.08,Evidence pointed the other way
176520,2050,62627,66603,2019-12-08 00:00:00,19,2.0,0.7398716301812873,1.0,-0.006119048132391233,False,133,2,2.0,2.0,0.0,3.0,0.022556390977443608,"Right direction, too few steps"
176522,2050,62180,66603,2019-12-08 00:00:00,17,-1.0,-0.18421077171640954,-0.0,-0.006119048132391233,False,133,5,-0.2,1.0,1.0,3.0,0.022556390977443608,"Right direction, too cautious to show"
176721,115680,62575,49641,2019-12-08 14:47:18,6,-1.0,0.03766509620710199,0.0,-0.014637747045725201,False,43,0,0.0,0.0,1.0,1.0,0.046511627906976744,"New route, no community evidence"
176725,114060,60037,69404,2019-12-08 15:03:17,14,-1.0,0.044329016712576226,0.0,0.054659818937216824,False,96,4,0.0,0.0,0.0,1.0,0.07291666666666667,"Lone dissent, no signal anywhere"
176738,114060,56269,69404,2019-12-08 15:44:54,16,-2.0,0.05312802982088641,0.0,0.047036979145749974,False,97,2,0.0,0.0,0.0,0.0,0.08247422680412371,"Lone dissent, no signal anywhere"
176739,114060,56270,69404,2019-12-08 15:45:04,19,-1.0,0.21936250615589825,0.0,0.03215268758665168,False,98,2,0.5,0.0,0.0,0.0,0.09183673469387756,"Lone dissent, no signal anywhere"
176822,117772,59662,37417,2019-12-08 17:54:28,13,-1.0,-0.4355413993501499,-0.0,-0.02987751441188537,False,25,11,-0.45454545454545453,5.0,0.0,1.0,0.04,"Right direction, too cautious to show"
176836,35473,49663,31269,2019-12-08 18:19:47,16,-1.0,-0.21951394929834223,-0.0,-0.0004875896251501227,False,56,1,-1.0,1.0,1.0,1.0,0.03571428571428571,"Right direction, too cautious to show"
176911,17949,60545,37417,2019-12-08 21:02:59,10,-2.0,0.13483135549074154,0.0,0.1490831046513984,True,288,10,0.0,0.0,0.0,4.0,0.03125,"Lone dissent, no signal anywhere"
176920,1465,38304,108170,2019-12-08 22:55:06,10,-2.0,-0.14687479563116684,-0.0,-0.013326740511587963,False,97,14,-0.14285714285714285,1.0,0.0,0.0,0.07216494845360824,"Right direction, too cautious to show"
176930,70623,62719,92233,2019-12-09 00:00:00,21,-1.0,0.031222800613602095,0.0,0.10702864037898922,True,81,0,0.0,0.0,1.0,1.0,0.12345679012345678,"New route, no community evidence"
176931,70623,62718,83006,2019-12-09 00:00:00,20,1.0,0.0685695040200164,0.0,0.10702864037898922,True,81,0,0.0,0.0,0.0,1.0,0.20987654320987653,"New route, no community evidence"
177037,37989,57107,101187,2019-12-09 00:00:00,15,1.0,0.4150543094798752,0.0,0.08646488108865696,True,155,8,0.5,6.0,0.0,0.0,0.0967741935483871,"Right direction, too cautious to show"
177052,60188,63128,2588,2019-12-09 00:00:00,14,1.0,0.04515275229474469,0.0,0.014122877820234482,False,64,0,0.0,0.0,5.0,8.0,0.0625,"New route, no community evidence"
177055,70624,63692,37417,2019-12-09 00:00:00,10,-2.0,0.07129340853738222,0.0,0.06519805923853683,True,92,0,0.0,0.0,3.0,4.0,0.010869565217391304,"New route, no community evidence"
177056,73306,62766,37417,2019-12-09 00:00:00,16,2.0,0.477645746636468,0.0,0.03458030103631415,False,215,1,2.0,1.0,1.0,1.0,0.11162790697674418,"Right direction, too cautious to show"
177060,60479,63539,82299,2019-12-09 00:12:05,13,1.0,-0.01499800037238004,-0.0,-0.02400002690537648,False,112,0,0.0,0.0,0.0,8.0,0.13392857142857142,"New route, no community evidence"
177157,79478,62396,87535,2019-12-09 12:56:16,20,-1.0,-0.253847685639537,-0.0,-0.16378107848581533,True,26,0,0.0,0.0,0.0,1.0,0.4230769230769231,"New route, no community evidence"
177160,119190,61753,42946,2019-12-09 13:04:40,6,1.0,0.48076425648248633,0.0,0.005168725351135384,False,31,2,1.0,2.0,3.0,3.0,0.16129032258064516,"Right direction, too cautious to show"
177187,31979,61837,79147,2019-12-09 15:04:36,10,-1.0,0.07393955939818281,0.0,-0.013599390284021247,False,62,0,0.0,0.0,0.0,0.0,0.04838709677419355,"New route, no community evidence"
177194,128570,60597,116188,2019-12-09 15:12:20,13,1.0,-0.0010710263045437352,-0.0,0.001152833812598366,False,93,7,0.0,0.0,0.0,3.0,0.07526881720430108,"Lone dissent, no signal anywhere"
177218,140458,62626,66603,2019-12-09 16:59:27,8,2.0,0.5289730480869402,1.0,0.0004948897771387041,False,44,1,2.0,1.0,6.0,7.0,0.0,"Right direction, too few steps"
177249,124249,62541,116826,2019-12-09 18:13:16,19,-2.0,-0.5799165995535962,-1.0,0.045945134282614555,False,19,2,-1.5,2.0,4.0,4.0,0.0,"Right direction, too few steps"
177254,93521,62630,62910,2019-12-09 18:15:27,17,1.0,0.43991226107984577,0.0,0.024439386971931428,False,210,2,1.0,2.0,0.0,0.0,0.1523809523809524,"Right direction, too cautious to show"
177255,93521,62813,62909,2019-12-09 18:19:03,8,2.0,0.06110724082387429,0.0,0.02667035952293853,False,211,0,0.0,0.0,0.0,3.0,0.15639810426540285,"New route, no community evidence"
177283,59576,61181,82638,2019-12-09 19:54:47,17,1.0,0.15400053837997246,0.0,0.1661605862070501,True,128,0,0.0,0.0,0.0,2.0,0.25,"New route, no community evidence"
177299,142611,51875,123761,2019-12-09 20:43:13,9,1.0,0.2519860041383361,0.0,-0.008699769754320272,False,26,1,1.0,1.0,0.0,0.0,0.07692307692307693,"Right direction, too cautious to show"
177318,94564,60218,143092,2019-12-09 21:27:12,15,1.0,0.17155030877347652,0.0,0.024655614538477092,False,49,4,0.25,1.0,1.0,1.0,0.04081632653061224,"Right direction, too cautious to show"
177319,62645,60999,66603,2019-12-09 21:32:14,10,2.0,0.37484030094450715,0.0,0.0014897666662165273,False,174,7,0.5714285714285714,2.0,0.0,2.0,0.12643678160919541,"Right direction, too cautious to show"
177334,142611,60301,123761,2019-12-09 21:45:05,16,-1.0,-0.04459672388967402,-0.0,0.003063449985249502,False,28,0,0.0,0.0,1.0,1.0,0.07142857142857142,"New route, no community evidence"
177394,76953,41312,45741,2019-12-10 00:00:00,14,1.0,-0.13341206373087788,-0.0,8.022110816567107e-05,False,36,13,-0.15384615384615385,0.0,0.0,0.0,0.027777777777777776,"Lone dissent, no signal anywhere"
177412,20442,62947,21,2019-12-10 00:00:00,14,-1.0,-0.23912123663375376,-0.0,-0.0033877732808527666,False,164,1,-1.0,1.0,4.0,5.0,0.024390243902439025,"Right direction, too cautious to show"
177415,57739,63138,87145,2019-12-10 00:00:00,8,-2.0,-0.17729776775434536,-0.0,-0.1359287766029969,True,210,0,0.0,0.0,0.0,4.0,0.1619047619047619,"New route, no community evidence"
177487,96915,60218,143092,2019-12-10 06:00:00,15,1.0,0.23629416902131284,0.0,-0.015219782584196392,False,51,5,0.4,2.0,0.0,0.0,0.0784313725490196,"Right direction, too cautious to show"
177488,96915,62143,89288,2019-12-10 06:00:00,18,-1.0,-0.13598682380912436,-0.0,-0.015219782584196392,False,51,6,-0.16666666666666666,1.0,0.0,4.0,0.11764705882352941,"Right direction, too cautious to show"
177489,96915,55021,89286,2019-12-10 06:00:00,18,1.0,-0.0706657399011813,-0.0,-0.015219782584196392,False,51,3,0.0,0.0,0.0,1.0,0.0784313725490196,"Lone dissent, no signal anywhere"
177491,87934,62984,119512,2019-12-10 06:00:00,15,2.0,0.03297513179843344,0.0,0.05616333347351304,False,24,0,0.0,0.0,1.0,2.0,0.20833333333333334,"New route, no community evidence"
177500,94564,51985,89283,2019-12-10 06:27:44,17,1.0,0.03425816362833467,0.0,0.03286044424996996,False,50,4,0.0,0.0,0.0,0.0,0.06,"Lone dissent, no signal anywhere"
177549,145181,62423,20278,2019-12-10 09:51:18,18,1.0,0.19651466990970773,0.0,0.009121712715876872,False,65,3,0.3333333333333333,1.0,0.0,4.0,0.015384615384615385,"Right direction, too cautious to show"
177550,145181,62427,20278,2019-12-10 09:51:36,17,-1.0,0.028974744174985065,0.0,0.01662356121116395,False,66,4,0.0,0.0,0.0,2.0,0.030303030303030304,"Lone dissent, no signal anywhere"
177551,145181,57372,143880,2019-12-10 09:52:31,15,1.0,0.11795971386165544,0.0,0.007037498881307591,False,67,4,0.25,1.0,0.0,0.0,0.029850746268656716,"Right direction, too cautious to show"
177555,143644,63325,131495,2019-12-10 12:02:30,14,1.0,0.02924534265248238,0.0,0.07307343770809592,False,29,0,0.0,0.0,0.0,1.0,0.1724137931034483,"New route, no community evidence"
177647,107182,60153,132130,2019-12-10 19:19:21,14,-1.0,-0.08610610156524319,-0.0,-0.0020995099188173927,False,22,5,-0.2,1.0,0.0,4.0,0.045454545454545456,"Right direction, too cautious to show"
177652,93521,49961,62909,2019-12-10 19:21:48,14,1.0,0.03344863130075818,0.0,0.030303243691745668,False,215,3,0.0,0.0,0.0,0.0,0.15813953488372093,"Right direction, too cautious to show"
177691,79197,62657,67124,2019-12-10 20:10:19,14,1.0,0.25078462740360596,0.0,0.0037987589518288117,False,261,1,1.0,1.0,0.0,0.0,0.0,"Right direction, too cautious to show"
177695,15222,62545,20278,2019-12-10 20:17:17,13,1.0,-0.0843804774392054,-0.0,-0.0803471418513797,True,60,2,0.0,0.0,1.0,6.0,0.2,Other
177696,35473,21689,67311,2019-12-10 20:20:06,14,-1.0,-0.2237188820345823,-0.0,-0.00943334172666523,False,58,15,-0.26666666666666666,2.0,0.0,1.0,0.05172413793103448,"Right direction, too cautious to show"
177697,15222,60474,89530,2019-12-10 20:20:43,14,2.0,-0.07970420605005447,-0.0,-0.06961461952079123,True,61,7,0.0,0.0,0.0,8.0,0.21311475409836064,Other
177698,15222,60466,27393,2019-12-10 20:22:15,14,-2.0,-0.054474192592575625,-0.0,-0.04922851048497115,False,62,0,0.0,0.0,0.0,5.0,0.2903225806451613,"New route, no community evidence"
177699,144428,51392,37417,2019-12-10 20:23:50,15,-1.0,0.02275655778761107,0.0,0.055342699485201055,False,34,6,0.0,0.0,0.0,0.0,0.029411764705882353,"Lone dissent, no signal anywhere"
177736,54050,62627,66603,2019-12-10 20:57:16,19,-1.0,1.2642850779541004,1.0,0.3071224422255322,True,246,3,2.0,0.0,1.0,2.0,0.06910569105691057,"Early dissent, confirmed later"
177740,54050,62626,66603,2019-12-10 20:59:30,8,2.0,1.119365321345294,1.0,0.298194213639333,True,248,2,2.0,2.0,5.0,6.0,0.28225806451612906,"Right direction, too few steps"
177748,130220,62028,76973,2019-12-10 21:11:54,13,1.0,-0.10359983918792237,-0.0,-0.24459529210714717,True,37,3,0.3333333333333333,1.0,0.0,0.0,0.08108108108108109,Evidence pointed the other way
177755,81780,62226,38040,2019-12-10 21:27:07,18,1.0,0.1606881328496407,0.0,0.17538808929709046,True,155,4,0.0,0.0,0.0,1.0,0.18064516129032257,"Right direction, too cautious to show"
177787,87346,52460,85027,2019-12-10 23:06:58,16,1.0,-0.06131704242755372,-0.0,-0.027454084453786037,False,135,0,0.0,0.0,0.0,1.0,0.07407407407407407,"New route, no community evidence"
177805,73807,56776,129197,2019-12-10 23:31:29,16,1.0,-0.013604087889174298,-0.0,-0.015082607831908451,False,85,7,0.0,1.0,0.0,0.0,0.09411764705882353,Other
177841,71943,63267,92074,2019-12-11 00:00:00,8,-2.0,0.6548118326686063,1.0,0.5960507878253116,True,314,0,0.0,0.0,0.0,5.0,0.050955414012738856,"New route, no community evidence"
177843,71943,62390,92071,2019-12-11 00:00:00,10,2.0,-0.1488584844610093,-0.0,0.5960507878253116,True,314,2,-2.0,0.0,0.0,2.0,0.49363057324840764,Evidence pointed the other way
177867,43923,63161,13318,2019-12-11 00:00:00,12,1.0,0.02523990492387851,0.0,0.004116284672478429,False,318,0,0.0,0.0,1.0,5.0,0.018867924528301886,"New route, no community evidence"
177879,108538,62592,103219,2019-12-11 00:00:00,15,-1.0,0.004562407130775971,0.0,0.00935971546518474,False,70,2,0.0,0.0,0.0,1.0,0.014285714285714285,"Lone dissent, no signal anywhere"
177904,1063,55260,39995,2019-12-11 00:09:12,13,1.0,0.06657185291104767,0.0,0.05418942220536353,True,126,7,0.0,0.0,1.0,3.0,0.07936507936507936,"Early dissent, confirmed later"
177916,86839,62401,87534,2019-12-11 01:03:02,18,-1.0,0.0006672496277073045,0.0,0.03528445552158918,False,248,1,0.0,0.0,0.0,0.0,0.03225806451612903,"Lone dissent, no signal anywhere"
177934,94390,62995,89289,2019-12-11 06:00:00,10,-2.0,0.029426022396287957,0.0,-0.023558489358518123,False,656,0,0.0,0.0,0.0,4.0,0.13871951219512196,"New route, no community evidence"
177935,94390,62992,143092,2019-12-11 06:00:00,12,-2.0,-0.004865438616797583,-0.0,-0.023558489358518123,False,656,2,0.0,0.0,0.0,12.0,0.13871951219512196,"Right direction, too cautious to show"
177937,94390,62997,89289,2019-12-11 06:00:00,14,1.0,-0.010704200508760314,-0.0,-0.023558489358518123,False,656,0,0.0,0.0,1.0,7.0,0.13109756097560976,"New route, no community evidence"
177938,94390,62996,89289,2019-12-11 06:00:00,17,-1.0,-0.043704072269977384,-0.0,-0.023558489358518123,False,656,1,0.0,0.0,0.0,5.0,0.13871951219512196,"Right direction, too cautious to show"
177939,94390,61026,89286,2019-12-11 06:00:00,17,-1.0,-0.25154106664092646,-0.0,-0.023558489358518123,False,656,11,-0.2727272727272727,2.0,0.0,2.0,0.13871951219512196,"Right direction, too cautious to show"
177961,61881,63338,71304,2019-12-11 07:05:44,15,-1.0,-0.09795577091286221,-0.0,-0.056307310273019724,True,118,0,0.0,0.0,3.0,3.0,0.06779661016949153,"New route, no community evidence"
178074,129255,44543,41255,2019-12-11 11:02:52,10,-2.0,-1.391148133191185,-1.0,-0.0574225367388521,False,32,12,-1.6666666666666667,10.0,0.0,1.0,0.1875,"Right direction, too few steps"
178090,123943,56608,132130,2019-12-11 13:04:25,11,-1.0,-0.13465045942977832,-0.0,-0.02289243275429286,False,24,12,-0.16666666666666666,2.0,1.0,3.0,0.041666666666666664,"Right direction, too cautious to show"
178093,61881,63480,66603,2019-12-11 13:56:01,15,2.0,-0.07580025634800618,-0.0,-0.061980544418221845,True,119,0,0.0,0.0,4.0,6.0,0.04201680672268908,"New route, no community evidence"
178095,62304,63359,62304,2019-12-11 14:07:07,13,-1.0,-0.030945918147179893,-0.0,0.006922996296542753,False,20,1,0.0,0.0,0.0,1.0,0.1,"Right direction, too cautious to show"
178132,59174,63342,66603,2019-12-11 16:25:03,8,2.0,0.10845572879620421,0.0,0.05146734565312045,True,308,0,0.0,0.0,2.0,3.0,0.1331168831168831,"New route, no community evidence"
178138,143970,56211,70297,2019-12-11 17:09:08,19,-2.0,-1.26539536270783,-1.0,-0.18900653724407024,True,59,2,-2.5,2.0,2.0,2.0,0.4745762711864407,"Right direction, too few steps"
178193,57968,63128,2588,2019-12-11 19:33:23,14,1.0,0.27947098673046283,0.0,0.010434922769329497,False,139,1,1.0,1.0,4.0,7.0,0.02158273381294964,"Right direction, too cautious to show"
178201,142037,39117,62909,2019-12-11 19:58:16,6,1.0,0.14122065997541305,0.0,0.016830271043173924,False,19,5,0.2,3.0,0.0,0.0,0.21052631578947367,"Right direction, too cautious to show"
178229,141536,62846,123761,2019-12-11 21:09:29,11,-1.0,-0.316111366942498,-0.0,-0.07267694302555364,True,44,1,-1.0,1.0,1.0,1.0,0.18181818181818182,"Right direction, too cautious to show"
178238,44866,62076,37417,2019-12-11 21:18:20,18,-1.0,0.0714807678768821,0.0,0.1741845852627667,True,86,2,0.0,0.0,0.0,0.0,0.06976744186046512,"Lone dissent, no signal anywhere"
178242,44866,46245,37417,2019-12-11 21:19:48,18,1.0,0.20662792047920164,0.0,0.16611082532501822,True,88,9,0.1111111111111111,1.0,0.0,0.0,0.23863636363636365,"Right direction, too cautious to show"
178243,44866,59652,72763,2019-12-11 21:20:59,17,1.0,0.2183734964970465,0.0,0.17226058953653467,True,89,6,0.16666666666666666,1.0,0.0,0.0,0.24719101123595505,"Right direction, too cautious to show"
178329,35831,63480,66603,2019-12-12 00:00:00,15,3.0,0.4933209221862981,0.0,-0.011710276426666666,False,82,1,2.0,1.0,3.0,5.0,0.08536585365853659,"Right direction, too cautious to show"
178330,35831,63341,66603,2019-12-12 00:00:00,15,-1.0,-0.02193222307944584,-0.0,-0.011710276426666666,False,82,0,0.0,0.0,4.0,4.0,0.07317073170731707,"New route, no community evidence"
178335,44689,60972,37430,2019-12-12 00:00:00,17,1.0,0.039148931411267254,0.0,0.07130132370829492,True,393,3,0.0,0.0,0.0,0.0,0.089058524173028,"Lone dissent, no signal anywhere"
178393,113678,61758,83004,2019-12-12 00:00:00,14,-1.0,0.021193150209255465,0.0,0.004681507852208913,False,80,1,0.0,0.0,0.0,1.0,0.0,"Lone dissent, no signal anywhere"
178394,113678,61759,92233,2019-12-12 00:00:00,13,-1.0,-9.916801735796506e-05,-0.0,0.004681507852208913,False,80,1,0.0,0.0,0.0,2.0,0.0,"Lone dissent, no signal anywhere"
178408,74170,63489,659,2019-12-12 00:00:00,15,1.0,-0.10235768573107767,-0.0,-0.057574881890435484,False,40,0,0.0,0.0,0.0,0.0,0.175,"New route, no community evidence"
178466,94472,55708,89288,2019-12-12 06:00:00,21,2.0,0.3306525510209507,0.0,0.0702732118473805,True,252,3,0.6666666666666666,1.0,0.0,0.0,0.05952380952380952,"Right direction, too cautious to show"
178478,140657,62997,89289,2019-12-12 06:00:00,14,1.0,0.3145841712623236,0.0,0.10480465064730213,True,70,2,0.5,1.0,0.0,5.0,0.08571428571428572,"Right direction, too cautious to show"
178480,94354,59906,89286,2019-12-12 06:00:00,13,-1.0,-0.0974065092762703,-0.0,-0.010777629219412523,False,154,10,-0.1,1.0,0.0,4.0,0.006493506493506494,"Right direction, too cautious to show"
178493,2904,63128,2588,2019-12-12 06:24:09,14,1.0,0.4199759552734485,0.0,0.006796826750299978,False,36,2,1.0,2.0,3.0,6.0,0.027777777777777776,"Right direction, too cautious to show"
178533,110137,63479,108807,2019-12-12 11:45:26,16,1.0,0.14149758493235545,0.0,0.14323673770094247,True,28,1,0.0,0.0,0.0,2.0,0.32142857142857145,"Right direction, too cautious to show"
178610,77396,62837,105446,2019-12-12 19:47:48,11,-2.0,-0.12710150146753482,-0.0,-0.006897927618870272,False,61,3,0.0,0.0,0.0,1.0,0.08196721311475409,"Lone dissent, no signal anywhere"
178635,113372,60651,108344,2019-12-12 20:20:32,6,2.0,0.40681245795014587,0.0,-0.005199942958152984,False,36,2,1.0,1.0,0.0,1.0,0.0,"Right direction, too cautious to show"
178645,102134,61598,62910,2019-12-12 20:31:42,6,1.0,0.03254920456898335,0.0,-0.05814702289533738,True,301,1,0.0,0.0,1.0,1.0,0.10299003322259136,"Early dissent, confirmed later"
178671,117634,63469,20278,2019-12-12 20:52:25,16,-1.0,-0.0025280316154762048,-0.0,0.020689402720287468,False,29,0,0.0,0.0,1.0,16.0,0.27586206896551724,"New route, no community evidence"
178672,117634,63471,20278,2019-12-12 20:53:08,18,-1.0,-0.03872984372309043,-0.0,0.006447741053705568,False,30,0,0.0,0.0,1.0,13.0,0.3,"New route, no community evidence"
178673,117634,63475,136590,2019-12-12 20:54:01,19,-1.0,-0.14071655855895263,-0.0,-0.007110078370684474,False,31,0,0.0,0.0,4.0,10.0,0.3225806451612903,"New route, no community evidence"
178712,39819,44594,31807,2019-12-12 21:34:59,8,2.0,1.1372761994159322,1.0,-0.0634049485080391,False,22,4,2.0,4.0,0.0,0.0,0.045454545454545456,"Right direction, too few steps"
178726,922,63453,70815,2019-12-12 21:59:21,6,2.0,0.11434316289308707,0.0,0.04539749037015128,False,102,1,0.0,0.0,1.0,4.0,0.10784313725490197,"Early dissent, confirmed later"
178750,112005,63251,89530,2019-12-12 22:22:32,17,-1.0,-0.17227196262529657,-0.0,-0.08301675999483105,True,46,1,0.0,0.0,0.0,5.0,0.2608695652173913,"Right direction, too cautious to show"
178773,104879,62830,91522,2019-12-12 23:50:47,8,2.0,-0.12257910278841727,-0.0,-0.05419535916693892,False,34,0,0.0,0.0,0.0,0.0,0.029411764705882353,"New route, no community evidence"
178775,104879,52959,7246,2019-12-12 23:51:50,12,-1.0,-0.29116705635861556,-0.0,-0.02625349242650461,False,36,1,-1.0,1.0,0.0,0.0,0.05555555555555555,"Right direction, too cautious to show"
178780,65842,62669,62304,2019-12-13 00:00:00,19,-1.0,-0.287069733280381,-0.0,0.03227288156887558,False,94,1,-1.0,1.0,0.0,1.0,0.06382978723404255,"Right direction, too cautious to show"
178787,77905,63161,13318,2019-12-13 00:00:00,12,1.0,0.20786480787263645,0.0,-0.002800007765371979,False,418,2,0.5,1.0,0.0,3.0,0.0645933014354067,"Right direction, too cautious to show"
178788,77905,63151,38028,2019-12-13 00:00:00,13,2.0,0.009224707101867204,0.0,-0.002800007765371979,False,418,1,0.0,0.0,2.0,3.0,0.0645933014354067,"Early dissent, confirmed later"
178806,35831,63746,71304,2019-12-13 00:00:00,14,-1.0,-0.03381976635104408,-0.0,-0.000253515405346822,False,85,0,0.0,0.0,0.0,1.0,0.08235294117647059,"New route, no community evidence"
178809,35831,63338,71304,2019-12-13 00:00:00,15,-1.0,-0.2694056012885326,-0.0,-0.000253515405346822,False,85,1,-1.0,1.0,2.0,2.0,0.08235294117647059,"Right direction, too cautious to show"
178863,143970,63767,139759,2019-12-13 01:00:00,15,-2.0,-0.5780352728028825,-1.0,-0.1947220383333765,True,60,0,0.0,0.0,11.0,11.0,0.48333333333333334,"New route, no community evidence"
178864,143970,63771,139759,2019-12-13 01:00:00,20,-2.0,-0.6283450746581161,-1.0,-0.1947220383333765,True,60,0,0.0,0.0,6.0,6.0,0.48333333333333334,"New route, no community evidence"
178865,143970,63777,139759,2019-12-13 01:00:00,17,-2.0,-0.5981591935449759,-1.0,-0.1947220383333765,True,60,0,0.0,0.0,8.0,8.0,0.48333333333333334,"New route, no community evidence"
178897,94390,62990,89288,2019-12-13 06:00:00,15,1.0,-0.06365690366169136,-0.0,-0.030019750757828968,True,664,3,0.0,0.0,1.0,3.0,0.13102409638554216,"Early dissent, confirmed later"
178902,94390,63611,89288,2019-12-13 06:00:00,10,2.0,-0.0006357455766183365,-0.0,-0.030019750757828968,True,664,0,0.0,0.0,0.0,1.0,0.13102409638554216,"New route, no community evidence"
178903,94390,63613,89286,2019-12-13 06:00:00,14,1.0,-0.05841980883388076,-0.0,-0.030019750757828968,True,664,1,0.0,0.0,0.0,7.0,0.13102409638554216,Other
178905,87934,62985,114796,2019-12-13 06:00:00,19,1.0,0.017160005182346984,0.0,0.0787467468867019,False,25,0,0.0,0.0,1.0,1.0,0.24,"New route, no community evidence"
178928,65842,53961,62844,2019-12-13 08:37:16,13,2.0,0.37645843433557047,0.0,0.033177984625702144,False,97,3,0.6666666666666666,1.0,0.0,0.0,0.09278350515463918,"Right direction, too cautious to show"
178945,100250,63606,136590,2019-12-13 10:48:40,15,-1.0,-0.10641036506333265,-0.0,-0.031937821530935495,False,38,1,0.0,0.0,1.0,13.0,0.13157894736842105,"Right direction, too cautious to show"
178992,145318,56619,132130,2019-12-13 13:19:16,11,1.0,0.34944417115013837,0.0,-0.021602775453683894,False,20,14,0.42857142857142855,7.0,3.0,3.0,0.0,"Right direction, too cautious to show"
179032,112423,61532,659,2019-12-13 17:39:35,15,2.0,-0.050132850699438444,-0.0,-0.008350261501123401,False,122,0,0.0,0.0,0.0,0.0,0.040983606557377046,"New route, no community evidence"
179067,144428,63723,70815,2019-12-13 19:42:24,8,-2.0,0.08725002279195228,0.0,0.044133740749793766,False,35,0,0.0,0.0,4.0,4.0,0.05714285714285714,"New route, no community evidence"
179075,145961,63444,143880,2019-12-13 19:49:50,16,-2.0,-0.03490856523672881,-0.0,0.013626971846140317,False,57,0,0.0,0.0,0.0,1.0,0.017543859649122806,"New route, no community evidence"
179124,145088,60470,27393,2019-12-13 20:37:28,16,1.0,0.028288676639416525,0.0,0.020525870464154126,False,53,6,0.0,0.0,0.0,4.0,0.03773584905660377,"Lone dissent, no signal anywhere"
179128,144428,55800,70815,2019-12-13 20:46:57,10,2.0,-1.0801956324175506,-1.0,0.011779385764530506,False,41,10,-1.4,0.0,0.0,0.0,0.0975609756097561,"Lone dissent, no signal anywhere"
179136,26546,62626,66603,2019-12-13 20:59:37,8,2.0,0.9486928149187379,1.0,-0.021228724022235627,False,259,3,2.0,3.0,4.0,5.0,0.023166023166023165,"Right direction, too few steps"
179139,26546,63338,71304,2019-12-13 21:00:30,15,-1.0,-0.43349649713741834,-0.0,-0.01733368238745015,False,262,2,-1.0,2.0,1.0,1.0,0.019083969465648856,"Right direction, too cautious to show"
179156,137837,63767,139759,2019-12-13 21:45:10,15,-2.0,-0.8534377790670455,-1.0,-0.07390073136660855,True,70,1,-2.0,1.0,10.0,10.0,0.2,"Right direction, too few steps"
179158,137837,63773,139759,2019-12-13 21:45:31,15,-3.0,-0.5262883869519506,-1.0,-0.08779970464736427,True,71,0,0.0,0.0,10.0,10.0,0.2112676056338028,"New route, no community evidence"
179159,137837,63777,139759,2019-12-13 21:45:47,17,-2.0,-0.9431433926925636,-1.0,-0.11037905340524935,True,72,1,-2.0,1.0,7.0,7.0,0.2222222222222222,"Right direction, too few steps"
179160,76265,63771,139759,2019-12-13 21:45:48,20,-2.0,-1.0482416368896366,-1.0,-0.17921717773615845,True,35,1,-2.0,1.0,5.0,5.0,0.6285714285714286,"Right direction, too few steps"
179219,143970,63773,139759,2019-12-13 23:18:54,15,-3.0,-1.355984586040286,-1.0,-0.23238741183935158,True,64,1,-3.0,1.0,9.0,9.0,0.5,"Right direction, too few steps"
179238,45501,46237,41691,2019-12-14 00:00:00,13,1.0,0.0663024376567217,0.0,0.06682753359121013,True,228,44,0.0,0.0,0.0,1.0,0.08333333333333333,"Lone dissent, no signal anywhere"
179241,45501,63749,13318,2019-12-14 00:00:00,16,-1.0,0.05407745955259263,0.0,0.06682753359121013,True,228,0,0.0,0.0,2.0,9.0,0.008771929824561403,"New route, no community evidence"
179259,43296,63749,13318,2019-12-14 00:00:00,16,-2.0,-0.0019811590356963726,-0.0,0.010768915002921119,False,396,0,0.0,0.0,2.0,9.0,0.020202020202020204,"New route, no community evidence"
179262,43296,63151,38028,2019-12-14 00:00:00,13,1.0,0.421494951960367,0.0,0.010768915002921119,False,396,2,1.0,1.0,1.0,2.0,0.03787878787878788,"Right direction, too cautious to show"
179267,6835,62631,62910,2019-12-14 00:00:00,15,1.0,0.2766921165398444,0.0,-0.009597351677083768,False,114,1,1.0,1.0,1.0,2.0,0.08771929824561403,"Right direction, too cautious to show"
179278,143880,62429,42391,2019-12-14 00:00:00,12,1.0,-0.0649990462622743,-0.0,-0.056450020730751754,False,25,7,0.0,0.0,0.0,7.0,0.04,"Lone dissent, no signal anywhere"
179400,71943,63453,70815,2019-12-14 09:01:13,6,2.0,1.0332995158280656,1.0,0.5901953177630826,True,320,2,1.0,1.0,0.0,3.0,0.4875,"Right direction, too few steps"
179401,71943,63723,70815,2019-12-14 09:01:57,8,-2.0,0.10887853762961267,0.0,0.5928731583793801,True,321,1,-2.0,1.0,3.0,3.0,0.0529595015576324,Evidence pointed the other way
179503,62645,63655,66603,2019-12-14 14:34:43,12,-2.0,0.02986207277676476,0.0,0.008157887236187185,False,176,0,0.0,0.0,5.0,6.0,0.13068181818181818,"New route, no community evidence"
179504,62645,63481,71304,2019-12-14 14:35:44,8,-2.0,0.030547347845526443,0.0,-0.0011962849708442066,False,177,1,0.0,0.0,3.0,4.0,0.13559322033898305,"Early dissent, confirmed later"
179506,83748,61446,70297,2019-12-14 14:39:49,14,1.0,-0.07856640596461455,-0.0,0.003188071599171555,False,28,3,0.0,0.0,0.0,3.0,0.03571428571428571,"Lone dissent, no signal anywhere"
179514,83748,58546,69404,2019-12-14 15:42:12,19,-2.0,-0.06458378492628158,-0.0,0.01842194535102405,False,30,0,0.0,0.0,0.0,0.0,0.03333333333333333,"New route, no community evidence"
179517,29802,63477,103283,2019-12-14 15:43:45,20,-2.0,-0.15066795180151027,-0.0,-0.11120157072389422,True,41,0,0.0,0.0,0.0,0.0,0.34146341463414637,"New route, no community evidence"
179526,139113,62846,123761,2019-12-14 16:25:26,11,-1.0,-0.39918629474097117,-0.0,-0.020610164328189903,False,22,2,-1.0,2.0,0.0,0.0,0.13636363636363635,"Right direction, too cautious to show"
179533,139113,62845,123761,2019-12-14 16:39:57,6,-1.0,-0.378598715531559,-0.0,-0.030104993056017878,False,23,2,-1.0,2.0,0.0,1.0,0.17391304347826086,"Right direction, too cautious to show"
179550,112005,63471,20278,2019-12-14 17:10:23,18,-1.0,-0.22661198548527284,-0.0,-0.08734844868383425,True,48,4,-0.25,1.0,0.0,9.0,0.2708333333333333,"Right direction, too cautious to show"
179556,61615,63650,71304,2019-12-14 17:13:49,13,-1.0,-0.03842231906429609,-0.0,-0.010680056463929942,False,26,0,0.0,0.0,2.0,3.0,0.0,"New route, no community evidence"
179559,112005,63475,136590,2019-12-14 17:14:40,19,-2.0,-0.814348479419894,-1.0,-0.09545934870193033,True,49,3,-1.3333333333333333,3.0,1.0,7.0,0.2857142857142857,"Right direction, too few steps"
179588,59485,58675,71304,2019-12-14 19:00:00,10,-2.0,-1.060155064583067,-1.0,-0.029523020129566768,False,162,7,-1.4285714285714286,6.0,0.0,0.0,0.043209876543209874,"Right direction, too few steps"
179589,59485,63481,71304,2019-12-14 19:01:58,8,-2.0,-0.4125000201039703,-0.0,-0.03416077168240242,False,163,2,-1.0,1.0,2.0,3.0,0.049079754601226995,"Right direction, too cautious to show"
179712,92131,63604,105820,2019-12-15 00:00:00,10,1.0,0.038267203795269586,0.0,0.012270938169859125,False,98,0,0.0,0.0,0.0,1.0,0.1326530612244898,"New route, no community evidence"
179716,44689,63692,37417,2019-12-15 00:00:00,10,-2.0,-0.7351836484300964,-1.0,0.07185991988841325,True,407,2,-2.0,2.0,1.0,2.0,0.029484029484029485,"Right direction, too few steps"
179717,44689,55445,37417,2019-12-15 00:00:00,13,1.0,0.1915191920667515,0.0,0.07185991988841325,True,407,11,0.18181818181818182,2.0,0.0,1.0,0.08845208845208845,"Right direction, too cautious to show"
179747,142987,63606,136590,2019-12-15 00:00:00,15,-1.0,-0.33107635986294603,-0.0,-0.07627457554087502,True,60,2,-0.5,1.0,0.0,12.0,0.2,"Right direction, too cautious to show"
179756,21812,55813,7246,2019-12-15 00:00:00,14,2.0,1.1355987222003274,1.0,0.011235109270983116,False,108,4,2.0,4.0,0.0,0.0,0.037037037037037035,"Right direction, too few steps"
179758,31373,54156,79690,2019-12-15 00:00:00,17,1.0,0.05502975365979983,0.0,0.10228608104721487,True,161,3,0.0,0.0,0.0,0.0,0.08695652173913043,"Lone dissent, no signal anywhere"
179770,43923,63160,13318,2019-12-15 00:00:00,12,2.0,0.01611514472558772,0.0,0.006088824593397616,False,320,1,0.0,0.0,0.0,3.0,0.021875,"Lone dissent, no signal anywhere"
179795,109645,62626,66603,2019-12-15 00:00:00,8,2.0,1.0857685918913758,1.0,-0.03365718582086844,False,296,4,2.0,4.0,3.0,4.0,0.016891891891891893,"Right direction, too few steps"
179865,94369,59352,89289,2019-12-15 08:34:14,17,1.0,0.0221350379706462,0.0,0.02606950810276845,False,221,7,0.0,0.0,0.0,0.0,0.06787330316742081,"Lone dissent, no signal anywhere"
179866,91314,63374,60695,2019-12-15 08:34:23,17,-1.0,-0.055934816414332435,-0.0,-0.0038262843935802956,False,34,0,0.0,0.0,1.0,1.0,0.11764705882352941,"New route, no community evidence"
179870,91315,63372,60695,2019-12-15 08:36:48,15,-1.0,-0.03802673670249302,-0.0,-0.002072716590631856,False,32,0,0.0,0.0,1.0,2.0,0.0,"New route, no community evidence"
179938,62304,60945,62304,2019-12-15 14:41:09,19,-1.0,-0.09966077293737284,-0.0,-0.0010333793767728326,False,24,0,0.0,0.0,0.0,0.0,0.125,"New route, no community evidence"
179964,144498,60982,70297,2019-12-15 15:08:41,15,-2.0,-1.2437366492097246,-1.0,-0.11505600284624133,True,19,4,-2.0,4.0,8.0,8.0,0.47368421052631576,"Right direction, too few steps"
179966,144498,63767,139759,2019-12-15 15:10:10,15,-2.0,-1.3362536386329609,-1.0,-0.12766039147030045,True,20,3,-2.0,3.0,8.0,8.0,0.5,"Right direction, too few steps"
179967,144498,63771,139759,2019-12-15 15:10:40,20,-2.0,-1.2261185140472681,-1.0,-0.14116703492180677,True,21,2,-2.0,2.0,4.0,4.0,0.5238095238095238,"Right direction, too few steps"
179999,146609,59484,132130,2019-12-15 15:36:13,6,1.0,0.3712219070879235,0.0,0.02059890274005926,False,78,16,0.375,6.0,0.0,1.0,0.10256410256410256,"Right direction, too cautious to show"
180006,146610,56654,129197,2019-12-15 15:48:58,15,-1.0,-0.06887507910617724,-0.0,-0.06979970648344307,True,53,10,0.0,0.0,0.0,1.0,0.11320754716981132,"Right direction, too cautious to show"
180020,69787,60100,107783,2019-12-15 15:58:42,13,-1.0,-0.2306702691681796,-0.0,0.010147811561380218,False,123,6,-0.3333333333333333,3.0,0.0,0.0,0.008130081300813009,"Right direction, too cautious to show"
180037,110604,47899,42946,2019-12-15 16:24:25,6,1.0,0.033906552596774206,0.0,-0.03918367876786493,False,20,16,0.0625,8.0,0.0,0.0,0.1,"Right direction, too cautious to show"
180043,59174,63341,66603,2019-12-15 16:27:18,15,-1.0,-0.19905576698751762,-0.0,0.056191177493536595,True,311,1,-1.0,1.0,3.0,3.0,0.09003215434083602,"Right direction, too cautious to show"
180044,59174,63655,66603,2019-12-15 16:28:19,12,-2.0,-0.42996987775535245,-0.0,0.05391582402400739,True,312,1,-2.0,1.0,4.0,5.0,0.09294871794871795,"Right direction, too cautious to show"
180048,121307,58310,87536,2019-12-15 16:28:37,13,1.0,-0.627201619916774,-1.0,0.021828740613212983,False,107,5,-1.0,0.0,0.0,0.0,0.018691588785046728,"Lone dissent, no signal anywhere"
180066,81768,63300,87035,2019-12-15 16:39:26,11,1.0,0.08110435855754496,0.0,0.048153861935660125,True,343,0,0.0,0.0,0.0,3.0,0.11078717201166181,"New route, no community evidence"
180071,60596,63481,71304,2019-12-15 16:41:05,8,-2.0,-0.6438548774309237,-1.0,-0.0020752319114159777,False,45,3,-1.3333333333333333,2.0,1.0,2.0,0.0,"Right direction, too few steps"
180146,137169,62541,116826,2019-12-15 18:47:26,19,-2.0,-0.8481889636584441,-1.0,0.015054905201442688,False,21,3,-1.6666666666666667,3.0,3.0,3.0,0.0,"Right direction, too few steps"
180150,141536,62744,123761,2019-12-15 18:57:42,13,-1.0,-0.4887237444852727,-0.0,-0.0744970850476314,True,46,2,-1.0,2.0,1.0,1.0,0.1956521739130435,"Right direction, too cautious to show"
180180,92443,55565,76970,2019-12-15 19:46:13,13,1.0,0.0023060202687272026,0.0,-0.01927997642057602,False,118,6,0.0,0.0,0.0,0.0,0.06779661016949153,"Lone dissent, no signal anywhere"
180187,110475,56862,11941,2019-12-15 20:04:18,15,-1.0,-0.1025404298233652,-0.0,0.006397705552443114,False,99,6,-0.16666666666666666,1.0,0.0,2.0,0.010101010101010102,"Right direction, too cautious to show"
180231,82211,62242,82215,2019-12-15 22:13:05,14,1.0,0.06213883412632663,0.0,-0.07667107217367748,True,160,3,0.3333333333333333,1.0,0.0,1.0,0.08125,"Right direction, too cautious to show"
180240,11953,63723,70815,2019-12-15 23:09:48,8,-3.0,-0.8568180075147734,-1.0,0.05259925572436245,True,227,2,-2.0,2.0,2.0,2.0,0.03524229074889868,"Right direction, too few steps"
180251,81018,47103,37430,2019-12-15 23:36:55,12,2.0,0.09848912173402948,0.0,0.033249180301086416,True,432,14,0.07142857142857142,1.0,0.0,0.0,0.04398148148148148,"Right direction, too cautious to show"
180260,23436,63832,119952,2019-12-16 00:00:00,14,-1.0,-0.04281678348928291,-0.0,-0.02843274974839572,False,24,0,0.0,0.0,1.0,1.0,0.08333333333333333,"New route, no community evidence"
180332,44689,64440,38106,2019-12-16 00:00:00,16,1.0,0.0328541867258851,0.0,0.07141701421036238,True,412,0,0.0,0.0,3.0,3.0,0.08980582524271845,"New route, no community evidence"
180333,35461,61943,31269,2019-12-16 00:00:00,17,1.0,-0.008101432457657182,-0.0,-0.029260166949679547,False,62,2,0.0,0.0,0.0,0.0,0.08064516129032258,"Lone dissent, no signal anywhere"
180335,101458,62792,31979,2019-12-16 00:00:00,12,1.0,0.05196103128647884,0.0,0.0017420724768660704,False,121,0,0.0,0.0,0.0,0.0,0.1322314049586777,"New route, no community evidence"
180381,94390,63970,143092,2019-12-16 06:00:00,13,1.0,0.0013667094072744245,0.0,-0.024388890032446004,True,678,0,0.0,0.0,0.0,4.0,0.13274336283185842,"New route, no community evidence"
180382,94390,63974,89288,2019-12-16 06:00:00,15,-1.0,-0.04295285144971838,-0.0,-0.024388890032446004,True,678,0,0.0,0.0,0.0,10.0,0.140117994100295,"New route, no community evidence"
180388,132040,61254,113761,2019-12-16 07:48:50,15,1.0,0.2110050836480972,0.0,0.029236767748497546,False,32,8,0.25,2.0,0.0,2.0,0.0625,"Right direction, too cautious to show"
180410,73306,63995,66386,2019-12-16 09:45:56,13,-1.0,0.048658360590530456,0.0,0.03907722551834897,False,216,0,0.0,0.0,1.0,3.0,0.08333333333333333,"New route, no community evidence"
180548,77905,57149,13318,2019-12-16 18:30:02,12,1.0,0.002398647091000669,0.0,0.0023012328830231735,False,424,9,0.0,0.0,0.0,1.0,0.06839622641509434,"Lone dissent, no signal anywhere"
180565,137469,62068,105446,2019-12-16 19:22:37,14,2.0,-0.12769862514883654,-0.0,-0.014616005442493864,False,23,4,0.0,0.0,0.0,0.0,0.0,"Lone dissent, no signal anywhere"
180566,137469,63933,105446,2019-12-16 19:23:42,13,-3.0,-0.17258900470425698,-0.0,0.0186488455171109,False,24,1,0.0,0.0,5.0,6.0,0.16666666666666666,"Early dissent, confirmed later"
180567,137469,63935,105446,2019-12-16 19:23:58,12,1.0,-0.2816844330420283,-0.0,-0.02367214915600384,False,25,0,0.0,0.0,8.0,9.0,0.04,"New route, no community evidence"
180574,77396,63934,105446,2019-12-16 19:43:00,6,-1.0,-0.20234115085162607,-0.0,-0.008190378372999482,False,66,0,0.0,0.0,0.0,3.0,0.09090909090909091,"New route, no community evidence"
180575,77396,63935,105446,2019-12-16 19:43:13,12,1.0,0.04571577916548189,0.0,-0.015616668328463484,False,67,1,1.0,1.0,7.0,8.0,0.014925373134328358,"Right direction, too cautious to show"
180608,127536,63376,60695,2019-12-16 20:17:06,11,-1.0,-0.28022085304304384,-0.0,-0.02354456169682976,False,160,1,-1.0,1.0,1.0,1.0,0.075,"Right direction, too cautious to show"
180617,44866,63678,32984,2019-12-16 20:38:09,14,1.0,0.1095410302791198,0.0,0.17154349711722797,True,99,2,0.0,0.0,0.0,6.0,0.24242424242424243,"Right direction, too cautious to show"
180628,31487,60432,143867,2019-12-16 20:56:03,16,1.0,0.09632801913313815,0.0,0.013392717345711586,False,19,9,0.1111111111111111,1.0,0.0,3.0,0.0,"Right direction, too cautious to show"
180643,55737,62180,66603,2019-12-16 21:12:04,17,-1.0,-0.24392906341719386,-0.0,-0.0016666792227130601,False,88,7,-0.2857142857142857,2.0,0.0,1.0,0.07954545454545454,"Right direction, too cautious to show"
180644,55737,63340,66603,2019-12-16 21:12:36,14,2.0,-0.000645193238322966,-0.0,-0.007317554242384845,False,89,2,0.0,0.0,0.0,2.0,0.10112359550561797,Other
180645,55737,59803,71304,2019-12-16 21:12:57,14,1.0,0.10941715217812172,0.0,0.008070143002155977,False,90,9,0.2222222222222222,2.0,0.0,3.0,0.1111111111111111,"Right direction, too cautious to show"
180646,55737,63362,66603,2019-12-16 21:13:12,14,1.0,0.010751841633478743,0.0,0.014868097440717072,False,91,2,0.0,0.0,0.0,4.0,0.12087912087912088,"Right direction, too cautious to show"
180674,60188,60944,21,2019-12-16 22:16:44,12,1.0,0.023921440674698962,0.0,0.019083996293758506,False,69,7,0.0,0.0,0.0,0.0,0.07246376811594203,"Lone dissent, no signal anywhere"
180675,60188,59421,2588,2019-12-16 22:16:54,14,-1.0,0.030196369875823168,0.0,0.027957590238242288,False,70,11,0.0,0.0,0.0,0.0,0.014285714285714285,"Lone dissent, no signal anywhere"
180683,124445,62804,113761,2019-12-16 23:00:00,14,-2.0,-0.48629003331292436,-0.0,0.009352764742090895,False,73,1,-2.0,1.0,1.0,2.0,0.0,"Right direction, too cautious to show"
180714,113511,50245,659,2019-12-17 00:00:00,12,-2.0,0.003127101942096102,0.0,0.005090480040236613,False,43,1,0.0,0.0,0.0,0.0,0.023255813953488372,"Lone dissent, no signal anywhere"
180720,113511,55126,45139,2019-12-17 00:00:00,8,-2.0,-0.34827590651289553,-0.0,0.005090480040236613,False,43,2,-1.0,1.0,0.0,0.0,0.023255813953488372,"Right direction, too cautious to show"
180724,35831,63650,71304,2019-12-17 00:00:00,13,-1.0,-0.2354296279341263,-0.0,-0.009331925386344768,False,89,2,-0.5,1.0,1.0,1.0,0.10112359550561797,"Right direction, too cautious to show"
180748,15474,62221,38040,2019-12-17 00:00:00,18,-1.0,-0.24033542648582445,-0.0,-0.20272482290447505,True,77,6,0.0,0.0,0.0,3.0,0.2077922077922078,"Right direction, too cautious to show"
180749,86753,64028,86753,2019-12-17 00:00:00,17,-1.0,-0.022058856647267575,-0.0,-0.011350335668273898,False,299,0,0.0,0.0,0.0,2.0,0.0903010033444816,"New route, no community evidence"
180750,15474,54826,43301,2019-12-17 00:00:00,18,-1.0,-0.38425654127663494,-0.0,-0.20272482290447505,True,77,26,-0.19230769230769232,3.0,0.0,1.0,0.2077922077922078,"Right direction, too cautious to show"
180789,52926,63995,66386,2019-12-17 00:00:00,13,1.0,-0.1889823197576579,-0.0,0.06739421414199288,True,273,1,-1.0,0.0,0.0,2.0,0.10989010989010989,Evidence pointed the other way
180794,53219,63995,66386,2019-12-17 00:00:00,13,-1.0,-0.19886040914876774,-0.0,0.05751612475088304,True,191,1,-1.0,1.0,0.0,2.0,0.02617801047120419,"Right direction, too cautious to show"
180843,35017,63341,66603,2019-12-17 05:37:49,15,-1.0,-0.2980969816649526,-0.0,0.11614574786843852,True,202,2,-1.0,2.0,2.0,2.0,0.04455445544554455,Evidence pointed the other way
180844,35017,63343,71304,2019-12-17 05:38:52,15,-1.0,0.07484637451951585,0.0,0.11325679544098977,True,203,1,0.0,0.0,2.0,3.0,0.04926108374384237,"Early dissent, confirmed later"
180933,121371,61552,73528,2019-12-17 12:05:38,12,1.0,0.06107547445613438,0.0,0.05383858540853114,True,113,12,0.0,0.0,0.0,2.0,0.13274336283185842,"Right direction, too cautious to show"
180999,139838,63773,139759,2019-12-17 18:41:24,15,-3.0,-1.5755342796638883,-2.0,-0.10837095328884307,True,73,2,-3.0,2.0,8.0,8.0,0.3013698630136986,"Right direction, too few steps"
181020,135360,63935,105446,2019-12-17 19:29:49,12,1.0,0.2788663392879401,0.0,0.029951757591146135,False,31,2,1.0,2.0,6.0,7.0,0.0,"Right direction, too cautious to show"
181024,128017,63935,105446,2019-12-17 19:33:54,12,1.0,0.35482256499726833,0.0,-0.014774147379910722,False,34,3,1.0,3.0,5.0,6.0,0.0,"Right direction, too cautious to show"
181051,73715,63723,70815,2019-12-17 20:14:01,8,-3.0,-1.4366784421839087,-1.0,-0.1673920123505202,True,75,3,-2.3333333333333335,3.0,1.0,1.0,0.18666666666666668,"Right direction, too few steps"
181065,105867,62626,66603,2019-12-17 20:33:53,8,2.0,1.2192542687415302,1.0,-0.01530484467373167,False,112,5,2.0,5.0,2.0,3.0,0.044642857142857144,"Right direction, too few steps"
181081,61433,63515,59023,2019-12-17 21:06:04,20,-1.0,-0.3302609571084005,-0.0,-0.2549752140082246,True,229,0,0.0,0.0,0.0,0.0,0.22270742358078602,"New route, no community evidence"
181117,112005,63922,136590,2019-12-17 21:36:34,16,-1.0,-0.1456961118436468,-0.0,-0.1085089904363973,True,51,2,0.0,0.0,0.0,6.0,0.29411764705882354,"Right direction, too cautious to show"
181122,61808,63481,71304,2019-12-17 21:41:37,8,-2.0,-0.848425118908806,-1.0,-0.012621106827645875,False,164,4,-1.5,3.0,0.0,1.0,0.0,"Right direction, too few steps"
181169,99446,63650,71304,2019-12-18 00:00:00,13,-1.0,-0.3764379663795069,-0.0,-0.02147044664480613,False,21,3,-0.6666666666666666,2.0,0.0,0.0,0.0,"Right direction, too cautious to show"
181179,100250,63915,20278,2019-12-18 00:00:00,16,-1.0,-0.040435815853074444,-0.0,-0.037319374319145206,False,41,3,0.0,0.0,0.0,7.0,0.14634146341463414,"Right direction, too cautious to show"
181183,46806,62024,76973,2019-12-18 00:00:00,6,-2.0,0.2435066086349948,0.0,-0.015829849317505085,False,156,5,0.4,0.0,0.0,1.0,0.038461538461538464,"Lone dissent, no signal anywhere"
181184,46806,33376,20124,2019-12-18 00:00:00,6,-2.0,-1.046144556570715,-1.0,-0.015829849317505085,False,156,8,-1.5,6.0,1.0,1.0,0.038461538461538464,"Right direction, too few steps"
181235,50420,63749,13318,2019-12-18 00:00:00,16,-2.0,-0.5211134493186882,-1.0,0.03111720544675805,False,170,3,-1.0,2.0,0.0,6.0,0.058823529411764705,"Right direction, too few steps"
181240,127288,57690,44897,2019-12-18 00:00:00,10,2.0,-0.25303822810366566,-0.0,0.053560251976916315,False,49,3,-0.6666666666666666,0.0,0.0,0.0,0.1836734693877551,Evidence pointed the other way
181273,73358,31678,7246,2019-12-18 05:11:13,16,-2.0,-1.3859079227521411,-1.0,0.02150389456807586,False,172,7,-2.0,7.0,0.0,0.0,0.06976744186046512,"Right direction, too few steps"
181317,130808,63935,105446,2019-12-18 07:44:05,12,1.0,0.49945475582101734,0.0,0.0364640348118347,False,19,4,1.0,4.0,4.0,5.0,0.0,"Right direction, too cautious to show"
181325,110052,54808,106708,2019-12-18 08:43:26,17,-1.0,0.3935679665086977,0.0,0.017353470021477937,False,63,7,0.5714285714285714,0.0,0.0,1.0,0.20634920634920634,Evidence pointed the other way
181347,128381,63934,105446,2019-12-18 09:27:40,6,1.0,-0.4084586877639639,-0.0,-0.019382892122821946,False,39,1,-1.0,0.0,0.0,2.0,0.02564102564102564,"Lone dissent, no signal anywhere"
181348,128381,63933,105446,2019-12-18 09:34:38,13,-2.0,-0.823853134688293,-1.0,-0.0017433319565861027,False,40,4,-1.25,3.0,2.0,3.0,0.15,"Right direction, too few steps"
181358,126292,62541,116826,2019-12-18 10:30:11,19,-2.0,-1.0602366796150966,-1.0,-0.03220652182145231,False,60,4,-1.75,4.0,2.0,2.0,0.03333333333333333,"Right direction, too few steps"
181375,93521,61598,62910,2019-12-18 11:58:52,6,1.0,0.32013461231402496,0.0,0.0342169115591294,False,219,2,0.5,1.0,0.0,0.0,0.1598173515981735,"Right direction, too cautious to show"
181376,60269,63531,56344,2019-12-18 12:01:35,15,-2.0,-0.02446288913089153,-0.0,-0.009354149209225233,False,132,0,0.0,0.0,3.0,3.0,0.007575757575757576,"New route, no community evidence"
181387,93521,52020,62910,2019-12-18 13:04:38,16,1.0,0.046384685190484325,0.0,0.03603487095160218,False,222,8,0.0,0.0,0.0,0.0,0.16216216216216217,"Right direction, too cautious to show"
181399,48857,50092,41691,2019-12-18 13:31:15,6,1.0,0.458274822331175,0.0,-0.006565127619338364,False,25,23,0.5217391304347826,12.0,0.0,0.0,0.0,"Right direction, too cautious to show"
181436,139638,56219,70297,2019-12-18 14:30:03,15,-2.0,-1.4089363919822024,-1.0,-0.15733787615376818,True,87,5,-2.0,5.0,2.0,2.0,0.28735632183908044,"Right direction, too few steps"
181437,139638,55845,139551,2019-12-18 14:30:06,16,-2.0,-1.1478872287453257,-1.0,-0.16203190751420882,True,88,2,-2.0,2.0,4.0,4.0,0.29545454545454547,"Right direction, too few steps"
181439,139638,56210,70297,2019-12-18 14:30:29,15,-2.0,-1.0441677068595658,-1.0,-0.17283030617874506,True,90,2,-2.0,2.0,2.0,2.0,0.3111111111111111,"Right direction, too few steps"
181440,139638,62372,139551,2019-12-18 14:30:47,10,-2.0,-0.435334563198607,-0.0,-0.18021016356459638,True,91,0,0.0,0.0,0.0,0.0,0.31868131868131866,"New route, no community evidence"
181441,139638,55842,139551,2019-12-18 14:31:02,15,-2.0,-1.3292085717883089,-1.0,-0.1921984046990816,True,92,3,-2.0,3.0,2.0,2.0,0.32608695652173914,"Right direction, too few steps"
181442,139638,63773,139759,2019-12-18 14:31:06,15,-3.0,-1.9285939074796818,-2.0,-0.1973996733644413,True,93,3,-3.0,3.0,7.0,7.0,0.3333333333333333,"Right direction, too few steps"
181444,139638,56870,139759,2019-12-18 14:31:34,16,-2.0,-1.444008916047651,-1.0,-0.20555381625652472,True,94,3,-2.0,3.0,0.0,0.0,0.3404255319148936,"Right direction, too few steps"
181445,139638,63777,139759,2019-12-18 14:31:39,17,-2.0,-1.4673752717951456,-1.0,-0.20990583635392088,True,95,3,-2.0,3.0,5.0,5.0,0.3473684210526316,"Right direction, too few steps"
181447,139638,56213,70297,2019-12-18 14:32:05,16,-2.0,-1.1134378218701497,-1.0,-0.2140979398067112,True,96,2,-2.0,2.0,0.0,0.0,0.3541666666666667,"Right direction, too few steps"
181454,139638,64053,139551,2019-12-18 14:33:45,12,-2.0,-0.4969940862954984,-0.0,-0.2149300320854014,True,99,0,0.0,0.0,5.0,5.0,0.35353535353535354,"New route, no community evidence"
181455,139638,63510,139551,2019-12-18 14:34:09,8,-3.0,-0.4709178859991327,-0.0,-0.22584204730890717,True,100,0,0.0,0.0,0.0,0.0,0.36,"New route, no community evidence"
181456,139638,64054,139551,2019-12-18 14:34:50,16,-2.0,-0.5742530230105535,-1.0,-0.2439758187695325,True,101,0,0.0,0.0,3.0,3.0,0.36633663366336633,"New route, no community evidence"
181457,139638,64055,139551,2019-12-18 14:35:05,15,-2.0,-0.5775044022742025,-1.0,-0.2542472602112636,True,102,0,0.0,0.0,5.0,5.0,0.37254901960784315,"New route, no community evidence"
181458,139638,64192,139551,2019-12-18 14:35:14,18,-2.0,-0.6207812870349683,-1.0,-0.26444513544381115,True,103,0,0.0,0.0,2.0,2.0,0.3786407766990291,"New route, no community evidence"
181459,139638,64056,139551,2019-12-18 14:35:17,16,-2.0,-0.6135266863084494,-1.0,-0.2742925627918049,True,104,0,0.0,0.0,1.0,1.0,0.38461538461538464,"New route, no community evidence"
181460,139638,63513,139551,2019-12-18 14:35:20,10,-2.0,-0.5662088723711114,-1.0,-0.2841424106587259,True,105,0,0.0,0.0,0.0,0.0,0.3904761904761905,"New route, no community evidence"
181463,139638,62373,139551,2019-12-18 14:38:35,15,-2.0,-0.6287348391016401,-1.0,-0.29364490219495293,True,108,0,0.0,0.0,0.0,0.0,0.39814814814814814,"New route, no community evidence"
181464,55737,62171,71304,2019-12-18 15:11:31,14,1.0,0.4019951664751905,0.0,0.01941115457548814,False,92,6,0.6666666666666666,3.0,0.0,2.0,0.13043478260869565,"Right direction, too cautious to show"
181484,55737,63343,71304,2019-12-18 16:35:53,15,1.0,-0.2297441440064082,-0.0,0.02390493775809229,False,93,2,-0.5,0.0,0.0,2.0,0.13978494623655913,Evidence pointed the other way
181492,55737,62627,66603,2019-12-18 16:54:43,19,-2.0,0.593771670403629,1.0,0.03308203020343985,False,94,5,1.0,1.0,0.0,0.0,0.0851063829787234,Evidence pointed the other way
181500,100250,63469,20278,2019-12-18 17:33:35,16,-2.0,-0.1307693115529512,-0.0,-0.04722243678429151,False,44,9,-0.1111111111111111,1.0,0.0,7.0,0.1590909090909091,"Right direction, too cautious to show"
181507,81768,61537,659,2019-12-18 17:49:19,13,1.0,-0.2977252959484234,-0.0,0.051254108457180675,True,347,3,-0.6666666666666666,0.0,0.0,0.0,0.11239193083573487,Evidence pointed the other way
181518,145302,61330,136590,2019-12-18 17:53:01,12,-1.0,0.09091401003747984,0.0,-0.06990149544549018,True,57,8,0.25,0.0,0.0,3.0,0.07017543859649122,"Lone dissent, no signal anywhere"
181560,19507,62572,123761,2019-12-18 19:25:15,12,1.0,-0.036107668785761986,-0.0,-0.014737647335266692,False,33,0,0.0,0.0,0.0,1.0,0.030303030303030304,"New route, no community evidence"
181622,59320,57637,25544,2019-12-18 21:10:36,21,1.0,-0.029538730837706348,-0.0,0.001946990626487495,False,58,2,0.0,0.0,0.0,0.0,0.017241379310344827,"Lone dissent, no signal anywhere"
181646,28263,63855,128128,2019-12-18 21:46:35,6,2.0,0.2879429078849982,0.0,0.19430953823071895,True,142,1,0.0,0.0,0.0,2.0,0.24647887323943662,"Right direction, too cautious to show"
181654,28263,56445,128128,2019-12-18 21:50:28,13,1.0,0.2580206923389209,0.0,0.20847966737219084,True,144,3,0.0,0.0,1.0,1.0,0.25,"Early dissent, confirmed later"
181694,91563,63854,128128,2019-12-18 23:27:26,12,-2.0,-0.029092830260870596,-0.0,-0.04612342967822678,False,80,1,0.0,0.0,1.0,2.0,0.05,"Early dissent, confirmed later"
181697,39005,61659,37719,2019-12-18 23:57:52,11,-1.0,-0.26791944351235164,-0.0,0.018421225239192072,False,30,1,-1.0,1.0,1.0,1.0,0.03333333333333333,"Right direction, too cautious to show"
181699,39005,61019,37719,2019-12-18 23:58:57,6,2.0,0.5054653557922866,1.0,0.00849825860482724,False,32,1,2.0,1.0,0.0,0.0,0.03125,"Right direction, too few steps"
181708,98858,57036,136590,2019-12-19 00:00:00,19,-1.0,-0.32439408050108565,-0.0,-0.16056680003380508,True,39,6,-0.16666666666666666,2.0,0.0,1.0,0.3076923076923077,"Right direction, too cautious to show"
181768,52926,64366,62844,2019-12-19 00:00:00,12,1.0,0.12471527413228697,0.0,0.06741752015509975,True,276,0,0.0,0.0,1.0,1.0,0.11231884057971014,"New route, no community evidence"
181769,52926,64368,62844,2019-12-19 00:00:00,12,1.0,0.12471527413228697,0.0,0.06741752015509975,True,276,0,0.0,0.0,0.0,2.0,0.11231884057971014,"New route, no community evidence"
181770,52926,64369,62844,2019-12-19 00:00:00,10,-2.0,0.14489927107324063,0.0,0.06741752015509975,True,276,0,0.0,0.0,4.0,5.0,0.04710144927536232,"New route, no community evidence"
181774,53219,64369,62844,2019-12-19 00:00:00,10,-2.0,0.13213379508978168,0.0,0.054652044171640796,True,196,0,0.0,0.0,4.0,5.0,0.030612244897959183,"New route, no community evidence"
181796,102361,62631,62910,2019-12-19 00:00:00,15,1.0,0.43261934027989957,0.0,-0.0010640767238976384,False,168,2,1.0,2.0,0.0,1.0,0.14285714285714285,"Right direction, too cautious to show"
181817,94390,64154,89288,2019-12-19 06:00:00,10,-2.0,0.0065847355585127235,0.0,-0.023991026729237228,True,683,0,0.0,0.0,0.0,3.0,0.14055636896046853,"New route, no community evidence"
181844,145638,58910,89289,2019-12-19 07:32:57,6,2.0,0.07479857995828935,0.0,0.03949754590555924,False,68,4,0.0,0.0,0.0,1.0,0.04411764705882353,"Lone dissent, no signal anywhere"
181865,143093,56941,129969,2019-12-19 09:00:00,12,2.0,0.44986264969781065,0.0,-0.006154239660785717,False,23,10,0.6,3.0,0.0,0.0,0.0,"Right direction, too cautious to show"
181894,11913,62947,21,2019-12-19 10:58:17,14,-1.0,-0.4142086112364329,-0.0,0.005348783122843546,False,188,4,-0.75,3.0,2.0,2.0,0.010638297872340425,"Right direction, too cautious to show"
181909,129255,63933,105446,2019-12-19 12:15:49,13,-2.0,-1.034902293166467,-1.0,-0.06619671987342347,False,35,5,-1.4,4.0,1.0,2.0,0.22857142857142856,"Right direction, too few steps"
181920,132047,56619,132130,2019-12-19 12:59:05,11,1.0,0.37606124542280667,0.0,-0.06023202730273075,True,84,16,0.5,9.0,1.0,1.0,0.07142857142857142,"Right direction, too cautious to show"
181958,150406,64087,87535,2019-12-19 14:23:55,17,-1.0,-0.08407161261061599,-0.0,-0.01904377740616749,False,20,0,0.0,0.0,0.0,0.0,0.1,"New route, no community evidence"
181975,145508,56655,129197,2019-12-19 15:37:50,13,1.0,0.030255210752105428,0.0,0.010511044401603171,False,30,7,0.0,0.0,0.0,1.0,0.13333333333333333,"Right direction, too cautious to show"
182005,59485,62626,66603,2019-12-19 17:48:41,8,2.0,1.281534303696843,1.0,-0.03857177985207907,False,166,6,2.0,6.0,1.0,2.0,0.006024096385542169,"Right direction, too few steps"
182068,81018,63714,37428,2019-12-19 21:15:03,12,1.0,0.03208417205214899,0.0,0.03890688904420488,True,440,4,0.0,0.0,1.0,5.0,0.045454545454545456,"Right direction, too cautious to show"
182077,59576,59941,85027,2019-12-19 21:41:37,15,1.0,-0.023779331467014483,-0.0,0.16645035440244987,True,137,2,-0.5,0.0,0.0,0.0,0.24087591240875914,Evidence pointed the other way
182092,128038,63933,105446,2019-12-19 22:03:16,13,-2.0,-1.109747130282603,-1.0,-0.03265834593968501,False,42,6,-1.5,5.0,0.0,1.0,0.16666666666666666,"Right direction, too few steps"
182096,125349,64196,70297,2019-12-19 22:06:31,15,-1.0,-0.21539846341313093,-0.0,0.008592488060808454,False,31,0,0.0,0.0,0.0,0.0,0.12903225806451613,"New route, no community evidence"
182103,106491,64369,62844,2019-12-19 22:10:13,10,-2.0,-0.7751782412206953,-1.0,0.008243335827349277,False,53,2,-2.0,2.0,2.0,3.0,0.018867924528301886,"Right direction, too few steps"
182143,108282,46862,106546,2019-12-19 23:43:13,9,2.0,0.07869213608361782,0.0,0.004268997134624778,False,66,14,0.07142857142857142,2.0,0.0,0.0,0.07575757575757576,"Right direction, too cautious to show"
182155,82647,62200,82647,2019-12-20 00:00:00,20,-2.0,-0.47948901716811176,-0.0,0.07179546059776659,True,150,1,-2.0,1.0,0.0,0.0,0.04,"Right direction, too cautious to show"
182179,44642,62719,92233,2019-12-20 00:00:00,21,-1.0,-0.3402356698898122,-0.0,0.0007090325451311911,False,360,1,-1.0,1.0,0.0,0.0,0.025,"Right direction, too cautious to show"
182183,44642,63377,100394,2019-12-20 00:00:00,18,1.0,-0.030707132128013338,-0.0,0.0007090325451311911,False,360,0,0.0,0.0,0.0,0.0,0.016666666666666666,"New route, no community evidence"
182197,41174,61721,43301,2019-12-20 00:00:00,19,1.0,0.11982043959493131,0.0,0.019139475745568926,False,78,5,0.2,1.0,0.0,0.0,0.01282051282051282,"Right direction, too cautious to show"
182212,143993,56599,129197,2019-12-20 00:04:32,6,1.0,0.473271637709485,0.0,0.010754959377505114,False,21,13,0.5384615384615384,7.0,0.0,0.0,0.09523809523809523,"Right direction, too cautious to show"
182223,137850,64284,129143,2019-12-20 03:12:34,15,1.0,-0.10708092681448869,-0.0,-0.07197495288449361,False,36,0,0.0,0.0,0.0,5.0,0.0,"New route, no community evidence"
182302,86757,64229,113255,2019-12-20 12:56:13,14,-1.0,-0.020794988766748696,-0.0,-0.013835014804538519,False,188,0,0.0,0.0,0.0,4.0,0.015957446808510637,"New route, no community evidence"
182381,50748,61902,20278,2019-12-20 16:37:13,16,-2.0,-0.12073007440650087,-0.0,-0.1298344710299338,True,30,11,0.0,0.0,0.0,2.0,0.43333333333333335,"Right direction, too cautious to show"
182384,50748,57166,20278,2019-12-20 16:39:49,19,-1.0,-0.1781039096778012,-0.0,-0.14852030709520475,True,33,7,0.0,0.0,0.0,3.0,0.42424242424242425,"Right direction, too cautious to show"
182392,26546,63343,71304,2019-12-20 17:00:36,15,-1.0,-0.06498779465909574,-0.0,-0.018599287991744044,False,271,3,0.0,1.0,1.0,1.0,0.025830258302583026,"Right direction, too cautious to show"
182418,10948,64411,436,2019-12-20 19:06:33,16,1.0,0.047983705315698816,0.0,0.043909578709486995,False,155,1,0.0,0.0,0.0,3.0,0.09032258064516129,"Lone dissent, no signal anywhere"
182422,137660,59867,123411,2019-12-20 19:10:21,6,1.0,0.39311101422684835,0.0,0.032314259978559884,False,24,3,0.6666666666666666,2.0,1.0,1.0,0.125,"Right direction, too cautious to show"
182428,61808,63655,66603,2019-12-20 19:24:39,12,-2.0,-0.8193278671672098,-1.0,-0.019945740295891693,False,171,2,-2.0,2.0,3.0,4.0,0.005847953216374269,"Right direction, too few steps"
182429,61808,62626,66603,2019-12-20 19:25:28,8,2.0,1.365765178135738,1.0,-0.02551562283124508,False,172,7,2.0,7.0,0.0,1.0,0.0,"Right direction, too few steps"
182457,62645,64510,66603,2019-12-20 20:04:52,8,-2.0,0.053815765465978785,0.0,-0.0038335371680754053,False,182,0,0.0,0.0,0.0,4.0,0.13736263736263737,"New route, no community evidence"
182468,62645,62166,71304,2019-12-20 21:05:18,12,-2.0,-0.06672039692429078,-0.0,-0.01296283662095089,False,184,5,0.0,0.0,0.0,0.0,0.14130434782608695,"Right direction, too cautious to show"
182488,121458,61196,96985,2019-12-20 22:03:45,9,-1.0,0.09925633109888299,0.0,0.0008743678064470816,False,40,0,0.0,0.0,3.0,4.0,0.05,"New route, no community evidence"
182503,50748,57243,89530,2019-12-20 22:39:45,18,1.0,-0.2791431500782347,-0.0,-0.15992212982125892,True,35,0,0.0,0.0,0.0,1.0,0.08571428571428572,"New route, no community evidence"
182505,50748,57248,143880,2019-12-20 22:40:19,18,-1.0,-0.18166583168431044,-0.0,-0.14013992794103036,True,37,2,0.0,0.0,0.0,1.0,0.40540540540540543,"Right direction, too cautious to show"
182508,147743,61701,143880,2019-12-20 22:52:13,18,-2.0,-1.3682187664013383,-1.0,0.03219185958046775,False,36,10,-1.8,10.0,0.0,1.0,0.05555555555555555,"Right direction, too few steps"
182540,23606,46826,37417,2019-12-21 00:00:00,10,2.0,0.19341808387468187,0.0,0.2082986242186001,True,138,15,0.0,0.0,0.0,0.0,0.2318840579710145,"Right direction, too cautious to show"
182541,23606,51240,37417,2019-12-21 00:00:00,12,1.0,0.19195447977943206,0.0,0.2082986242186001,True,138,6,0.0,0.0,0.0,0.0,0.2318840579710145,"Right direction, too cautious to show"
182543,23606,59667,37417,2019-12-21 00:00:00,15,1.0,0.17178111893444842,0.0,0.2082986242186001,True,138,9,0.0,0.0,0.0,1.0,0.2318840579710145,"Right direction, too cautious to show"
182584,71179,64183,124641,2019-12-21 00:00:00,6,-2.0,0.05137235516931959,0.0,0.0017566907873236923,False,44,0,0.0,0.0,0.0,0.0,0.022727272727272728,"New route, no community evidence"
182631,94369,64152,89286,2019-12-21 06:42:04,15,-2.0,0.0019436717047128446,0.0,0.02967180172505225,False,222,6,0.0,0.0,1.0,7.0,0.05405405405405406,Other
182632,94369,62141,143092,2019-12-21 06:42:18,12,1.0,0.1680393452498166,0.0,0.022068650719991964,False,223,11,0.18181818181818182,2.0,0.0,4.0,0.07174887892376682,"Right direction, too cautious to show"
182655,50599,63917,113156,2019-12-21 09:24:59,13,1.0,-0.014616453949097418,-0.0,-0.01597763932318939,False,17,0,0.0,0.0,0.0,2.0,0.058823529411764705,"New route, no community evidence"
182770,29756,64174,62909,2019-12-21 14:28:39,8,-3.0,0.02379754439162054,0.0,-0.018015453213008664,False,35,0,0.0,0.0,3.0,3.0,0.17142857142857143,"New route, no community evidence"
182783,83596,47891,62909,2019-12-21 14:47:17,12,-2.0,0.1333547286495724,0.0,0.0711116861526095,True,44,14,0.07142857142857142,0.0,0.0,0.0,0.0,"Lone dissent, no signal anywhere"
182811,145204,54948,123761,2019-12-21 16:02:33,6,-1.0,-0.36067658816457937,-0.0,0.017357568123083072,False,27,2,-1.0,2.0,0.0,0.0,0.14814814814814814,"Right direction, too cautious to show"
182812,59159,56333,107525,2019-12-21 16:07:27,10,2.0,0.0012113581622286394,0.0,0.0022671995065472205,False,56,3,0.0,0.0,0.0,0.0,0.017857142857142856,"Lone dissent, no signal anywhere"
182825,145930,60303,123761,2019-12-21 16:59:51,16,1.0,-0.2603658451403661,-0.0,-0.2012525485595348,True,28,0,0.0,0.0,0.0,0.0,0.03571428571428571,"New route, no community evidence"
182853,139838,64053,139551,2019-12-21 18:00:48,12,-2.0,-0.7762912151164226,-1.0,-0.09136415877777655,True,74,1,-2.0,1.0,4.0,4.0,0.3108108108108108,"Right direction, too few steps"
182854,139838,64054,139551,2019-12-21 18:01:06,16,-2.0,-0.8192462371839916,-1.0,-0.10200510461434165,True,75,1,-2.0,1.0,2.0,2.0,0.32,"Right direction, too few steps"
182855,139838,64056,139551,2019-12-21 18:02:00,16,-2.0,-0.8315715108568319,-1.0,-0.11220288782486144,True,76,1,-2.0,1.0,0.0,0.0,0.32894736842105265,"Right direction, too few steps"
182856,139838,64192,139551,2019-12-21 18:02:17,18,-2.0,-0.8587773652869826,-1.0,-0.12222634995485955,True,77,1,-2.0,1.0,1.0,1.0,0.33766233766233766,"Right direction, too few steps"
182857,139838,56211,70297,2019-12-21 18:03:58,19,-2.0,-1.4267371735690335,-1.0,-0.13195227470575546,True,78,4,-2.25,4.0,0.0,0.0,0.34615384615384615,"Right direction, too few steps"
182859,139838,60985,70297,2019-12-21 18:07:02,16,-2.0,-1.4667263375154056,-1.0,-0.14049900057371595,True,80,8,-1.875,8.0,3.0,3.0,0.3625,"Right direction, too few steps"
182883,130366,64441,38106,2019-12-21 19:11:30,15,-1.0,-0.08383518289578534,-0.0,-0.016330174056895796,False,124,1,0.0,0.0,0.0,0.0,0.04838709677419355,"Lone dissent, no signal anywhere"
182885,130366,64440,38106,2019-12-21 19:13:02,16,1.0,0.18263146387848117,0.0,-0.022173370793605984,False,125,1,1.0,1.0,2.0,2.0,0.032,"Right direction, too cautious to show"
182901,133323,64355,139759,2019-12-21 19:29:52,15,-2.0,-0.9959940854774456,-1.0,-0.027281510219846924,False,19,1,-2.0,1.0,7.0,7.0,0.10526315789473684,"Right direction, too few steps"
182902,133323,64356,139759,2019-12-21 19:30:00,17,-2.0,-1.0353207361821495,-1.0,-0.044141997131717715,False,20,1,-2.0,1.0,5.0,5.0,0.15,"Right direction, too few steps"
182941,14949,62947,21,2019-12-21 20:31:57,14,-1.0,-0.48997186686866784,-0.0,0.0030372133570379014,False,50,5,-0.8,4.0,1.0,1.0,0.0,"Right direction, too cautious to show"
182943,86839,63790,76774,2019-12-21 21:15:01,17,-1.0,0.006733625965678239,0.0,0.033450357150942404,False,255,0,0.0,0.0,1.0,1.0,0.03529411764705882,"New route, no community evidence"
182944,86839,63303,87534,2019-12-21 21:15:21,19,-1.0,-0.0823957471828533,-0.0,0.030049230036193492,False,256,0,0.0,0.0,1.0,1.0,0.0390625,"New route, no community evidence"
182945,86839,64081,87535,2019-12-21 21:15:46,19,-2.0,-0.5372050533105249,-1.0,0.02695965342738155,False,257,1,-2.0,1.0,0.0,0.0,0.042801556420233464,"Right direction, too few steps"
182954,67596,55249,101187,2019-12-21 21:48:26,12,-2.0,-0.3460004088302885,-0.0,-0.016845756777658375,False,16,7,-0.42857142857142855,3.0,0.0,1.0,0.0625,"Right direction, too cautious to show"
182971,133494,62804,113761,2019-12-21 23:00:00,14,-2.0,-0.7979280391160665,-1.0,0.002399664072244624,False,72,2,-2.0,2.0,0.0,1.0,0.0,"Right direction, too few steps"
183034,82214,64515,81680,2019-12-22 00:00:00,15,-1.0,0.008247931376806343,0.0,0.057144984118510656,True,108,1,0.0,0.0,0.0,2.0,0.12962962962962962,Other
183035,82214,63850,81680,2019-12-22 00:00:00,15,-1.0,0.038638979701160314,0.0,0.057144984118510656,True,108,3,0.0,0.0,1.0,1.0,0.12962962962962962,"Early dissent, confirmed later"
183036,71943,64556,92074,2019-12-22 00:00:00,12,2.0,0.5882616678601558,1.0,0.58354395888645,True,326,0,0.0,0.0,0.0,2.0,0.4815950920245399,"New route, no community evidence"
183037,71943,64555,92074,2019-12-22 00:00:00,17,-1.0,0.5382152534555822,1.0,0.58354395888645,True,326,0,0.0,0.0,2.0,2.0,0.05521472392638037,"New route, no community evidence"
183038,17745,63853,81680,2019-12-22 00:00:00,18,-1.0,-0.008137959928953269,-0.0,0.03645789643027251,False,139,1,0.0,0.0,2.0,3.0,0.1510791366906475,"Early dissent, confirmed later"
183040,17745,61292,82215,2019-12-22 00:00:00,20,1.0,-0.03131121362935284,-0.0,0.03645789643027251,False,139,1,0.0,0.0,0.0,0.0,0.18705035971223022,Other
183056,106176,61633,103219,2019-12-22 00:00:00,15,-1.0,-0.24246676994628946,-0.0,0.012978723580834375,False,66,1,-1.0,1.0,0.0,0.0,0.0,"Right direction, too cautious to show"
183084,44642,64043,85986,2019-12-22 00:00:00,13,-1.0,0.04261488235057643,0.0,0.0012086477408897618,False,371,1,0.0,0.0,1.0,2.0,0.026954177897574125,"Early dissent, confirmed later"
183085,44642,63929,85986,2019-12-22 00:00:00,21,-1.0,-0.028071893490805334,-0.0,0.0012086477408897618,False,371,0,0.0,0.0,0.0,0.0,0.026954177897574125,"New route, no community evidence"
183089,109645,63655,66603,2019-12-22 00:00:00,12,-2.0,-1.0274049677934145,-1.0,-0.03302314057492369,False,310,3,-2.0,3.0,2.0,3.0,0.04516129032258064,"Right direction, too few steps"
183091,109645,63343,71304,2019-12-22 00:00:00,15,-1.0,-0.21451251542083327,-0.0,-0.03302314057492369,False,310,4,-0.25,2.0,0.0,0.0,0.04516129032258064,"Right direction, too cautious to show"
183106,65288,64025,38028,2019-12-22 00:00:00,15,1.0,-0.010848513187353987,-0.0,-0.005107226190467098,False,37,4,0.0,0.0,0.0,1.0,0.0,"Lone dissent, no signal anywhere"
183108,135163,56219,70297,2019-12-22 00:04:22,15,-2.0,-1.2890388231913568,-1.0,0.019785104114281884,False,20,6,-2.0,6.0,1.0,1.0,0.1,"Right direction, too few steps"
183109,135163,56212,139551,2019-12-22 00:04:59,14,-2.0,-1.2928352218827075,-1.0,0.008130002242191554,False,21,5,-2.0,5.0,4.0,4.0,0.14285714285714285,"Right direction, too few steps"
183113,104154,64107,87534,2019-12-22 00:39:16,12,-2.0,-0.022613238114437214,-0.0,0.02049384042741197,False,182,1,0.0,0.0,0.0,1.0,0.005494505494505495,"Lone dissent, no signal anywhere"
183115,76265,64053,139551,2019-12-22 01:00:00,12,-2.0,-1.244039242992381,-1.0,-0.1431846636781845,True,37,3,-2.0,3.0,2.0,2.0,0.6216216216216216,"Right direction, too few steps"
183198,95187,64163,91143,2019-12-22 08:00:00,17,-2.0,-0.06446895339414407,-0.0,0.010117999981240926,False,360,0,0.0,0.0,0.0,1.0,0.002777777777777778,"New route, no community evidence"
183205,143581,63531,56344,2019-12-22 08:23:53,15,-2.0,-0.5004283245610873,-1.0,0.010200838395858284,False,127,1,-2.0,1.0,2.0,2.0,0.0,"Right direction, too few steps"
183236,88050,64043,85986,2019-12-22 10:25:09,13,-1.0,-0.185282338162738,-0.0,-0.01694019025829736,False,746,2,-0.5,1.0,0.0,1.0,0.02680965147453083,"Right direction, too cautious to show"
183247,95033,64099,87542,2019-12-22 11:34:22,14,-1.0,-0.004692744450092885,-0.0,-0.029385328396357834,False,81,0,0.0,0.0,0.0,0.0,0.07407407407407407,"New route, no community evidence"
183248,95033,64096,87541,2019-12-22 11:35:27,14,-1.0,-0.04629843492541688,-0.0,-0.03754358458938986,False,82,0,0.0,0.0,0.0,0.0,0.08536585365853659,"New route, no community evidence"
183251,95033,64088,87541,2019-12-22 11:36:33,16,-1.0,-0.07635299759314253,-0.0,-0.044512496414227186,False,85,0,0.0,0.0,0.0,0.0,0.09411764705882353,"New route, no community evidence"
183269,126971,61255,113761,2019-12-22 13:12:47,17,-1.0,-0.0015753124495840112,-0.0,0.006180273941927425,False,38,10,0.0,0.0,0.0,0.0,0.05263157894736842,"Lone dissent, no signal anywhere"
183306,76265,64054,139551,2019-12-22 14:54:48,16,-2.0,-1.1132718712673515,-1.0,-0.15289266480418595,True,38,2,-2.0,2.0,1.0,1.0,0.631578947368421,"Right direction, too few steps"
183307,76265,64055,139551,2019-12-22 14:54:55,15,-2.0,-1.108550527957553,-1.0,-0.16414985089543557,True,39,2,-2.0,2.0,3.0,3.0,0.6410256410256411,"Right direction, too few steps"
183310,150406,63303,87534,2019-12-22 15:07:46,19,-1.0,-0.361316747082899,-0.0,-0.01633345283603971,False,22,1,-1.0,1.0,0.0,0.0,0.13636363636363635,"Right direction, too cautious to show"
183320,126971,62541,116826,2019-12-22 15:12:58,19,-2.0,-1.1509003822810986,-1.0,-0.006052555087561076,False,40,5,-1.8,5.0,1.0,1.0,0.075,"Right direction, too few steps"
183343,64983,35010,59023,2019-12-22 16:24:18,16,-1.0,-0.1306899292508308,-0.0,-0.0030489671766106737,False,232,19,-0.15789473684210525,2.0,0.0,0.0,0.034482758620689655,"Right direction, too cautious to show"
183367,11953,64555,92074,2019-12-22 16:44:12,17,-1.0,-0.3865512933704487,-0.0,0.043724023465510686,True,231,1,-1.0,1.0,1.0,1.0,0.03896103896103896,"Right direction, too cautious to show"
183409,77025,64426,59651,2019-12-22 18:38:48,8,2.0,-0.10119118656721351,-0.0,-0.1093107910568222,True,88,0,0.0,0.0,0.0,1.0,0.056818181818181816,"New route, no community evidence"
183410,77025,64427,59651,2019-12-22 18:40:47,15,-3.0,-0.1374579367002601,-0.0,-0.09302248728498334,True,89,0,0.0,0.0,0.0,1.0,0.16853932584269662,"New route, no community evidence"
183414,61808,63342,66603,2019-12-22 19:29:15,8,2.0,0.4051931601323115,0.0,-0.02097900346981091,False,174,2,1.0,1.0,1.0,1.0,0.005747126436781609,"Right direction, too cautious to show"
183427,20949,63714,37428,2019-12-22 20:20:44,12,1.0,0.07754020062623396,0.0,-0.009544298047028167,False,56,6,0.16666666666666666,1.0,0.0,3.0,0.05357142857142857,"Right direction, too cautious to show"
183449,81018,59649,72763,2019-12-22 21:32:07,13,1.0,0.4909300336088935,0.0,0.040507381465436296,True,442,9,0.6666666666666666,6.0,0.0,0.0,0.04751131221719457,"Right direction, too cautious to show"
183464,140935,64198,70297,2019-12-22 22:51:36,13,-2.0,-0.2586681221512076,-0.0,-0.05014685511895008,False,51,0,0.0,0.0,0.0,0.0,0.17647058823529413,"New route, no community evidence"
183475,139759,64053,139551,2019-12-22 23:38:22,12,-2.0,-1.3350374512396013,-1.0,-0.120917586406661,True,68,4,-2.0,4.0,1.0,1.0,0.4411764705882353,"Right direction, too few steps"
183476,139759,64054,139551,2019-12-22 23:38:27,16,-2.0,-1.2434122568486332,-1.0,-0.12806888149931822,True,69,3,-2.0,3.0,0.0,0.0,0.4492753623188406,"Right direction, too few steps"
183478,139759,64055,139551,2019-12-22 23:38:44,15,-2.0,-1.2325090287727911,-1.0,-0.13115797810941077,True,71,3,-2.0,3.0,2.0,2.0,0.4507042253521127,"Right direction, too few steps"
183479,139759,64192,139551,2019-12-22 23:38:48,18,-2.0,-1.1192244503355424,-1.0,-0.13944905719933032,True,72,2,-2.0,2.0,0.0,0.0,0.4583333333333333,"Right direction, too few steps"
183481,139759,64353,139759,2019-12-22 23:39:15,20,-2.0,-1.216754987509938,-1.0,-0.15132109563492252,True,74,1,-2.0,1.0,1.0,1.0,0.47297297297297297,"Right direction, too few steps"
183482,139759,64354,139759,2019-12-22 23:40:04,8,-3.0,-1.7336607159799802,-2.0,-0.15830328094510449,True,75,2,-3.0,2.0,5.0,5.0,0.48,"Right direction, too few steps"
183483,139759,64355,139759,2019-12-22 23:40:11,15,-2.0,-1.4014186552453076,-1.0,-0.16943637864941333,True,76,2,-2.0,2.0,6.0,6.0,0.4868421052631579,"Right direction, too few steps"
183484,139759,64356,139759,2019-12-22 23:40:16,17,-2.0,-1.4230830492685316,-1.0,-0.1748399891728395,True,77,2,-2.0,2.0,4.0,4.0,0.4935064935064935,"Right direction, too few steps"
183520,72774,59218,70048,2019-12-23 00:00:00,10,2.0,0.02982324118818517,0.0,0.012487990148542499,False,21,4,0.0,0.0,0.0,1.0,0.23809523809523808,"Right direction, too cautious to show"
183620,80337,61659,37719,2019-12-23 08:39:49,11,-1.0,-0.4555977909225309,-0.0,-0.024445664647767706,False,81,2,-1.0,2.0,0.0,0.0,0.06172839506172839,"Right direction, too cautious to show"
183637,12130,62802,106966,2019-12-23 09:24:03,10,3.0,0.023184420045317844,0.0,-0.03691358281888426,False,63,0,0.0,0.0,0.0,0.0,0.07936507936507936,"New route, no community evidence"
183639,12130,62665,106966,2019-12-23 09:27:34,21,1.0,-0.04412617163114802,-0.0,-0.008304761894972668,False,65,0,0.0,0.0,0.0,0.0,0.09230769230769231,"New route, no community evidence"
183640,12130,60237,106966,2019-12-23 09:27:52,14,1.0,0.03451916837619031,0.0,0.0016849387829692719,False,66,1,0.0,0.0,0.0,0.0,0.10606060606060606,"Right direction, too cautious to show"
183641,12130,60238,106966,2019-12-23 09:28:00,17,-1.0,0.02598080315638862,0.0,0.010895418022504046,False,67,1,0.0,0.0,0.0,0.0,0.08955223880597014,"Lone dissent, no signal anywhere"
183642,12130,62663,106966,2019-12-23 09:31:03,17,-1.0,0.011473404159905644,0.0,0.0016265054756105122,False,68,0,0.0,0.0,0.0,1.0,0.10294117647058823,"New route, no community evidence"
183644,137850,64162,129969,2019-12-23 10:21:38,17,-2.0,-0.41630449797061153,-0.0,-0.06028009142910715,False,37,3,-0.6666666666666666,1.0,1.0,1.0,0.16216216216216217,"Right direction, too cautious to show"
183653,139975,64162,129969,2019-12-23 11:46:09,17,-2.0,-0.5201065519992912,-1.0,0.06382682257258995,True,111,4,-1.0,2.0,0.0,0.0,0.08108108108108109,"Right direction, too few steps"
183660,140022,64354,139759,2019-12-23 12:28:32,8,-3.0,-1.7823486040601106,-2.0,0.004557751171598786,False,20,3,-3.0,3.0,4.0,4.0,0.05,"Right direction, too few steps"
183661,140022,64355,139759,2019-12-23 12:28:40,15,-2.0,-1.3535824779938719,-1.0,-0.015403747414475663,False,21,3,-2.0,3.0,5.0,5.0,0.09523809523809523,"Right direction, too few steps"
183662,140022,64356,139759,2019-12-23 12:28:53,17,-2.0,-1.3783962838803918,-1.0,-0.02595460767333299,False,22,3,-2.0,3.0,3.0,3.0,0.13636363636363635,"Right direction, too few steps"
183664,136271,60637,77857,2019-12-23 12:43:41,14,1.0,0.036782559838886376,0.0,0.0008005878995374791,False,18,1,0.0,0.0,0.0,0.0,0.16666666666666666,"Right direction, too cautious to show"
183666,136271,59845,120741,2019-12-23 12:45:43,14,1.0,-0.006129736260834986,-0.0,0.016662624066426795,False,20,2,0.0,0.0,0.0,0.0,0.2,Other
183688,49679,47336,84997,2019-12-23 15:29:46,10,3.0,0.7470154536046427,1.0,-0.022616646423202887,False,274,9,1.0,3.0,0.0,1.0,0.014598540145985401,"Right direction, too few steps"
183719,108282,60971,103219,2019-12-23 16:45:57,6,1.0,0.3526144617249847,0.0,0.02233031890609293,False,70,1,1.0,1.0,0.0,0.0,0.08571428571428572,"Right direction, too cautious to show"
183726,149002,61640,122121,2019-12-23 16:57:50,8,-3.0,-0.7429316986577148,-1.0,-0.013365720118613245,False,20,1,-3.0,1.0,0.0,0.0,0.0,"Right direction, too few steps"
183735,131206,55845,139551,2019-12-23 17:10:47,16,-2.0,-1.3083861864303235,-1.0,-0.1550360679913471,True,51,3,-2.0,3.0,3.0,3.0,0.47058823529411764,"Right direction, too few steps"
183740,112006,60729,136590,2019-12-23 17:15:45,14,-1.0,-0.2599257976228613,-0.0,-0.009527049242602935,False,57,9,-0.3333333333333333,2.0,0.0,2.0,0.03508771929824561,"Right direction, too cautious to show"
183743,145030,63252,89530,2019-12-23 17:20:49,12,1.0,-0.05151996956451483,-0.0,-0.054572791020331655,False,73,7,0.0,0.0,0.0,1.0,0.0,"Lone dissent, no signal anywhere"
183749,139929,64440,38106,2019-12-23 17:35:45,16,1.0,0.3599875421475596,0.0,-0.008809754076042661,False,122,2,1.0,2.0,1.0,1.0,0.00819672131147541,"Right direction, too cautious to show"
183762,81768,49211,87036,2019-12-23 18:30:01,10,2.0,0.060600202456323006,0.0,0.05329651423969742,True,351,5,0.0,0.0,0.0,0.0,0.11396011396011396,"Right direction, too cautious to show"
183825,123726,62575,49641,2019-12-23 20:55:31,6,-1.0,-0.24240547726074996,-0.0,-0.03137510348370133,False,77,1,-1.0,1.0,0.0,0.0,0.1038961038961039,"Right direction, too cautious to show"
183832,114198,64630,42946,2019-12-23 21:14:49,11,-1.0,0.16330480116655813,0.0,0.05169761023922583,False,74,0,0.0,0.0,1.0,1.0,0.02702702702702703,"New route, no community evidence"
183834,66754,64385,63831,2019-12-23 21:22:09,19,2.0,0.019788266803016194,0.0,0.03468222019148406,False,99,0,0.0,0.0,2.0,2.0,0.15151515151515152,"New route, no community evidence"
183839,46400,64528,46652,2019-12-23 21:23:25,17,1.0,-0.1785542046306126,-0.0,-0.0782636223401696,False,24,0,0.0,0.0,0.0,0.0,0.041666666666666664,"New route, no community evidence"
183854,117470,63531,56344,2019-12-23 21:40:16,15,-2.0,-0.8003196853704645,-1.0,0.010737598042578332,False,143,2,-2.0,2.0,1.0,1.0,0.027972027972027972,"Right direction, too few steps"
183873,71943,64552,87145,2019-12-23 21:58:37,12,1.0,0.49987376377768716,0.0,0.5839428513632738,True,328,0,0.0,0.0,0.0,0.0,0.4817073170731707,"New route, no community evidence"
183916,17006,63531,56344,2019-12-24 00:00:00,15,-2.0,-1.0552953258529285,-1.0,-0.044021185251619264,False,92,3,-2.0,3.0,0.0,0.0,0.08695652173913043,"Right direction, too few steps"
184008,145928,63471,20278,2019-12-24 08:39:41,18,1.0,-0.10462952455801466,-0.0,0.021067401580755728,False,85,12,-0.16666666666666666,0.0,0.0,1.0,0.011764705882352941,"Lone dissent, no signal anywhere"
184082,139838,54976,139551,2019-12-24 20:26:51,14,-2.0,-1.3150199464214445,-1.0,-0.12083429032704524,True,81,6,-1.6666666666666667,5.0,0.0,0.0,0.37037037037037035,"Right direction, too few steps"
184085,139838,56868,139759,2019-12-24 20:30:37,19,-2.0,-1.4629174148601427,-1.0,-0.13406394162307012,True,84,6,-1.6666666666666667,5.0,0.0,0.0,0.39285714285714285,"Right direction, too few steps"
184086,139838,56209,139551,2019-12-24 20:30:52,10,-2.0,-1.3930373394808115,-1.0,-0.1384559185459098,True,85,7,-1.7142857142857142,6.0,1.0,1.0,0.4,"Right direction, too few steps"
184087,140987,55844,139551,2019-12-24 20:32:18,10,-2.0,-1.3242699198550032,-1.0,-0.08070645321402797,False,21,4,-2.0,4.0,2.0,2.0,0.42857142857142855,"Right direction, too few steps"
184088,140987,55841,139551,2019-12-24 20:32:47,8,-3.0,-1.7182844505219959,-2.0,-0.09353314886313771,True,22,3,-3.0,3.0,2.0,2.0,0.45454545454545453,"Right direction, too few steps"
184112,52926,59670,37417,2019-12-25 00:00:00,10,2.0,0.04845618055531343,0.0,0.0659293859187589,True,286,13,0.0,0.0,0.0,0.0,0.11538461538461539,"Right direction, too cautious to show"
184115,52926,63713,37417,2019-12-25 00:00:00,13,1.0,0.014025977822525515,0.0,0.0659293859187589,True,286,9,0.0,0.0,0.0,2.0,0.11538461538461539,"Right direction, too cautious to show"
184117,23436,64435,46652,2019-12-25 00:00:00,14,-1.0,-0.10031689305172216,-0.0,-0.033300625566123586,False,25,0,0.0,0.0,0.0,0.0,0.12,"New route, no community evidence"
184121,71943,64665,37417,2019-12-25 00:00:00,13,2.0,0.5568462779511315,1.0,0.5839923262357055,True,330,0,0.0,0.0,0.0,0.0,0.4818181818181818,"New route, no community evidence"
184122,71943,64666,37417,2019-12-25 00:00:00,6,-1.0,0.6268390255273751,1.0,0.5839923262357055,True,330,0,0.0,0.0,1.0,1.0,0.05757575757575758,"New route, no community evidence"
184128,71943,58720,37417,2019-12-25 00:00:00,6,-2.0,0.5861262510678894,1.0,0.5839923262357055,True,330,2,0.0,0.0,0.0,0.0,0.05757575757575758,"Lone dissent, no signal anywhere"
184188,112005,57249,143880,2019-12-25 14:41:42,21,-2.0,-0.3268695621216564,-0.0,-0.12343649893137443,True,56,3,-0.3333333333333333,1.0,0.0,0.0,0.2857142857142857,"Right direction, too cautious to show"
184189,112005,57207,20278,2019-12-25 14:42:55,21,-1.0,-0.3561477614042966,-0.0,-0.14068067970796244,True,57,2,-0.5,1.0,0.0,0.0,0.2982456140350877,"Right direction, too cautious to show"
184197,139561,63688,37417,2019-12-25 16:33:25,8,-2.0,-0.026840193851321213,-0.0,0.01514462860025283,False,50,9,0.0,0.0,0.0,2.0,0.02,"Lone dissent, no signal anywhere"
184280,85938,64456,37417,2019-12-26 00:00:00,14,1.0,-0.03005178421675902,-0.0,0.009989487694709665,False,39,0,0.0,0.0,2.0,3.0,0.05128205128205128,"New route, no community evidence"
184281,85938,64366,62844,2019-12-26 00:00:00,12,1.0,0.27377285930166645,0.0,0.009989487694709665,False,39,1,1.0,1.0,0.0,0.0,0.05128205128205128,"Right direction, too cautious to show"
184283,85938,64369,62844,2019-12-26 00:00:00,10,-2.0,-0.8441297920611581,-1.0,0.009989487694709665,False,39,4,-1.5,3.0,1.0,1.0,0.05128205128205128,"Right direction, too few steps"
184284,125239,61855,77857,2019-12-26 00:00:00,12,1.0,0.12266517223021542,0.0,0.08942407170421302,True,36,4,0.0,0.0,0.0,0.0,0.1388888888888889,"Right direction, too cautious to show"
184285,125239,61847,120741,2019-12-26 00:00:00,14,-1.0,0.0828766286307208,0.0,0.08942407170421302,True,36,3,0.0,0.0,0.0,0.0,0.08333333333333333,"Lone dissent, no signal anywhere"
184287,125239,57144,77857,2019-12-26 00:00:00,14,1.0,0.10858710164629339,0.0,0.08942407170421302,True,36,4,0.0,0.0,0.0,0.0,0.1388888888888889,"Right direction, too cautious to show"
184289,125239,59162,77857,2019-12-26 00:00:00,12,1.0,0.10501553202808057,0.0,0.08942407170421302,True,36,6,0.0,0.0,0.0,0.0,0.1388888888888889,"Right direction, too cautious to show"
184290,125239,60640,77857,2019-12-26 00:00:00,15,1.0,0.10663854003454841,0.0,0.08942407170421302,True,36,2,0.0,0.0,0.0,0.0,0.1388888888888889,"Right direction, too cautious to show"
184293,31126,64555,92074,2019-12-26 00:00:00,17,-2.0,-0.7160745424426312,-1.0,-0.16239753891791506,True,33,2,-1.0,2.0,0.0,0.0,0.30303030303030304,"Right direction, too few steps"
184294,31126,49892,21929,2019-12-26 00:00:00,14,-1.0,-0.10137425423722098,-0.0,-0.16239753891791506,True,33,9,0.1111111111111111,0.0,0.0,0.0,0.30303030303030304,Evidence pointed the other way
184303,15209,63853,81680,2019-12-26 00:00:00,18,-1.0,-0.1942426383284606,-0.0,0.01182060692864424,False,133,3,-0.3333333333333333,1.0,1.0,1.0,0.12781954887218044,"Right direction, too cautious to show"
184334,112600,64666,37417,2019-12-26 00:00:00,6,-2.0,-0.4242826480369452,-0.0,-0.060218641561371154,False,29,1,-1.0,1.0,0.0,0.0,0.13793103448275862,"Right direction, too cautious to show"
184341,94337,64409,89286,2019-12-26 04:57:02,19,1.0,-0.00549189931096726,-0.0,0.08177101232546326,True,180,1,0.0,0.0,0.0,1.0,0.08333333333333333,"Lone dissent, no signal anywhere"
184343,94337,54887,9453,2019-12-26 04:57:30,12,2.0,0.2137756077179619,0.0,0.08628994491465519,True,182,20,0.15,2.0,0.0,1.0,0.08791208791208792,"Right direction, too cautious to show"
184397,124868,63847,116806,2019-12-26 12:10:16,10,-2.0,0.07723912565398254,0.0,-0.009908576936558106,False,48,0,0.0,0.0,0.0,0.0,0.041666666666666664,"New route, no community evidence"
184466,15209,63850,81680,2019-12-26 17:54:19,15,-1.0,-0.16483234570091868,-0.0,0.007189817346045202,False,134,4,-0.25,1.0,0.0,0.0,0.13432835820895522,"Right direction, too cautious to show"
184493,59576,61196,96985,2019-12-26 21:00:56,9,-1.0,-0.012032164625796198,-0.0,0.17041558275998833,True,139,1,-1.0,1.0,2.0,3.0,0.014388489208633094,Evidence pointed the other way
184555,3500,61370,136590,2019-12-27 00:00:00,17,-1.0,-0.39947322316797135,-0.0,-0.0097486293106335,False,17,15,-0.4666666666666667,5.0,0.0,0.0,0.058823529411764705,"Right direction, too cautious to show"
184571,73514,64457,8060,2019-12-27 00:00:00,13,1.0,-0.036149933735288145,-0.0,-0.021089580270448598,False,42,1,0.0,0.0,0.0,0.0,0.07142857142857142,"Lone dissent, no signal anywhere"
184611,94390,64636,143092,2019-12-27 06:00:00,8,-2.0,0.05017967753325857,0.0,-0.02658457204958521,True,691,0,0.0,0.0,0.0,0.0,0.14037626628075253,"New route, no community evidence"
184613,94390,64407,89288,2019-12-27 06:00:00,10,2.0,-0.0024201782996983515,-0.0,-0.02658457204958521,True,691,1,0.0,0.0,0.0,0.0,0.1316931982633864,Other
184614,94390,64152,89286,2019-12-27 06:00:00,15,-2.0,-0.20323109273928258,-0.0,-0.02658457204958521,True,691,10,-0.2,1.0,0.0,3.0,0.14037626628075253,"Right direction, too cautious to show"
184646,120644,62984,119512,2019-12-27 08:35:12,15,2.0,0.33807963374530736,0.0,-0.035066806207126364,False,17,2,1.0,1.0,0.0,0.0,0.17647058823529413,"Right direction, too cautious to show"
184648,120644,64647,119512,2019-12-27 08:37:03,10,3.0,0.04922111382911184,0.0,-0.004935157551318163,False,19,0,0.0,0.0,1.0,1.0,0.21052631578947367,"New route, no community evidence"
184654,38072,58372,41691,2019-12-27 09:31:26,12,1.0,0.059493054192631005,0.0,0.06225236140572506,True,291,15,0.0,0.0,0.0,0.0,0.08247422680412371,"Lone dissent, no signal anywhere"
184661,119506,61196,96985,2019-12-27 10:02:01,9,-1.0,-0.3900424909300972,-0.0,-0.005494924037627276,False,42,2,-1.0,2.0,1.0,2.0,0.07142857142857142,"Right direction, too cautious to show"
184663,38072,63750,13318,2019-12-27 10:07:49,16,1.0,0.042228396932793635,0.0,0.064898650232817,True,293,4,0.0,0.0,0.0,0.0,0.08532423208191127,"Lone dissent, no signal anywhere"
184675,74170,64399,87035,2019-12-27 12:08:23,17,1.0,-0.07426213497781187,-0.0,-0.04740840251470537,False,47,0,0.0,0.0,0.0,0.0,0.1702127659574468,"New route, no community evidence"
184754,56033,63494,127180,2019-12-27 15:08:25,18,-1.0,0.07269742250644695,0.0,0.023963087658583328,False,184,3,0.0,0.0,0.0,0.0,0.09239130434782608,"Lone dissent, no signal anywhere"
184759,143738,61196,96985,2019-12-27 15:28:38,9,-1.0,-0.43487029106984915,-0.0,-0.01249114639891933,False,21,4,-0.75,3.0,0.0,0.0,0.0,"Right direction, too cautious to show"
184760,31373,52590,60714,2019-12-27 15:30:10,14,1.0,0.10249149209353359,0.0,0.10399487589077647,True,169,5,0.0,0.0,0.0,0.0,0.08875739644970414,"Lone dissent, no signal anywhere"
184762,31373,59164,79690,2019-12-27 15:31:13,15,2.0,0.08184635322664272,0.0,0.10805314619083477,True,171,4,0.0,0.0,0.0,0.0,0.0935672514619883,"Lone dissent, no signal anywhere"
184790,110177,64630,42946,2019-12-27 16:47:54,11,-1.0,-0.18965500228602988,-0.0,-0.00818992560696151,False,24,1,-1.0,1.0,0.0,0.0,0.08333333333333333,"Right direction, too cautious to show"
184816,17278,63854,128128,2019-12-27 18:33:06,12,-2.0,-0.3230558153878611,-0.0,0.06473511993953569,False,25,2,-1.0,1.0,0.0,1.0,0.0,"Right direction, too cautious to show"
184821,81768,51002,87036,2019-12-27 18:42:51,10,2.0,0.07921023711411596,0.0,0.057472760905633274,True,357,8,0.0,0.0,0.0,0.0,0.11484593837535013,"Right direction, too cautious to show"
184827,130366,62086,73668,2019-12-27 19:21:04,14,3.0,1.1434285226771068,1.0,-0.016592799429310544,False,133,8,1.625,5.0,0.0,0.0,0.03759398496240601,"Right direction, too few steps"
184837,17278,56445,128128,2019-12-27 19:33:41,13,1.0,0.17031047160975202,0.0,0.03068068246925822,False,29,4,0.25,1.0,0.0,0.0,0.13793103448275862,"Right direction, too cautious to show"
184851,34839,48340,25538,2019-12-27 21:08:58,6,1.0,0.4776158023308733,0.0,0.015156517850619923,False,116,8,0.625,5.0,0.0,0.0,0.02586206896551724,"Right direction, too cautious to show"
184879,126067,64599,122732,2019-12-27 23:55:29,14,-2.0,0.04532040551668875,0.0,0.02333007207069383,False,48,0,0.0,0.0,0.0,1.0,0.0,"New route, no community evidence"
184880,71943,51398,37417,2019-12-28 00:00:00,10,2.0,0.5752310555404219,1.0,0.5757145193755954,True,341,3,0.0,0.0,0.0,0.0,0.4780058651026393,"Right direction, too few steps"
184949,76246,64356,139759,2019-12-28 00:09:21,17,-2.0,-1.4774293239641525,-1.0,-0.013599408605422003,False,17,4,-2.0,4.0,2.0,2.0,0.23529411764705882,"Right direction, too few steps"
184954,126988,62845,123761,2019-12-28 00:13:55,6,1.0,-0.4823617175319811,-0.0,-0.033894599658949934,False,92,3,-1.0,0.0,0.0,0.0,0.03260869565217391,"Lone dissent, no signal anywhere"
185017,107182,59489,132130,2019-12-28 10:43:33,14,-2.0,-0.002109798239955149,-0.0,-0.013582580024231978,False,24,9,0.0,0.0,0.0,0.0,0.08333333333333333,"Lone dissent, no signal anywhere"
185018,107182,62518,129197,2019-12-28 10:43:54,12,-2.0,-0.02255891881173421,-0.0,-0.044319352978569745,False,25,9,0.0,0.0,0.0,0.0,0.12,"Right direction, too cautious to show"
185034,139929,63692,37417,2019-12-28 12:07:00,10,-2.0,-0.9100915070920909,-1.0,-0.006357490732388913,False,125,4,-1.5,3.0,0.0,0.0,0.024,"Right direction, too few steps"
185054,65842,50407,37417,2019-12-28 13:14:47,13,1.0,0.025143114910119932,0.0,0.05589639903455849,True,104,4,0.0,0.0,0.0,0.0,0.09615384615384616,"Lone dissent, no signal anywhere"
185055,65842,59011,37417,2019-12-28 13:16:04,10,2.0,0.06182894312635177,0.0,0.0626214755074714,True,105,2,0.0,0.0,0.0,0.0,0.10476190476190476,"Right direction, too cautious to show"
185059,65842,62766,37417,2019-12-28 13:18:45,16,2.0,0.8192075062744582,1.0,0.07768609503692471,True,107,2,2.0,2.0,0.0,0.0,0.11214953271028037,"Right direction, too few steps"
185061,65842,52284,66386,2019-12-28 13:19:34,14,1.0,-0.14215072569503723,-0.0,0.08567089740671495,True,108,2,-0.5,0.0,0.0,0.0,0.12037037037037036,Evidence pointed the other way
185076,129144,63191,61022,2019-12-28 14:54:37,12,-1.0,0.008455245840283697,0.0,0.0008075463210358875,False,52,11,0.0,0.0,0.0,1.0,0.0,"Lone dissent, no signal anywhere"
185128,114060,63544,69406,2019-12-28 17:10:53,16,1.0,0.0367079632093377,0.0,0.02222147749807858,False,105,4,0.0,0.0,0.0,2.0,0.1523809523809524,"Right direction, too cautious to show"
185138,114060,63542,69406,2019-12-28 17:34:19,15,-2.0,0.04833488505578526,0.0,0.0288193679208719,False,106,4,0.0,0.0,0.0,2.0,0.10377358490566038,Other
185160,102168,64354,139759,2019-12-28 19:27:23,8,-3.0,-2.267514325535374,-2.0,-0.05590324520289391,False,21,6,-3.0,6.0,1.0,1.0,0.2857142857142857,"Right direction, too few steps"
185164,22614,33376,20124,2019-12-28 19:31:36,6,-2.0,-1.0889822401210643,-1.0,0.025189749943936083,False,57,9,-1.5555555555555556,7.0,0.0,0.0,0.017543859649122806,"Right direction, too few steps"
185179,139205,56216,70297,2019-12-28 20:26:20,17,-3.0,-1.1464213660770814,-1.0,-0.03328141373351452,False,32,6,-1.6666666666666667,5.0,1.0,1.0,0.21875,"Right direction, too few steps"
185180,140987,56209,139551,2019-12-28 20:27:52,10,-2.0,-1.4159458999330092,-1.0,-0.10408116725024034,True,23,8,-1.75,7.0,0.0,0.0,0.4782608695652174,"Right direction, too few steps"
185206,126693,62541,116826,2019-12-28 23:00:00,19,-2.0,-1.2520936936041782,-1.0,-0.010817931008307722,False,58,6,-1.8333333333333333,6.0,0.0,0.0,0.034482758620689655,"Right direction, too few steps"
185213,89319,54355,87535,2019-12-28 23:02:24,18,-2.0,-0.11762309762140624,-0.0,-0.07375898656108609,True,126,4,0.0,0.0,0.0,0.0,0.1746031746031746,"Right direction, too cautious to show"
185284,27856,64385,63831,2019-12-29 00:00:00,19,2.0,0.5104664152920622,1.0,0.016446536651766104,False,69,1,2.0,1.0,1.0,1.0,0.014492753623188406,"Right direction, too few steps"
185287,52926,64458,37417,2019-12-29 00:00:00,16,1.0,0.00992804482566962,0.0,0.07562769826133073,True,291,1,0.0,0.0,1.0,1.0,0.12027491408934708,"Early dissent, confirmed later"
185289,53219,64458,37417,2019-12-29 00:00:00,16,1.0,-0.020971044061531996,-0.0,0.04472860937412912,True,209,1,0.0,0.0,1.0,1.0,0.07177033492822966,"Early dissent, confirmed later"
185290,45501,63151,38028,2019-12-29 00:00:00,13,2.0,0.49886558762847366,0.0,0.06432549559787129,True,243,4,0.75,2.0,0.0,0.0,0.0823045267489712,"Right direction, too cautious to show"
185291,45501,63152,38028,2019-12-29 00:00:00,14,-1.0,0.0686073511871119,0.0,0.06432549559787129,True,243,7,0.0,0.0,0.0,0.0,0.012345679012345678,"Lone dissent, no signal anywhere"
185294,45501,60113,41691,2019-12-29 00:00:00,15,-1.0,0.04609619882469447,0.0,0.06432549559787129,True,243,11,0.0,0.0,0.0,1.0,0.012345679012345678,"Lone dissent, no signal anywhere"
185300,117169,44611,43248,2019-12-29 00:00:00,8,-3.0,-1.9050312492661252,-2.0,-0.023485685099637534,False,24,5,-3.0,5.0,0.0,0.0,0.125,"Right direction, too few steps"
185301,53219,64456,37417,2019-12-29 00:00:00,14,1.0,0.26295942678606776,0.0,0.04472860937412912,True,209,1,1.0,1.0,1.0,2.0,0.07177033492822966,"Right direction, too cautious to show"
185304,101418,63723,70815,2019-12-29 00:00:00,8,-3.0,-1.6222884318275768,-2.0,-0.13012250600613218,True,136,4,-2.5,4.0,0.0,0.0,0.10294117647058823,"Right direction, too few steps"
185320,105867,63655,66603,2019-12-29 00:00:00,12,-2.0,-1.1475478467297366,-1.0,-0.014801012919891022,False,116,4,-2.0,4.0,1.0,2.0,0.04310344827586207,"Right direction, too few steps"
185325,36485,61539,659,2019-12-29 00:00:00,22,-1.0,-0.11970717728629218,-0.0,-0.004073755856750087,False,75,0,0.0,0.0,0.0,0.0,0.13333333333333333,"New route, no community evidence"
185398,66889,64385,63831,2019-12-29 07:39:12,19,2.0,0.8119438353525474,1.0,0.009814962187224887,False,66,2,2.0,2.0,0.0,0.0,0.09090909090909091,"Right direction, too few steps"
185415,94369,62990,89288,2019-12-29 09:08:58,15,2.0,0.12097185051211241,0.0,0.026974316150715025,False,235,6,0.16666666666666666,1.0,0.0,0.0,0.07234042553191489,"Right direction, too cautious to show"
185417,107108,63323,12190,2019-12-29 09:20:24,18,1.0,-0.04800075511748028,-0.0,-0.009739893795109117,False,34,1,0.0,0.0,0.0,0.0,0.08823529411764706,"Lone dissent, no signal anywhere"
185429,145414,61946,69406,2019-12-29 10:51:38,17,1.0,0.0002469565453859651,0.0,0.02262145621250214,False,29,1,0.0,0.0,0.0,0.0,0.06896551724137931,"Lone dissent, no signal anywhere"
185444,110052,52289,98418,2019-12-29 12:07:53,16,-1.0,-0.015840478539840618,-0.0,0.0048808619036114775,False,64,6,0.0,0.0,0.0,0.0,0.21875,"Right direction, too cautious to show"
185458,55737,61005,71304,2019-12-29 13:35:26,13,1.0,-0.36977229385821825,-0.0,0.023878700657409418,False,96,6,-0.5,0.0,0.0,0.0,0.14583333333333334,Evidence pointed the other way
185476,144498,60984,139551,2019-12-29 15:30:48,14,-2.0,-1.4931276666229427,-1.0,-0.09934935924370915,True,22,10,-1.8,9.0,3.0,3.0,0.5454545454545454,"Right direction, too few steps"
185517,150406,63790,76774,2019-12-29 16:58:00,17,-1.0,-0.30252411155030445,-0.0,-0.02409106812331987,False,23,1,-1.0,1.0,0.0,0.0,0.17391304347826086,"Right direction, too cautious to show"
185530,35017,62173,66603,2019-12-29 17:29:47,22,-1.0,0.2003015359834997,0.0,0.11029735886436429,True,209,2,0.5,0.0,0.0,0.0,0.05263157894736842,"Lone dissent, no signal anywhere"
185558,80309,64174,62909,2019-12-29 19:26:08,8,-3.0,-0.7310440752919545,-1.0,-0.015815261536043228,False,120,1,-3.0,1.0,2.0,2.0,0.03333333333333333,"Right direction, too few steps"
185571,145321,56620,132130,2019-12-29 20:04:24,12,1.0,0.1609945652753626,0.0,0.0680376248550462,False,22,10,0.1,1.0,0.0,0.0,0.2727272727272727,"Right direction, too cautious to show"
185572,87227,64456,37417,2019-12-29 20:05:18,14,1.0,0.16635168910110557,0.0,-0.12649306203130783,True,76,3,0.6666666666666666,2.0,0.0,0.0,0.0,Evidence pointed the other way
185594,71943,64685,57680,2019-12-29 22:17:13,10,2.0,0.5866065451160266,1.0,0.5762524637985239,True,344,1,0.0,0.0,0.0,0.0,0.47674418604651164,"Right direction, too few steps"
185633,56750,49293,106966,2019-12-30 00:00:00,13,1.0,-0.43136624350284025,-0.0,-0.0612665065310917,False,45,2,-1.0,0.0,0.0,0.0,0.044444444444444446,"Lone dissent, no signal anywhere"
185641,38884,57383,102621,2019-12-30 00:00:00,16,-1.0,0.547653967431683,1.0,-0.09081791700249359,True,60,2,2.0,0.0,0.0,0.0,0.2,Evidence pointed the other way
185645,65198,64369,62844,2019-12-30 00:00:00,10,-2.0,-0.9743335541329139,-1.0,0.029849920663061733,False,125,5,-1.6,4.0,0.0,0.0,0.032,"Right direction, too few steps"
185691,81228,63351,123411,2019-12-30 00:00:00,20,-1.0,-0.00859364309472066,-0.0,0.03752585036148832,False,48,0,0.0,0.0,0.0,0.0,0.08333333333333333,"New route, no community evidence"
185727,145638,62613,89288,2019-12-30 06:00:00,12,-2.0,0.049338307045589794,0.0,0.051892431793271646,False,77,18,0.0,0.0,0.0,1.0,0.0,"Lone dissent, no signal anywhere"
185730,122447,64647,119512,2019-12-30 06:00:00,10,3.0,0.7986960693705707,1.0,-0.004571337063465057,False,59,1,3.0,1.0,0.0,0.0,0.01694915254237288,"Right direction, too few steps"
185739,74170,64307,659,2019-12-30 06:34:15,13,-1.0,-0.053049482585300324,-0.0,-0.039373065974635385,False,48,1,0.0,0.0,0.0,0.0,0.16666666666666666,"Right direction, too cautious to show"
185741,43104,64403,89286,2019-12-30 06:40:47,13,-1.0,0.046132911748844915,0.0,0.05220161572224817,True,288,5,0.0,0.0,0.0,0.0,0.020833333333333332,"Lone dissent, no signal anywhere"
185771,137837,55841,139551,2019-12-30 07:44:10,8,-3.0,-2.028740483075102,-2.0,-0.07915031630466833,True,82,5,-3.0,5.0,0.0,0.0,0.2926829268292683,"Right direction, too few steps"
185772,137837,55842,139551,2019-12-30 07:44:14,15,-2.0,-1.4298754805605343,-1.0,-0.087062564882191,True,83,5,-2.0,5.0,0.0,0.0,0.30120481927710846,"Right direction, too few steps"
185773,137837,64053,139551,2019-12-30 07:44:40,12,-2.0,-1.3983367378101121,-1.0,-0.09168881117262215,True,84,5,-2.0,5.0,0.0,0.0,0.30952380952380953,"Right direction, too few steps"
185774,137837,64055,139551,2019-12-30 07:44:45,15,-2.0,-1.333662653464733,-1.0,-0.09653800772858345,True,85,4,-2.0,4.0,1.0,1.0,0.3176470588235294,"Right direction, too few steps"
185804,138066,64709,129969,2019-12-30 13:20:57,13,1.0,-0.044852210584031896,-0.0,-0.04218348922034381,False,41,3,0.0,0.0,0.0,0.0,0.04878048780487805,"Lone dissent, no signal anywhere"
185829,42405,44696,31807,2019-12-30 15:13:03,10,2.0,0.3927745209046622,0.0,0.0032483355847519133,False,27,3,0.6666666666666666,1.0,0.0,0.0,0.1111111111111111,"Right direction, too cautious to show"
185871,139838,64055,139551,2019-12-30 18:02:26,15,-2.0,-1.4538050815322932,-1.0,-0.12684409801894608,True,88,5,-2.0,5.0,0.0,0.0,0.3977272727272727,"Right direction, too few steps"
185872,139838,56210,70297,2019-12-30 18:03:06,15,-2.0,-1.1882119601633505,-1.0,-0.13181719607221626,True,89,3,-2.0,3.0,1.0,1.0,0.4044943820224719,"Right direction, too few steps"
185874,139838,56216,70297,2019-12-30 18:04:01,17,-2.0,-1.4505445765831606,-1.0,-0.14120235649487223,True,91,7,-1.8571428571428572,6.0,0.0,0.0,0.4175824175824176,"Right direction, too few steps"
185875,139740,56210,70297,2019-12-30 18:17:00,15,-2.0,-1.2952893671903973,-1.0,-0.1200364873646284,True,20,4,-2.0,4.0,0.0,0.0,0.85,"Right direction, too few steps"
185891,83596,64174,62909,2019-12-30 18:38:30,8,-3.0,-1.1261491897536375,-1.0,0.04488952851333528,False,49,2,-3.0,2.0,1.0,1.0,0.02040816326530612,"Right direction, too few steps"
185892,127536,62828,113761,2019-12-30 18:38:51,14,-2.0,-0.03308202594417357,-0.0,-0.021211960763566472,False,165,0,0.0,0.0,0.0,0.0,0.07878787878787878,"New route, no community evidence"
185905,59576,59172,85027,2019-12-30 19:33:07,16,1.0,0.1457519230511069,0.0,0.16676878555154936,True,140,0,0.0,0.0,0.0,0.0,0.24285714285714285,"New route, no community evidence"
185917,57968,55631,2588,2019-12-30 20:35:59,17,1.0,0.07402644712579107,0.0,0.012705592753136439,False,146,11,0.09090909090909091,1.0,0.0,0.0,0.0273972602739726,"Right direction, too cautious to show"
185932,125899,64864,67311,2019-12-30 21:17:44,6,1.0,0.09323710326495802,0.0,-0.03609055356258761,False,40,0,0.0,0.0,0.0,0.0,0.1,"New route, no community evidence"
185935,59485,63655,66603,2019-12-30 21:24:10,12,-2.0,-1.1486610952019416,-1.0,-0.035737741805104126,False,172,6,-1.6666666666666667,5.0,0.0,0.0,0.05232558139534884,"Right direction, too few steps"
185950,82214,63853,81680,2019-12-31 00:00:00,18,-2.0,-0.27771625670716327,-0.0,0.044518824922049866,False,111,4,-0.5,2.0,0.0,0.0,0.14414414414414414,"Right direction, too cautious to show"
186001,146078,55844,139551,2019-12-31 01:41:55,10,-2.0,-1.424708539981794,-1.0,-0.03616214888794505,False,16,6,-2.0,6.0,0.0,0.0,0.5,"Right direction, too few steps"
186044,87934,63937,119512,2019-12-31 06:00:00,22,-1.0,0.06290349813842515,0.0,0.08417027567558888,True,28,1,0.0,0.0,0.0,0.0,0.10714285714285714,Other
186109,94,63372,60695,2019-12-31 23:00:00,15,-1.0,-0.2005626418809732,-0.0,0.024274578514768462,False,38,2,-0.5,1.0,0.0,0.0,0.0,"Right direction, too cautious to show"
186110,94,63374,60695,2019-12-31 23:00:00,17,-1.0,-0.2790073039726261,-0.0,0.024274578514768462,False,38,1,-1.0,1.0,0.0,0.0,0.0,"Right direction, too cautious to show"
186111,94,63376,60695,2019-12-31 23:00:00,11,-1.0,-0.3776415738068284,-0.0,0.024274578514768462,False,38,2,-1.0,2.0,0.0,0.0,0.0,"Right direction, too cautious to show"
186115,94,63848,116806,2019-12-31 23:00:00,13,-1.0,0.06453719594768685,0.0,0.024274578514768462,False,38,1,0.0,0.0,0.0,0.0,0.0,"Lone dissent, no signal anywhere"
186121,150244,63342,66603,2019-12-31 23:07:23,8,2.0,0.7005056884811257,1.0,0.0094840964291664,False,21,3,1.3333333333333333,2.0,0.0,0.0,0.0,"Right direction, too few steps"
186125,102134,64174,62909,2019-12-31 23:30:36,8,-3.0,-1.5375506096642197,-2.0,-0.054265079529081994,True,319,3,-3.0,3.0,0.0,0.0,0.0877742946708464,"Right direction, too few steps"
186131,86533,63798,69406,2019-12-31 23:39:15,17,1.0,-0.009207484973803776,-0.0,0.0067917403202357295,False,199,2,0.0,0.0,0.0,0.0,0.10050251256281408,Other
186132,150435,56619,132130,2019-12-31 23:39:45,11,1.0,0.4548301478924881,0.0,-0.010428627662050627,False,40,17,0.5294117647058824,10.0,0.0,0.0,0.025,"Right direction, too cautious to show"
186147,35461,49663,31269,2020-01-01 00:00:00,16,-1.0,-0.39558573096410926,-0.0,-0.020554150489804832,False,63,2,-1.0,2.0,0.0,0.0,0.06349206349206349,"Right direction, too cautious to show"
186148,35461,61934,31269,2020-01-01 00:00:00,19,1.0,0.22700933322602343,0.0,-0.020554150489804832,False,63,1,1.0,1.0,0.0,0.0,0.09523809523809523,"Right direction, too cautious to show"
